<?xml version="1.0" encoding="utf-8"?>
<window>
	<defaultcontrol always="true">599</defaultcontrol>
	<views>599,50,51,52,53</views>
	<menucontrol>9000</menucontrol>
	<controls>
		<include condition="!Skin.HasSetting(HideVideoBackgrounds)">CommonVideoPlayingBackground</include>
		<control type="group">
			<visible>![Player.HasVideo + !Skin.HasSetting(HideVideoBackgrounds)]</visible>
			<control type="multiimage">
				<left>0</left>
				<top>0</top>
				<width>1920</width>
				<height>1080</height>
				<imagepath fallback="special://skin/backgrounds/background-settings.jpg" background="true">$INFO[Skin.String(Custom_Back_Settings_Folder)]</imagepath>
				<aspectratio>scale</aspectratio>
				<timeperimage>5000</timeperimage>
				<randomize>true</randomize>
				<fadetime>2000</fadetime>
				<include condition="Skin.HasSetting(AnimateBackgrounds)">backgroundanimation</include>
				<include>VisibleFadeEffect</include>
				<visible>String.IsEmpty(ListItem.Art(fanart))</visible>
			</control>
			<control type="image">
				<left>0</left>
				<top>0</top>
				<width>1920</width>
				<height>1080</height>
				<texture background="true">$INFO[ListItem.Art(fanart)]</texture>
				<aspectratio>scale</aspectratio>
				<fadetime>FanartCrossfadeTime</fadetime>
				<include>VisibleFadeEffect</include>
				<include condition="Skin.HasSetting(AnimateFanart)">backgroundanimation</include>
				<visible>!String.IsEmpty(ListItem.Art(fanart))</visible>
			</control>
			<control type="image">
				<left>266</left>
				<top>169</top>
				<width>1391</width>
				<height>744</height>
				<texture diffuse="panel-diffuse.png">special://skin/backgrounds/addons.jpg</texture>
				<animation effect="zoom" start="788,458,345,208" end="266,169,1391,744" time="300">WindowOpen</animation>
				<animation effect="zoom" start="266,169,1391,744" end="788,458,345,208" time="300" delay="350">WindowClose</animation>
				<animation effect="slide" start="0,0" end="112,0" time="200" delay="200" tween="quadratic" easing="out" condition="Skin.HasSetting(WideSideMenuButtons) + ControlGroup(9000).HasFocus">Conditional</animation>
				<include>ContentFade</include>
				<animation effect="slide" start="0,0" end="1050,174" time="300" tween="quadratic" easing="out" condition="Control.IsVisible(50) + !Skin.HasSetting(FanartShort) + !Skin.HasSetting(FanartLong)">Conditional</animation>
				<animation effect="zoom" start="266,169,1391,744" end="1314,550,1005,537" time="300" tween="quadratic" easing="out" condition="Control.IsVisible(50) + Skin.HasSetting(FanartShort)">Conditional</animation>
				<animation effect="zoom" start="266,169,1391,744" end="1314,-18,2109,1134" time="300" tween="quadratic" easing="out" condition="Control.IsVisible(50) + Skin.HasSetting(FanartLong)">Conditional</animation>
			</control>
		</control>
		<include condition="!Skin.HasSetting(HideVisBackgrounds)">CommonVisualizationBackground</include>
		<control type="group">
			<include>ContentPanel</include>
			<include>ContentFade</include>
			<animation effect="fade" start="0" end="100" time="350" delay="350">WindowOpen</animation>
			<animation effect="fade" start="100" end="0" time="350">WindowClose</animation>
			<include condition="!Skin.HasSetting(Hide-Addons-List)">List</include>
			<include condition="!Skin.HasSetting(Hide-Addons-FullList)">FullList</include>
			<include condition="!Skin.HasSetting(Hide-Addons-Thumbnail)">Thumbnail</include>
			<include>MediaInfo-AddOns</include>
			<include>Fanart-ProgramsPicturesAddons</include>
			<include>AllViewCommonPageControls</include>
			<include>ScrollOffsetLabel</include>
			<animation effect="slide" start="0,0" end="1045,174" time="300" tween="quadratic" easing="out" condition="Control.IsVisible(50) + !Skin.HasSetting(FanartShort) + !Skin.HasSetting(FanartLong)">Conditional</animation>
			<animation effect="slide" start="0,0" end="1045,393" time="300" tween="quadratic" easing="out" condition="Control.IsVisible(50) + Skin.HasSetting(FanartShort)">Conditional</animation>
			<animation effect="slide" start="0,0" end="1045,-190" time="300" tween="quadratic" easing="out" condition="Control.IsVisible(50) + Skin.HasSetting(FanartLong)">Conditional</animation>
			<animation effect="slide" start="0,0" end="112,0" time="200" delay="200" tween="quadratic" easing="out" condition="Skin.HasSetting(WideSideMenuButtons) + ControlGroup(9000).HasFocus">Conditional</animation>
		</control>
		<control type="group">
			<include>ContentFade2</include>
			<include>Fanart-Addons-Extras</include>
		</control>
		<control type="group">
			<top>34</top>
			<include>ContentFade</include>
			<include>Window_OpenClose_Left_Panel_Animation</include>
			<control type="group" id="9000">
				<include condition="!Skin.HasSetting(WideSideMenuButtons)">Window_OpenClose_Left_Panel_Position_Normal</include>
				<include condition="Skin.HasSetting(WideSideMenuButtons)">Window_OpenClose_Left_Panel_Position_Wide</include>
				<include>SideMenuAnim</include>
				<control type="image">
					<left>0</left>
					<top>-24</top>
					<height>24</height>
					<texture border="0,0,10,0">shadow-top2.png</texture>
					<include condition="!Skin.HasSetting(WideSideMenuButtons)">ButtonCommonValuesNormal</include>
					<include condition="Skin.HasSetting(WideSideMenuButtons)">ButtonCommonValuesWide</include>
				</control>
				<control type="button" id="2">
					<description>View As button</description>
					<left>0</left>
					<top>0</top>
					<include>ButtonCommonValues</include>
					<label></label>
					<onleft>50</onleft>
					<onright>50</onright>
					<onup>610</onup>
					<ondown>3</ondown>
				</control>
				<control type="button" id="3">
					<description>Sort by button</description>
					<left>0</left>
					<top>68</top>
					<include>ButtonCommonValues</include>
					<label>103</label>
					<onleft>50</onleft>
					<onright>4</onright>
					<onup>2</onup>
					<ondown>5</ondown>
				</control>
				<control type="togglebutton" id="4">
					<description>Sort asc</description>
					<top>94</top>
					<width>22</width>
					<height>22</height>
					<label></label>
					<onleft>3</onleft>
					<onright>50</onright>
					<onup>2</onup>
					<ondown>5</ondown>
					<include condition="!Skin.HasSetting(WideSideMenuButtons)">ToggleButtonNormal</include>
					<include condition="Skin.HasSetting(WideSideMenuButtons)">ToggleButtonWide</include>
				</control>
				<control type="button" id="5">
					<description>Addon settings</description>
					<left>0</left>
					<top>135</top>
					<include>ButtonCommonValues</include>
					<label>10004</label>
					<onleft>50</onleft>
					<onright>50</onright>
					<onup>4</onup>
					<ondown>9</ondown>
				</control>
				<control type="button" id="9">
					<description>Manual update</description>
					<left>0</left>
					<top>202</top>
					<include>ButtonCommonValues</include>
					<label>24034</label>
					<onleft>50</onleft>
					<onright>50</onright>
					<onup>5</onup>
					<ondown>7</ondown>
				</control>
				<control type="radiobutton" id="7">
					<description>Hide foreign</description>
					<left>0</left>
					<top>270</top>
					<include>ButtonCommonValues</include>
					<label>25001</label>
					<onleft>50</onleft>
					<onright>50</onright>
					<onup>9</onup>
					<ondown>8</ondown>
				</control>
				<control type="radiobutton" id="8">
					<description>Hide broken</description>
					<left>0</left>
					<top>338</top>
					<include>ButtonCommonValues</include>
					<label>24999</label>
					<onleft>50</onleft>
					<onright>50</onright>
					<onup>7</onup>
					<ondown>610</ondown>
				</control>
				<control type="button" id="610">
					<description>PlayerControls</description>
					<left>0</left>
					<top>405</top>
					<include>ButtonCommonValues</include>
					<label>16003</label>
					<onleft>50</onleft>
					<onright>50</onright>
					<onup>8</onup>
					<ondown>2</ondown>
					<onclick>ActivateWindow(playercontrols)</onclick>
					<visible>Player.HasAudio | Player.HasVideo</visible>
				</control>
			</control>
		</control>
		<control type="group">
			<include>VisibleFadeEffect</include>
			<include>ContentFade</include>
			<animation effect="slide" start="0,0" end="0,-930" time="0" condition="Control.IsVisible(50) + !Skin.HasSetting(FanartLong)">Conditional</animation>
			<animation effect="slide" start="0,0" end="-210,-930" time="0" condition="Control.IsVisible(50) + Skin.HasSetting(FanartLong)">Conditional</animation>
			<visible>!String.IsEmpty(ListItem.AddonLifecycleDesc)</visible>
			<control type="image">
				<left>360</left>
				<top>945</top>
				<width>1200</width>
				<height>123</height>
				<texture diffuse="underlay-diffuse.png" border="0,10,0,10">underlay4.png</texture>
			</control>
			<control type="label">
				<left>60</left>
				<top>966</top>
				<width>1800</width>
				<height>90</height>
				<align>center</align>
				<aligny>top</aligny>
				<label>$LOCALIZE[24096]</label>
				<textcolor>white</textcolor>
				<shadowcolor>black</shadowcolor>
				<font>font-20</font>
			</control>
			<control type="label">
				<left>60</left>
				<top>1011</top>
				<width>1800</width>
				<height>90</height>
				<align>center</align>
				<aligny>top</aligny>
				<label>$INFO[ListItem.AddonLifecycleDesc]</label>
				<textcolor>white</textcolor>
				<shadowcolor>black</shadowcolor>
				<font>font-20</font>
			</control>
		</control>
		<control type="group">
			<include>ContentFade</include>
			<include>Window_OpenClose_Header_Animation</include>
			<animation effect="slide" start="0,0" end="0,-82" time="300" tween="quadratic" easing="out" condition="Control.IsVisible(50) + Skin.HasSetting(FanartLong)">Conditional</animation>
			<control type="image">
				<left>0</left>
				<top>0</top>
				<width>1920</width>
				<height>82</height>
				<texture border="1">Header.png</texture>
			</control>
			<include condition="!Skin.HasSetting(TopbarDateTime)">CommonDateTime</include>
			<include>CommonFileCount</include>
			<control type="grouplist">
				<include>Breadcrumbs</include>
				<include>Breadcrumbs-Settings-Addons</include>
			</control>
		</control>
		<include condition="Skin.HasSetting(TouchScreenMode)">TouchScreenControls</include>
		<include condition="Skin.HasSetting(DebugMode)">debuginfo</include>
	</controls>
</window>
