<?xml version="1.0" encoding="utf-8"?>
<includes>
	<default type="button">
		<width>1320</width>
		<height>52</height>
		<label></label>
		<texturefocus border="7">list-focus.png</texturefocus>
		<texturenofocus border="7">list-nofocus.png</texturenofocus>
		<font>font-20</font>
		<textcolor>white</textcolor>
		<focusedcolor>white</focusedcolor>
		<disabledcolor>darkgrey</disabledcolor>
		<invalidcolor>red</invalidcolor>
		<textoffsetx>10</textoffsetx>
		<aligny>center</aligny>
		<pulseonselect>true</pulseonselect>
	</default>
	<default type="edit">
		<left>0</left>
		<top>0</top>
		<width>450</width>
		<height>45</height>
		<texturefocus border="7">list-focus.png</texturefocus>
		<texturenofocus border="7">list-nofocus.png</texturenofocus>
		<font>font-20</font>
		<textcolor>white</textcolor>
		<disabledcolor>darkgrey</disabledcolor>
		<invalidcolor>red</invalidcolor>
		<textoffsetx>10</textoffsetx>
		<aligny>center</aligny>
		<pulseonselect>true</pulseonselect>
	</default>
	<default type="fadelabel">
		<left>0</left>
		<top>0</top>
		<font>font-20</font>
		<textcolor>white</textcolor>
		<scrollspeed>90</scrollspeed>
	</default>
	<default type="image">
		<left>0</left>
		<top>0</top>
		<texture></texture>
	</default>
	<default type="label">
		<label></label>
		<font>font-20</font>
		<textcolor>white</textcolor>
		<scrollsuffix>     -     </scrollsuffix>
		<scrollspeed>90</scrollspeed>
	</default>
	<default type="mover">
		<left>0</left>
		<top>0</top>
		<texturefocus border="7">list-focus.png</texturefocus>
		<texturenofocus border="7">list-nofocus.png</texturenofocus>
	</default>
	<default type="progress">
		<left>0</left>
		<top>0</top>
		<texturebg border="10,0,10,0">Progress-Back.png</texturebg>
		<lefttexture></lefttexture>
		<midtexture border="10,0,10,0">Progress-Mid.png</midtexture>
		<righttexture></righttexture>
		<overlaytexture></overlaytexture>
	</default>
	<default type="radiobutton">
		<left>0</left>
		<top>0</top>
		<width>1320</width>
		<height>52</height>
		<radiowidth>36</radiowidth>
		<radioheight>36</radioheight>
		<textureradioonfocus>radiobutton-on.png</textureradioonfocus>
		<textureradioonnofocus>radiobutton-on.png</textureradioonnofocus>
		<textureradioofffocus>radiobutton-off.png</textureradioofffocus>
		<textureradiooffnofocus>radiobutton-off.png</textureradiooffnofocus>
		<textureradioondisabled colordiffuse="40FFFFFF">radiobutton-on.png</textureradioondisabled>
		<textureradiooffdisabled colordiffuse="40FFFFFF">radiobutton-off.png</textureradiooffdisabled>
		<texturefocus border="7">list-focus.png</texturefocus>
		<texturenofocus border="7">list-nofocus.png</texturenofocus>
		<label></label>
		<font>font-20</font>
		<textcolor>white</textcolor>
		<focusedcolor>white</focusedcolor>
		<disabledcolor>darkgrey</disabledcolor>
		<textoffsetx>10</textoffsetx>
		<aligny>center</aligny>
	</default>
	<default type="resize">
		<left>0</left>
		<top>0</top>
		<texturefocus border="7">list-focus.png</texturefocus>
		<texturenofocus border="7">list-nofocus.png</texturenofocus>
	</default>
	<default type="slider">
		<controloffsetx>75</controloffsetx>
		<controloffsety>0</controloffsety>
		<orientation>horizontal</orientation>
	</default>
	<default type="sliderex">
		<height>45</height>
		<textoffsetx>10</textoffsetx>
		<aligny>center</aligny>
		<texturefocus border="7">list-focus.png</texturefocus>
		<texturenofocus border="7">list-nofocus.png</texturenofocus>
		<sliderwidth>150</sliderwidth>
		<sliderheight>20</sliderheight>
		<texturesliderbar>osd_slider_bg.png</texturesliderbar>
		<textureslidernib>osd_slider_nibNF.png</textureslidernib>
		<textureslidernibfocus>osd_slider_nib.png</textureslidernibfocus>
		<font>font-20</font>
		<textcolor>white</textcolor>
		<focusedcolor>white</focusedcolor>
		<disabledcolor>darkgrey</disabledcolor>
	</default>
	<default type="spincontrol">
		<left>0</left>
		<top>0</top>
		<textureup>scroll-up-2.png</textureup>
		<texturedown>scroll-down-2.png</texturedown>
		<textureupfocus>scroll-up-focus-2.png</textureupfocus>
		<texturedownfocus>scroll-down-focus-2.png</texturedownfocus>
		<textureupdisabled colordiffuse="40FFFFFF">scroll-up-2.png</textureupdisabled>
		<texturedowndisabled colordiffuse="40FFFFFF">scroll-down-2.png</texturedowndisabled>
		<align>right</align>
		<width>50</width>
		<height>33</height>
		<font>font-20</font>
		<reverse>true</reverse>
		<textcolor>white</textcolor>
		<disabledcolor>darkgrey</disabledcolor>
		<subtype>text</subtype>
		<textoffsetx>-8</textoffsetx>
		<textoffsety>0</textoffsety>
		<pulseonselect>true</pulseonselect>
	</default>
	<default type="spincontrolex">
		<left>0</left>
		<top>0</top>
		<width>450</width>
		<height>45</height>
		<spinwidth>50</spinwidth>
		<spinheight>33</spinheight>
		<texturefocus border="7">list-focus.png</texturefocus>
		<texturenofocus></texturenofocus>
		<textureup>scroll-up-2.png</textureup>
		<texturedown>scroll-down-2.png</texturedown>
		<textureupfocus>scroll-up-focus-2.png</textureupfocus>
		<texturedownfocus>scroll-down-focus-2.png</texturedownfocus>
		<textureupdisabled colordiffuse="40FFFFFF">scroll-up-2.png</textureupdisabled>
		<texturedowndisabled colordiffuse="40FFFFFF">scroll-down-2.png</texturedowndisabled>
		<font>font-20</font>
		<textcolor>white</textcolor>
		<disabledcolor>darkgrey</disabledcolor>
		<textoffsetx>10</textoffsetx>
		<aligny>center</aligny>
		<reverse>true</reverse>
		<pulseonselect>true</pulseonselect>
	</default>
	<default type="textbox">
		<left>0</left>
		<top>0</top>
		<width>615</width>
		<height>320</height>
		<textcolor>white</textcolor>
		<font>font-20</font>
	</default>
	<default type="togglebutton">
		<left>0</left>
		<top>0</top>
		<width>30</width>
		<height>30</height>
		<texturefocus>scroll-up-focus.png</texturefocus>
		<texturenofocus>scroll-up.png</texturenofocus>
		<alttexturefocus>scroll-down-focus.png</alttexturefocus>
		<alttexturenofocus>scroll-down.png</alttexturenofocus>
		<textcolor>white</textcolor>
		<label></label>
		<font>font-20</font>
		<disabledcolor>darkgrey</disabledcolor>
		<pulseonselect>true</pulseonselect>
	</default>
</includes>
