<?xml version="1.0" encoding="utf-8"?>
<window>
	<defaultcontrol always="true">21</defaultcontrol>
	<include>dialogeffect7</include>
	<coordinates>
		<left>0</left>
		<top>319</top>
	</coordinates>
	<controls>
		<control type="image">
			<left>686</left>
			<top>21</top>
			<width>549</width>
			<height>400</height>
			<texture border="32">dialog.png</texture>
		</control>
		<control type="button">
			<left>1119</left>
			<top>60</top>
			<width>30</width>
			<height>30</height>
			<texturefocus>close-window-focus.png</texturefocus>
			<texturenofocus>close-window-nofocus.png</texturenofocus>
			<onclick>Dialog.Close(numericinput )</onclick>
			<visible>Skin.HasSetting(TouchScreenMode)</visible>
		</control>
		<control type="label" id="1">
			<description>dialog Heading</description>
			<left>766</left>
			<top>60</top>
			<width>387</width>
			<height>45</height>
			<font>font-17</font>
			<textcolor>blue</textcolor>
			<align>center</align>
			<aligny>center</aligny>
			<wrapmultiline>true</wrapmultiline>
		</control>
		<control type="label" id="4">
			<left>766</left>
			<top>98</top>
			<width>387</width>
			<height>45</height>
			<font>font-20</font>
			<align>center</align>
			<aligny>center</aligny>
		</control>
		<control type="image">
			<left>726</left>
			<top>146</top>
			<width>469</width>
			<height>2</height>
			<texture>separator.png</texture>
		</control>
		<control type="group">
			<left>736</left>
			<top>158</top>
			<control type="button" id="11">
				<description>1 button</description>
				<left>0</left>
				<top>0</top>
				<width>72</width>
				<height>72</height>
				<font>font-23</font>
				<align>center</align>
				<aligny>center</aligny>
				<texturenofocus border="10">key-digit-nofocus.png</texturenofocus>
				<texturefocus border="10">key-focus.png</texturefocus>
				<label>12311</label>
				<onleft>21</onleft>
				<onright>12</onright>
				<onup>23</onup>
				<ondown>17</ondown>
			</control>
			<control type="button" id="12">
				<description>2 button</description>
				<left>75</left>
				<top>0</top>
				<width>72</width>
				<height>72</height>
				<font>font-23</font>
				<align>center</align>
				<aligny>center</aligny>
				<texturenofocus border="10">key-digit-nofocus.png</texturenofocus>
				<texturefocus border="10">key-focus.png</texturefocus>
				<label>12312</label>
				<onleft>11</onleft>
				<onright>13</onright>
				<onup>23</onup>
				<ondown>18</ondown>
			</control>
			<control type="button" id="13">
				<description>3 button</description>
				<left>150</left>
				<top>0</top>
				<width>72</width>
				<height>72</height>
				<font>font-23</font>
				<align>center</align>
				<aligny>center</aligny>
				<texturenofocus border="10">key-digit-nofocus.png</texturenofocus>
				<texturefocus border="10">key-focus.png</texturefocus>
				<label>12313</label>
				<onleft>12</onleft>
				<onright>14</onright>
				<onup>23</onup>
				<ondown>19</ondown>
			</control>
			<control type="button" id="14">
				<description>4 button</description>
				<left>225</left>
				<top>0</top>
				<width>72</width>
				<height>72</height>
				<font>font-23</font>
				<align>center</align>
				<aligny>center</aligny>
				<texturenofocus border="10">key-digit-nofocus.png</texturenofocus>
				<texturefocus border="10">key-focus.png</texturefocus>
				<label>12314</label>
				<onleft>13</onleft>
				<onright>15</onright>
				<onup>21</onup>
				<ondown>10</ondown>
			</control>
			<control type="button" id="15">
				<description>5 button</description>
				<left>300</left>
				<top>0</top>
				<width>72</width>
				<height>72</height>
				<font>font-23</font>
				<align>center</align>
				<aligny>center</aligny>
				<texturenofocus border="10">key-digit-nofocus.png</texturenofocus>
				<texturefocus border="10">key-focus.png</texturefocus>
				<label>12315</label>
				<onleft>14</onleft>
				<onright>16</onright>
				<onup>21</onup>
				<ondown>20</ondown>
			</control>
			<control type="button" id="16">
				<description>6 button</description>
				<left>375</left>
				<top>0</top>
				<width>72</width>
				<height>72</height>
				<font>font-23</font>
				<align>center</align>
				<aligny>center</aligny>
				<texturenofocus border="10">key-digit-nofocus.png</texturenofocus>
				<texturefocus border="10">key-focus.png</texturefocus>
				<label>12316</label>
				<onleft>15</onleft>
				<onright>17</onright>
				<onup>21</onup>
				<ondown>22</ondown>
			</control>
			<control type="button" id="17">
				<description>7 button</description>
				<left>0</left>
				<top>75</top>
				<width>72</width>
				<height>72</height>
				<font>font-23</font>
				<align>center</align>
				<aligny>center</aligny>
				<texturenofocus border="10">key-digit-nofocus.png</texturenofocus>
				<texturefocus border="10">key-focus.png</texturefocus>
				<label>12317</label>
				<onleft>16</onleft>
				<onright>18</onright>
				<onup>11</onup>
				<ondown>23</ondown>
			</control>
			<control type="button" id="18">
				<description>8 button</description>
				<left>75</left>
				<top>75</top>
				<width>72</width>
				<height>72</height>
				<font>font-23</font>
				<align>center</align>
				<aligny>center</aligny>
				<texturenofocus border="10">key-digit-nofocus.png</texturenofocus>
				<texturefocus border="10">key-focus.png</texturefocus>
				<label>12318</label>
				<onleft>17</onleft>
				<onright>19</onright>
				<onup>12</onup>
				<ondown>23</ondown>
			</control>
			<control type="button" id="19">
				<description>9 button</description>
				<left>150</left>
				<top>75</top>
				<width>72</width>
				<height>72</height>
				<font>font-23</font>
				<align>center</align>
				<aligny>center</aligny>
				<texturenofocus border="10">key-digit-nofocus.png</texturenofocus>
				<texturefocus border="10">key-focus.png</texturefocus>
				<label>12319</label>
				<onleft>18</onleft>
				<onright>10</onright>
				<onup>13</onup>
				<ondown>23</ondown>
			</control>
			<control type="button" id="10">
				<description>0 button</description>
				<left>225</left>
				<top>75</top>
				<width>72</width>
				<height>72</height>
				<font>font-23</font>
				<align>center</align>
				<aligny>center</aligny>
				<texturenofocus border="10">key-digit-nofocus.png</texturenofocus>
				<texturefocus border="10">key-focus.png</texturefocus>
				<label>12310</label>
				<onleft>19</onleft>
				<onright>20</onright>
				<onup>14</onup>
				<ondown>21</ondown>
			</control>
			<control type="button" id="20">
				<description>prev button</description>
				<left>300</left>
				<top>75</top>
				<width>72</width>
				<height>72</height>
				<font>font-23</font>
				<label>&lt;&lt;</label>
				<align>center</align>
				<aligny>center</aligny>
				<texturenofocus border="10">key-digit-nofocus.png</texturenofocus>
				<texturefocus border="10">key-focus.png</texturefocus>
				<onleft>10</onleft>
				<onright>22</onright>
				<onup>15</onup>
				<ondown>21</ondown>
			</control>
			<control type="button" id="22">
				<description>next button</description>
				<left>375</left>
				<top>75</top>
				<width>72</width>
				<height>72</height>
				<font>font-23</font>
				<label>&gt;&gt;</label>
				<align>center</align>
				<aligny>center</aligny>
				<texturenofocus border="10">key-digit-nofocus.png</texturenofocus>
				<texturefocus border="10">key-focus.png</texturefocus>
				<onleft>20</onleft>
				<onright>23</onright>
				<onup>16</onup>
				<ondown>21</ondown>
			</control>
			<control type="button" id="23">
				<description>Backspace button</description>
				<left>0</left>
				<top>150</top>
				<width>222</width>
				<height>72</height>
				<font>font-20</font>
				<align>center</align>
				<aligny>center</aligny>
				<texturenofocus border="10">key-special-nofocus.png</texturenofocus>
				<texturefocus border="10">key-focus.png</texturefocus>
				<label>20181</label>
				<onleft>22</onleft>
				<onright>21</onright>
				<onup>17</onup>
				<ondown>11</ondown>
			</control>
			<control type="button" id="21">
				<description>Done button</description>
				<left>225</left>
				<top>150</top>
				<width>222</width>
				<height>72</height>
				<font>font-20</font>
				<align>center</align>
				<aligny>center</aligny>
				<texturenofocus border="10">key-special-nofocus.png</texturenofocus>
				<texturefocus border="10">key-focus.png</texturefocus>
				<label>20177</label>
				<onleft>23</onleft>
				<onright>11</onright>
				<onup>10</onup>
				<ondown>14</ondown>
			</control>
		</control>
	</controls>
</window>
