<?xml version="1.0" encoding="utf-8"?>
<window>
	<defaultcontrol always="true">5</defaultcontrol>
	<coordinates>
		<left>0</left>
		<top>0</top>
	</coordinates>
	<controls>
		<control type="button" id="20">
			<left>-15</left>
			<top>-15</top>
			<width>1</width>
			<height>1</height>
		</control>
		<control type="image">
			<left>0</left>
			<top>0</top>
			<width>1920</width>
			<height>1080</height>
			<texture>black.png</texture>
			<animation effect="fade" start="0" end="70" time="300">WindowOpen</animation>
			<animation effect="fade" start="70" end="0" time="300">WindowClose</animation>
			<visible>!Window.IsVisible(AddonInformation)</visible>
		</control>
		<control type="group">
			<include>dialogeffect</include>
			<include>DialogFade2</include>
			<control type="button">
				<left>1860</left>
				<top>30</top>
				<width>30</width>
				<height>30</height>
				<texturefocus>close-window-focus.png</texturefocus>
				<texturenofocus>close-window-nofocus.png</texturenofocus>
				<onclick>Dialog.Close(addonsettings)</onclick>
				<visible>Skin.HasSetting(TouchScreenMode)</visible>
			</control>
			<control type="image">
				<left>300</left>
				<top>75</top>
				<width>1320</width>
				<height>98</height>
				<texture diffuse="underlay5-diffuse.png" border="0,10,0,10">underlay4.png</texture>
			</control>
			<control type="button" id="99">
				<left>660</left>
				<top>97</top>
				<width>600</width>
				<height>52</height>
				<label>$LOCALIZE[31100] $INFO[Control.GetLabel(20)]</label>
				<font>font-23</font>
				<textcolor>white</textcolor>
				<focusedcolor>white</focusedcolor>
				<align>center</align>
				<texturenofocus border="7">button-nofocus.png</texturenofocus>
				<texturefocus border="7">button-focus.png</texturefocus>
				<onup>5</onup>
				<ondown>5</ondown>
				<onclick>settingslevelchange</onclick>
			</control>
			<control type="label" id="2">
				<description>heading label</description>
				<left>60</left>
				<top>22</top>
				<width>1800</width>
				<height>45</height>
				<align>center</align>
				<aligny>center</aligny>
				<textcolor>blue</textcolor>
				<font>font-32</font>
				<label></label>
			</control>
			<control type="image">
				<left>0</left>
				<top>81</top>
				<width>1920</width>
				<height>3</height>
				<texture>separator.png</texture>
			</control>
			<control type="grouplist" id="5">
				<description>control settings area</description>
				<left>300</left>
				<top>165</top>
				<width>1320</width>
				<height>786</height>
				<itemgap>-2</itemgap>
				<pagecontrol>61</pagecontrol>
				<onup>99</onup>
				<ondown>28</ondown>
				<onleft>3</onleft>
				<onright>61</onright>
			</control>
			<control type="grouplist" id="3">
				<description>control section area</description>
				<left>0</left>
				<top>165</top>
				<width>300</width>
				<height>802</height>
				<itemgap>-2</itemgap>
				<onup>3</onup>
				<ondown>3</ondown>
				<onleft>5</onleft>
				<onright>5</onright>
			</control>
			<control type="scrollbar" id="61">
				<left>1635</left>
				<top>165</top>
				<width>30</width>
				<height>789</height>
				<texturesliderbackground border="0,10,0,10">scrollbar-back.png</texturesliderbackground>
				<texturesliderbar border="0,10,0,10">scrollbar-front-nofocus.png</texturesliderbar>
				<texturesliderbarfocus border="0,10,0,10">scrollbar-front.png</texturesliderbarfocus>
				<textureslidernib>scrollbar-nib-nofocus.png</textureslidernib>
				<textureslidernibfocus>scrollbar-nib.png</textureslidernibfocus>
				<onleft>5</onleft>
				<onright>28</onright>
				<showonepage>false</showonepage>
				<orientation>vertical</orientation>
			</control>
			<control type="button" id="7">
				<description>Default Settings Button</description>
				<height>45</height>
				<font>font-20</font>
				<texturefocus border="7">list-focus.png</texturefocus>
				<texturenofocus border="7">list-nofocus.png</texturenofocus>
			</control>
			<control type="button" id="10">
				<description>Default Section Button</description>
				<width>300</width>
				<include>ButtonCommonValues</include>
			</control>
			<control type="radiobutton" id="8">
				<description>Default RadioButton</description>
				<height>45</height>
				<font>font-20</font>
				<texturefocus border="7">list-focus.png</texturefocus>
				<texturenofocus border="7">list-nofocus.png</texturenofocus>
			</control>
			<control type="spincontrolex" id="9">
				<description>Default spincontrolex</description>
				<height>45</height>
				<texturefocus border="7">list-focus.png</texturefocus>
				<texturenofocus border="7">list-nofocus.png</texturenofocus>
				<font>font-20</font>
				<aligny>center</aligny>
				<reverse>true</reverse>
			</control>
			<control type="image" id="11">
				<description>Default Seperator</description>
				<height>3</height>
				<texture>separator.png</texture>
			</control>
			<control type="edit" id="12">
				<description>Default Edit</description>
				<height>45</height>
				<font>font-20</font>
				<textcolor>white</textcolor>
				<focusedcolor>white</focusedcolor>
				<texturefocus border="7">list-focus.png</texturefocus>
				<texturenofocus border="7">list-nofocus.png</texturenofocus>
			</control>
			<control type="label" id="14">
				<description>separator label</description>
				<label />
				<height>38</height>
				<font>font-20</font>
				<align>center</align>
				<aligny>bottom</aligny>
				<textcolor>blue</textcolor>
			</control>
			<control type="sliderex" id="13">
				<description>Default Slider</description>
				<height>45</height>
				<texturefocus border="7">list-focus.png</texturefocus>
				<texturenofocus border="7">list-nofocus.png</texturenofocus>
				<font>font-20</font>
				<textcolor>white</textcolor>
				<focusedcolor>white</focusedcolor>
			</control>
			<control type="image">
				<left>0</left>
				<top>968</top>
				<width>1920</width>
				<height>3</height>
				<texture>separator.png</texture>
			</control>
			<control type="group" id="9001">
				<control type="button" id="28">
					<description>OK Button</description>
					<left>510</left>
					<top>998</top>
					<width>300</width>
					<height>52</height>
					<align>center</align>
					<aligny>center</aligny>
					<texturefocus border="7">button-nofocus.png</texturefocus>
					<texturenofocus border="7">button-nofocus.png</texturenofocus>
					<label>186</label>
					<onleft>30</onleft>
					<onright>29</onright>
					<onup>5</onup>
					<ondown>5</ondown>
				</control>
				<control type="button" id="29">
					<description>Cancel Button</description>
					<left>810</left>
					<top>998</top>
					<width>300</width>
					<height>52</height>
					<align>center</align>
					<aligny>center</aligny>
					<texturefocus border="7">button-nofocus.png</texturefocus>
					<texturenofocus border="7">button-nofocus.png</texturenofocus>
					<label>222</label>
					<onleft>28</onleft>
					<onright>30</onright>
					<onup>5</onup>
					<ondown>5</ondown>
				</control>
				<control type="button" id="30">
					<description>Defaults Button</description>
					<left>1110</left>
					<top>998</top>
					<width>300</width>
					<height>52</height>
					<align>center</align>
					<aligny>center</aligny>
					<texturefocus border="7">button-nofocus.png</texturefocus>
					<texturenofocus border="7">button-nofocus.png</texturenofocus>
					<label>409</label>
					<onleft>29</onleft>
					<onright>28</onright>
					<onup>5</onup>
					<ondown>5</ondown>
				</control>
				<control type="image">
					<left>510</left>
					<top>998</top>
					<width>300</width>
					<height>52</height>
					<texture border="7">button-focus.png</texture>
					<animation effect="slide" start="0,0" end="300,0" time="200" condition="Control.HasFocus(29)">Conditional</animation>
					<animation effect="slide" start="0,0" end="600,0" time="200" condition="Control.HasFocus(30)">Conditional</animation>
					<animation effect="fade" start="70" end="100" time="750" pulse="true" condition="true">Conditional</animation>
					<visible>Control.HasFocus(28) | Control.HasFocus(29) | Control.HasFocus(30)</visible>
				</control>
			</control>
		</control>
	</controls>
</window>
