<?xml version="1.0" encoding="utf-8"?>
<window>
	<defaultcontrol always="true">7</defaultcontrol>
	<controls>
		<control type="image">
			<left>0</left>
			<top>0</top>
			<width>1920</width>
			<height>1080</height>
			<texture>black.png</texture>
			<animation effect="fade" start="0" end="70" time="300">WindowOpen</animation>
			<animation effect="fade" start="70" end="0" time="300">WindowClose</animation>
		</control>
		<control type="group">
			<include>DialogFade5</include>
			<control type="image">
				<left>0</left>
				<top>825</top>
				<width>1920</width>
				<height>237</height>
				<texture border="10">underlay.png</texture>
			</control>
			<control type="image">
				<left>12</left>
				<top>758</top>
				<width>315</width>
				<height>315</height>
				<aspectratio scalediffuse="false">keep</aspectratio>
				<texture diffuse="thumb-diffuse.png" background="true">$INFO[Listitem.Icon]</texture>
				<bordersize>6</bordersize>
				<fadetime>IconCrossfadeTime</fadetime>
			</control>
		</control>
		<control type="group">
			<include>DialogFade5</include>
			<animation effect="fade" start="100" end="0" time="200" condition="Window.IsVisible(custom_DialogPlot.xml)">Conditional</animation>
			<control type="label">
				<left>338</left>
				<top>858</top>
				<width>1290</width>
				<height>45</height>
				<font>font-30</font>
				<textcolor>blue</textcolor>
				<shadowcolor>black</shadowcolor>
				<align>left</align>
				<aligny>center</aligny>
				<label>[UPPERCASE]$INFO[ListItem.Title][/UPPERCASE]</label>
			</control>
			<control type="label">
				<left>338</left>
				<top>904</top>
				<width>1500</width>
				<height>30</height>
				<font>font-23</font>
				<textcolor>white</textcolor>
				<shadowcolor>black</shadowcolor>
				<align>left</align>
				<aligny>center</aligny>
				<label>[B]$INFO[ListItem.Date][/B]</label>
			</control>
			<control type="textbox">
				<description>Description Value</description>
				<left>338</left>
				<top>938</top>
				<width>1500</width>
				<height>98</height>
				<font>font-19</font>
				<align>justify</align>
				<textcolor>white</textcolor>
				<pagecontrol>61</pagecontrol>
				<label>$INFO[ListItem.Plot]</label>
				<autoscroll time="2000" delay="8000" repeat="5000">Skin.HasSetting(AutoScroll)</autoscroll>
				<animation effect="fade" time="200">Visible</animation>
				<animation effect="fade" time="200">Hidden</animation>
			</control>
		</control>
		<control type="group">
			<include>dialogeffect4</include>
			<animation effect="fade" start="100" end="0" time="200" condition="Window.IsVisible(custom_DialogPlot.xml)">Conditional</animation>
			<control type="button">
				<left>1860</left>
				<top>30</top>
				<width>30</width>
				<height>30</height>
				<texturefocus>close-window-focus.png</texturefocus>
				<texturenofocus>close-window-nofocus.png</texturenofocus>
				<onclick>Dialog.Close(pvrrecordinginfo)</onclick>
				<visible>Skin.HasSetting(TouchScreenMode)</visible>
			</control>
			<control type="label">
				<description>Title value</description>
				<left>60</left>
				<top>68</top>
				<width>1800</width>
				<height>45</height>
				<align>center</align>
				<aligny>center</aligny>
				<textcolor>blue</textcolor>
				<shadowcolor>black</shadowcolor>
				<label>$INFO[ListItem.Title]</label>
				<font>font-32</font>
			</control>
			<control type="image">
				<left>60</left>
				<top>126</top>
				<width>1800</width>
				<height>3</height>
				<texture>separator.png</texture>
			</control>
			<control type="group">
				<include>VisibleFadeEffect</include>
				<control type="list" id="49">
					<left>120</left>
					<top>210</top>
					<width>1800</width>
					<height>398</height>
					<onleft>49</onleft>
					<onright>49</onright>
					<onup>61</onup>
					<ondown>9000</ondown>
					<pagecontrol></pagecontrol>
					<scrolltime>200</scrolltime>
					<itemlayout width="1800" height="44">
						<control type="image">
							<left>0</left>
							<top>0</top>
							<width>1749</width>
							<height>45</height>
							<texture border="7">list-nofocus.png</texture>
							<include>VisibleFadeEffect</include>
						</control>
						<control type="label">
							<left>0</left>
							<top>0</top>
							<width>240</width>
							<height>45</height>
							<font>font-20</font>
							<align>right</align>
							<aligny>center</aligny>
							<textcolor>lightblue</textcolor>
							<selectedcolor>white</selectedcolor>
							<label>$INFO[ListItem.Label]</label>
						</control>
						<control type="label">
							<left>262</left>
							<top>0</top>
							<width>1470</width>
							<height>45</height>
							<font>font-20</font>
							<align>left</align>
							<aligny>center</aligny>
							<textcolor>white</textcolor>
							<selectedcolor>white</selectedcolor>
							<label>$INFO[ListItem.Label2]</label>
						</control>
					</itemlayout>
					<focusedlayout width="1800" height="44">
						<control type="image">
							<left>0</left>
							<top>0</top>
							<width>1749</width>
							<height>45</height>
							<texture border="7">list-nofocus.png</texture>
							<include>VisibleFadeEffect</include>
						</control>
						<control type="image">
							<left>0</left>
							<top>0</top>
							<width>1749</width>
							<height>45</height>
							<texture border="7">list-focus2.png</texture>
							<include>VisibleFadeEffect</include>
							<visible>Control.HasFocus(49)</visible>
							<include>ListFocusScroll22</include>
						</control>
						<control type="label">
							<left>0</left>
							<top>0</top>
							<width>240</width>
							<height>45</height>
							<font>font-20</font>
							<align>right</align>
							<aligny>center</aligny>
							<textcolor>lightblue</textcolor>
							<selectedcolor>white</selectedcolor>
							<label>$INFO[ListItem.Label]</label>
						</control>
						<control type="label">
							<left>262</left>
							<top>0</top>
							<width>1470</width>
							<height>45</height>
							<font>font-20</font>
							<align>left</align>
							<aligny>center</aligny>
							<textcolor>white</textcolor>
							<selectedcolor>white</selectedcolor>
							<label>$INFO[ListItem.Label2]</label>
						</control>
					</focusedlayout>
					<content>
						<item>
							<label>[UPPERCASE][B]$LOCALIZE[556]:[/B][/UPPERCASE]</label>
							<label2>$INFO[ListItem.Title]</label2>
							<onclick>noop</onclick>
						</item>
						<item>
							<label>[UPPERCASE][B]$LOCALIZE[19148]:[/B][/UPPERCASE]</label>
							<label2>$INFO[ListItem.ChannelName]</label2>
							<onclick>noop</onclick>
						</item>
						<item>
							<label>[UPPERCASE][B]$LOCALIZE[180]:[/B][/UPPERCASE]</label>
							<label2>$INFO[ListItem.Duration]</label2>
							<onclick>noop</onclick>
						</item>
						<item>
							<label>[UPPERCASE][B]$LOCALIZE[552]:[/B][/UPPERCASE]</label>
							<label2>$INFO[ListItem.StartDate]</label2>
							<onclick>noop</onclick>
						</item>
						<item>
							<label>[UPPERCASE][B]$LOCALIZE[142][/B][/UPPERCASE]</label>
							<label2>$INFO[ListItem.StartTime]</label2>
							<onclick>noop</onclick>
						</item>
						<item>
							<label>[UPPERCASE][B]$LOCALIZE[135]:[/B][/UPPERCASE]</label>
							<label2>$INFO[ListItem.Genre]</label2>
							<onclick>noop</onclick>
						</item>
						<item>
							<label>[UPPERCASE][B]$LOCALIZE[203]:[/B][/UPPERCASE]</label>
							<label2>$INFO[ListItem.PlotOutline]</label2>
							<onclick>noop</onclick>
						</item>
					</content>
				</control>
			</control>
			<control type="spincontrol" id="61">
				<description>Next page button</description>
				<left>1770</left>
				<top>1048</top>
				<subtype>page</subtype>
				<font>font-19</font>
				<onleft>1114</onleft>
				<onright>1114</onright>
				<ondown>49</ondown>
				<onup>7</onup>
				<textcolor>white</textcolor>
				<showonepage>true</showonepage>
			</control>
			<control type="button" id="1114">
				<left>1875</left>
				<top>1050</top>
				<width>30</width>
				<height>30</height>
				<label></label>
				<font></font>
				<texturefocus>magnifier-small-focus.png</texturefocus>
				<texturenofocus>magnifier-small-nofocus.png</texturenofocus>
				<onleft>61</onleft>
				<onright>61</onright>
				<ondown>49</ondown>
				<onup>7</onup>
				<onclick condition="VideoPlayer.Content(LiveTV)">SetProperty(Transparency.EPGTitle,$ESCINFO[ListItem.Title],Home)</onclick>
				<onclick condition="VideoPlayer.Content(LiveTV)">SetProperty(Transparency.EPGDate,$ESCINFO[ListItem.Date],Home)</onclick>
				<onclick condition="VideoPlayer.Content(LiveTV)">SetProperty(Transparency.EPGPlot,$ESCINFO[ListItem.Plot],Home)</onclick>
				<onclick>ActivateWindow(1113)</onclick>
			</control>
			<control type="grouplist" id="9000">
				<left>0</left>
				<top>680</top>
				<width>1920</width>
				<height>52</height>
				<align>center</align>
				<orientation>horizontal</orientation>
				<onup>49</onup>
				<ondown>61</ondown>
				<control type="button" id="7">
					<description>Ok button</description>
					<width>300</width>
					<height>52</height>
					<font>font-20</font>
					<textcolor>white</textcolor>
					<focusedcolor>white</focusedcolor>
					<shadowcolor>black</shadowcolor>
					<align>center</align>
					<aligny>center</aligny>
					<texturefocus border="7">button-focus.png</texturefocus>
					<texturenofocus border="7">button-nofocus.png</texturenofocus>
					<label>186</label>
				</control>
				<control type="button" id="6">
					<description>Record button</description>
					<width>300</width>
					<height>52</height>
					<font>font-20</font>
					<textcolor>white</textcolor>
					<focusedcolor>white</focusedcolor>
					<shadowcolor>black</shadowcolor>
					<align>center</align>
					<aligny>center</aligny>
					<texturefocus border="7">button-focus.png</texturefocus>
					<texturenofocus border="7">button-nofocus.png</texturenofocus>
					<label></label>
					<visible>Window.IsActive(PVRGuideInfo)</visible>
				</control>
				<control type="button" id="9">
					<description>Timer button</description>
					<width>300</width>
					<height>52</height>
					<font>font-20</font>
					<textcolor>white</textcolor>
					<focusedcolor>white</focusedcolor>
					<shadowcolor>black</shadowcolor>
					<align>center</align>
					<aligny>center</aligny>
					<texturefocus border="7">button-focus.png</texturefocus>
					<texturenofocus border="7">button-nofocus.png</texturenofocus>
					<label>19061</label>
				</control>
				<control type="button" id="5">
					<description>Switch button</description>
					<width>300</width>
					<height>52</height>
					<font>font-20</font>
					<textcolor>white</textcolor>
					<focusedcolor>white</focusedcolor>
					<shadowcolor>black</shadowcolor>
					<align>center</align>
					<aligny>center</aligny>
					<texturefocus border="7">button-focus.png</texturefocus>
					<texturenofocus border="7">button-nofocus.png</texturenofocus>
					<label>19165</label>
					<visible>Window.IsActive(PVRGuideInfo)</visible>
				</control>
				<control type="button" id="4">
					<description>Similar button</description>
					<width>300</width>
					<height>52</height>
					<font>font-20</font>
					<textcolor>white</textcolor>
					<focusedcolor>white</focusedcolor>
					<shadowcolor>black</shadowcolor>
					<align>center</align>
					<aligny>center</aligny>
					<texturefocus border="7">button-focus.png</texturefocus>
					<texturenofocus border="7">button-nofocus.png</texturenofocus>
					<label>19003</label>
					<visible>Window.IsActive(PVRGuideInfo)</visible>
				</control>
				<control type="button" id="8">
					<description>Play button</description>
					<width>300</width>
					<height>52</height>
					<font>font-20</font>
					<textcolor>white</textcolor>
					<focusedcolor>white</focusedcolor>
					<shadowcolor>black</shadowcolor>
					<align>center</align>
					<aligny>center</aligny>
					<texturefocus border="7">button-focus.png</texturefocus>
					<texturenofocus border="7">button-nofocus.png</texturenofocus>
					<label>19687</label>
					<visible>Window.IsActive(PVRGuideInfo)</visible>
				</control>
				<control type="button" id="11">
					<description>Set reminder button</description>
					<width>300</width>
					<height>52</height>
					<font>font-20</font>
					<textcolor>white</textcolor>
					<focusedcolor>white</focusedcolor>
					<shadowcolor>black</shadowcolor>
					<align>center</align>
					<aligny>center</aligny>
					<texturefocus border="7">button-focus.png</texturefocus>
					<texturenofocus border="7">button-nofocus.png</texturenofocus>
					<label>826</label>
					<visible>Window.IsActive(PVRGuideInfo)</visible>
				</control>
			</control>
		</control>
	</controls>
</window>
