<?xml version="1.0" encoding="utf-8"?>
<window>
	<defaultcontrol always="true">5</defaultcontrol>
	<coordinates>
		<left>352</left>
		<top>52</top>
	</coordinates>
	<include>dialogeffect</include>
	<controls>
		<control type="group">
			<animation effect="fade" start="100" end="0" time="500" condition="[Window.Is(profilesettings) + Window.IsVisible(locksettings)] | [Window.Is(contentsettings) + Window.IsVisible(addonsettings)] | Window.IsVisible(sliderdialog)">Conditional</animation>
			<control type="image">
				<description>background image</description>
				<left>0</left>
				<top>0</top>
				<width>1215</width>
				<height>975</height>
				<texture border="32">dialog.png</texture>
			</control>
			<control type="button">
				<left>900</left>
				<top>52</top>
				<width>30</width>
				<height>30</height>
				<texturefocus>close-window-focus.png</texturefocus>
				<texturenofocus>close-window-nofocus.png</texturenofocus>
				<onclick>PreviousMenu</onclick>
				<visible>Skin.HasSetting(TouchScreenMode)</visible>
			</control>
			<control type="label" id="2">
				<description>heading label</description>
				<left>68</left>
				<top>60</top>
				<width>1065</width>
				<height>45</height>
				<align>center</align>
				<aligny>center</aligny>
				<font>font-30</font>
				<label></label>
				<textcolor>blue</textcolor>
			</control>
			<control type="image">
				<left>68</left>
				<top>117</top>
				<width>1065</width>
				<height>3</height>
				<texture>separator.png</texture>
			</control>
			<control type="grouplist" id="5">
				<left>68</left>
				<top>135</top>
				<width>1065</width>
				<height>662</height>
				<pagecontrol>60</pagecontrol>
				<onleft>9000</onleft>
				<onright>60</onright>
				<onup>9000</onup>
				<ondown>9000</ondown>
			</control>
			<control type="button" id="7">
				<description>Default Button</description>
				<left>0</left>
				<top>0</top>
				<height>52</height>
				<font>font-20</font>
				<textcolor>white</textcolor>
				<focusedcolor>white</focusedcolor>
				<texturefocus border="7">list-focus.png</texturefocus>
				<texturenofocus border="7">list-nofocus.png</texturenofocus>
			</control>
			<control type="radiobutton" id="8">
				<description>Default RadioButton</description>
				<left>0</left>
				<top>0</top>
				<height>52</height>
				<font>font-20</font>
				<textcolor>white</textcolor>
				<focusedcolor>white</focusedcolor>
				<texturefocus border="7">list-focus.png</texturefocus>
				<texturenofocus border="7">list-nofocus.png</texturenofocus>
			</control>
			<control type="spincontrolex" id="9">
				<description>Default SpinControlex</description>
				<left>0</left>
				<top>0</top>
				<height>52</height>
				<font>font-20</font>
				<textcolor>white</textcolor>
				<focusedcolor>white</focusedcolor>
				<texturefocus border="7">list-focus.png</texturefocus>
				<texturenofocus border="7">list-nofocus.png</texturenofocus>
				<aligny>center</aligny>
				<reverse>true</reverse>
			</control>
			<control type="image" id="11">
				<description>Default Seperator</description>
				<height>3</height>
				<texture>separator.png</texture>
			</control>
			<control type="edit" id="12">
				<description>Default Edit</description>
				<height>45</height>
				<font>font-20</font>
				<textcolor>white</textcolor>
				<focusedcolor>white</focusedcolor>
				<texturefocus border="7">list-focus.png</texturefocus>
				<texturenofocus border="7">list-nofocus.png</texturenofocus>
			</control>
			<control type="sliderex" id="13">
				<description>Default Sliderex</description>
				<height>52</height>
				<font>font-20</font>
				<textcolor>white</textcolor>
				<focusedcolor>white</focusedcolor>
				<texturefocus border="7">list-focus.png</texturefocus>
				<texturenofocus border="7">list-nofocus.png</texturenofocus>
			</control>
			<control type="label" id="14">
				<description>Default Label</description>
				<left>0</left>
				<top>0</top>
				<height>52</height>
				<font>font-20</font>
				<textcolor>white</textcolor>
				<align>center</align>
			</control>
			<control type="scrollbar" id="60">
				<left>1143</left>
				<top>130</top>
				<width>30</width>
				<height>669</height>
				<texturesliderbackground border="0,10,0,10">scrollbar-back.png</texturesliderbackground>
				<texturesliderbar border="0,10,0,10">scrollbar-front-nofocus.png</texturesliderbar>
				<texturesliderbarfocus border="0,10,0,10">scrollbar-front.png</texturesliderbarfocus>
				<textureslidernib>scrollbar-nib-nofocus.png</textureslidernib>
				<textureslidernibfocus>scrollbar-nib.png</textureslidernibfocus>
				<onleft>5</onleft>
				<onright>9000</onright>
				<ondown>60</ondown>
				<onup>60</onup>
				<showonepage>false</showonepage>
				<orientation>vertical</orientation>
			</control>
			<control type="grouplist" id="9000">
				<left>158</left>
				<top>855</top>
				<width>900</width>
				<height>52</height>
				<align>center</align>
				<orientation>horizontal</orientation>
				<itemgap>0</itemgap>
				<onup>5</onup>
				<ondown>5</ondown>
				<control type="button" id="28">
					<description>OK button</description>
					<width>300</width>
					<height>52</height>
					<label>186</label>
					<font>font-23</font>
					<textcolor>lightgrey</textcolor>
					<focusedcolor>white</focusedcolor>
					<align>center</align>
					<texturefocus border="7">button-focus.png</texturefocus>
					<texturenofocus border="7">button-nofocus.png</texturenofocus>
				</control>
				<control type="button" id="29">
					<description>Cancel button</description>
					<width>300</width>
					<height>52</height>
					<label>222</label>
					<font>font-23</font>
					<textcolor>lightgrey</textcolor>
					<focusedcolor>white</focusedcolor>
					<align>center</align>
					<texturefocus border="7">button-focus.png</texturefocus>
					<texturenofocus border="7">button-nofocus.png</texturenofocus>
				</control>
				<control type="button" id="30">
					<description>Defaults button</description>
					<width>300</width>
					<height>52</height>
					<label>409</label>
					<font>font-23</font>
					<textcolor>lightgrey</textcolor>
					<focusedcolor>white</focusedcolor>
					<align>center</align>
					<texturefocus border="7">button-focus.png</texturefocus>
					<texturenofocus border="7">button-nofocus.png</texturenofocus>
				</control>
			</control>
		</control>
	</controls>
</window>
