<?xml version="1.0" encoding="utf-8"?>
<window>
	<visible>[Player.Seeking | Player.HasPerformedSeek(3) | Player.Paused | Player.ShowTime | Player.Forwarding | Player.Rewinding | !String.IsEmpty(PVR.ChannelNumberInput)] + !Player.FrameAdvance</visible>
	<controls>
		<control type="group">
			<include>dialogeffect</include>
			<visible>!String.IsEmpty(PVR.ChannelNumberInput)</visible>
			<left>660</left>
			<top>0</top>
			<control type="image">
				<left>0</left>
				<top>0</top>
				<width>600</width>
				<height>52</height>
				<texture border="16,0,16,0">popup-small.png</texture>
			</control>
			<control type="label">
				<description>Time Label</description>
				<left>4</left>
				<top>6</top>
				<width>135</width>
				<height>38</height>
				<font>font-18</font>
				<textcolor>white</textcolor>
				<shadowcolor>black</shadowcolor>
				<align>right</align>
				<aligny>center</aligny>
				<label>$INFO[PVR.ChannelNumberInput]</label>
			</control>
		</control>
		<control type="group">
			<include>dialogeffect</include>
			<visible>String.IsEmpty(PVR.ChannelNumberInput) + ![Window.IsVisible(Notification) | Window.IsVisible(BusyDialog) | Window.IsVisible(SliderDialog) | Window.IsVisible(VolumeBar)]</visible>
			<left>660</left>
			<top>0</top>
			<control type="image">
				<left>0</left>
				<top>0</top>
				<width>600</width>
				<height>52</height>
				<texture border="16,0,16,0">popup-small.png</texture>
			</control>
			<control type="label">
				<description>Time Label</description>
				<left>4</left>
				<top>6</top>
				<width>135</width>
				<height>38</height>
				<font>font-18</font>
				<textcolor>white</textcolor>
				<shadowcolor>black</shadowcolor>
				<align>right</align>
				<aligny>center</aligny>
				<label>$VAR[DialogSeekBarTime]</label>
			</control>
			<control type="progress">
				<description>Progressbar Cache</description>
				<left>150</left>
				<top>14</top>
				<width>308</width>
				<height>22</height>
				<info>Player.ProgressCache</info>
				<midtexture border="10,0,10,0">ProgressCache.png</midtexture>
			</control>
			<control type="progress">
				<description>Progressbar</description>
				<left>150</left>
				<top>14</top>
				<width>308</width>
				<height>22</height>
				<info>Player.Progress</info>
				<visible>true</visible>
			</control>
			<control type="progress">
				<description>Player Caching Progress Bar</description>
				<left>150</left>
				<top>14</top>
				<width>308</width>
				<height>22</height>
				<midtexture border="10,0,10,0">ProgressBuffer.png</midtexture>
				<info>Player.CacheLevel</info>
				<visible>Player.Caching</visible>
			</control>
			<control type="slider" id="401">
				<description>Seek Slider</description>
				<left>156</left>
				<top>18</top>
				<width>297</width>
				<height>14</height>
				<texturesliderbar>seekslider.png</texturesliderbar>
				<textureslidernib>slider_nibFO.png</textureslidernib>
				<textureslidernibfocus>slider_nibFO.png</textureslidernibfocus>
				<visible>Player.Seeking</visible>
			</control>
			<control type="label">
				<description>Label</description>
				<left>150</left>
				<top>4</top>
				<width>308</width>
				<height>38</height>
				<align>center</align>
				<aligny>center</aligny>
				<font>font-15</font>
				<textcolor>white</textcolor>
				<shadowcolor>black</shadowcolor>
				<label>$VAR[DialogSeekBarLabel]</label>
			</control>
			<control type="label">
				<description>Duration Label</description>
				<left>468</left>
				<top>6</top>
				<width>135</width>
				<height>38</height>
				<font>font-18</font>
				<label>$INFO[Player.Duration]</label>
				<textcolor>white</textcolor>
				<shadowcolor>black</shadowcolor>
				<align>left</align>
				<aligny>center</aligny>
			</control>
		</control>
		<control type="group">
			<left>1500</left>
			<top>750</top>
			<animation effect="slide" start="420,0" end="0,0" time="300">WindowOpen</animation>
			<animation effect="slide" start="0,0" end="420,0" time="300" tween="quadratic" easing="in">WindowClose</animation>
			<animation effect="slide" start="0,0" end="420,0" time="300" tween="quadratic" easing="in">Hidden</animation>
			<include condition="Skin.HasSetting(ClearArt)">clearart-dialogseekbar</include>
			<visible>String.IsEmpty(PVR.ChannelNumberInput) + Player.Paused</visible>
			<control type="group">
				<left>45</left>
				<top>-38</top>
				<width>555</width>
				<height>285</height>
				<camera x="225" y="120" />
				<animation effect="rotatey" start="0" end="30" condition="true" center="auto">Conditional</animation>
				<visible>[VideoPlayer.Content(Episodes) + [!Skin.HasSetting(ClearArt) | [String.IsEmpty(Control.GetLabel(7019)) + String.IsEmpty(Control.GetLabel(7020))] | Skin.HasSetting(Safemode) | String.Contains(Player.FolderPath,pvr://) | String.Contains(Player.FolderPath,http://) | String.Contains(Player.FolderPath,https://) | String.Contains(Player.FolderPath,htsp://)] + Window.IsVisible(FullscreenVideo) + !Window.IsVisible(FullscreenInfo) + !Window.IsVisible(VideoOSD)] | [VideoPlayer.Content(Movies) + [String.StartsWith(Player.FileNameAndPath,http) | String.StartsWith(Player.FileNameAndPath,mms) | String.StartsWith(Player.FileNameAndPath,rtmp)]]</visible>
				<control type="image">
					<left>-78</left>
					<top>66</top>
					<width>418</width>
					<height>236</height>
					<texture>$INFO[Player.Art(thumb)]</texture>
				</control>
				<control type="image">
					<left>-150</left>
					<top>45</top>
					<width>555</width>
					<height>285</height>
					<texture>movie-frame.png</texture>
				</control>
			</control>
			<control type="group">
				<left>45</left>
				<top>-38</top>
				<width>236</width>
				<height>309</height>
				<camera x="225" y="120" />
				<animation effect="rotatey" start="0" end="30" condition="true" center="auto">Conditional</animation>
				<visible>String.IsEmpty(PVR.ChannelNumberInput) + VideoPlayer.Content(Movies) + Window.IsVisible(FullscreenVideo) + !Window.IsVisible(FullscreenInfo) + !Window.IsVisible(VideoOSD) + ![String.StartsWith(Player.FileNameAndPath,http) | String.StartsWith(Player.FileNameAndPath,mms) | String.StartsWith(Player.FileNameAndPath,rtmp)]</visible>
				<control type="image">
					<left>207</left>
					<top>27</top>
					<width>210</width>
					<height>300</height>
					<texture>$INFO[Player.Art(poster)]</texture>
				</control>
				<control type="image">
					<left>207</left>
					<top>0</top>
					<width>225</width>
					<height>348</height>
					<texture fallback="case-sets.png">case$INFO[VideoPlayer.VideoResolution].png</texture>
					<visible>!Skin.HasSetting(HideMovieCase)</visible>
				</control>
			</control>
			<control type="group">
				<left>45</left>
				<top>-45</top>
				<width>342</width>
				<height>312</height>
				<camera x="225" y="120" />
				<animation effect="rotatey" start="0" end="30" condition="true" center="auto">Conditional</animation>
				<visible>String.IsEmpty(PVR.ChannelNumberInput)</visible>
				<control type="image">
					<left>114</left>
					<top>24</top>
					<width>300</width>
					<height>300</height>
					<texture>$INFO[MusicPlayer.Cover]</texture>
					<visible>Player.HasAudio + Window.IsVisible(Visualisation) + !Window.IsVisible(MusicOSD) + !Player.ShowInfo</visible>
				</control>
				<control type="image">
					<left>66</left>
					<top>3</top>
					<width>372</width>
					<height>342</height>
					<texture diffuse="cdcase-diffuse.png">cdcase.png</texture>
					<bordersize>10</bordersize>
					<bordertexture border="10">cdcase-shadow.png</bordertexture>
					<visible>Player.HasAudio + Window.IsVisible(Visualisation) + !Window.IsVisible(MusicOSD) + !Player.ShowInfo + !String.IsEmpty(MusicPlayer.cover) + !Skin.HasSetting(HideMusicCase)</visible>
				</control>
			</control>
		</control>
	</controls>
</window>
