<?xml version="1.0" encoding="utf-8"?>
<window>
	<defaultcontrol always="true">9000</defaultcontrol>
	<controls>
		<include condition="!Skin.HasSetting(HideHomeVideoBackground)">home-videowindow</include>
		<include condition="[!Skin.HasSetting(Menu_Videos) | !Skin.HasSetting(Menu_Movies)] + Skin.HasSetting(Home_Movies_Fanart_Background)">Home_Movies_Fanart</include>
		<include condition="!Skin.HasSetting(Menu_TVShows) + Skin.HasSetting(Home_TVShows_Fanart_Background)">Home_TVShows_Fanart</include>
		<include condition="!Skin.HasSetting(Menu_Music) + Skin.HasSetting(Home_Music_Fanart_Background)">Home_Music_Fanart</include>
		<control type="multiimage">
			<left>0</left>
			<top>0</top>
			<width>1920</width>
			<height>1080</height>
			<imagepath background="true">$INFO[Container(5040).ListItem.Icon]</imagepath>
			<aspectratio>scale</aspectratio>
			<timeperimage>7000</timeperimage>
			<randomize>true</randomize>
			<fadetime>600</fadetime>
			<include condition="Skin.HasSetting(AnimateBackgrounds)">backgroundanimation</include>
			<include>VisibleFadeEffect</include>
			<visible>![Player.HasVideo + !Skin.HasSetting(HideHomeVideoBackground)] + ![[Control.HasFocus(5044) + !String.IsEmpty(Control.GetLabel(7021))] | [Control.HasFocus(5045) + !String.IsEmpty(Control.GetLabel(7022))] | [Control.HasFocus(5046) + !String.IsEmpty(Control.GetLabel(7023))] | [Control.HasFocus(5047) + !String.IsEmpty(Control.GetLabel(7024))] | [Control.HasFocus(5048) + !String.IsEmpty(Control.GetLabel(7025))]]</visible>
		</control>
		<include condition="[!Skin.HasSetting(Menu_Videos) | !Skin.HasSetting(Menu_Movies)] + [!Skin.HasSetting(HomeRecentMovies) | Skin.HasSetting(HomeRandomMovies) | Skin.HasSetting(HomeWatchlistMovies)]">recentlyfanartmovies</include>
		<include condition="!Skin.HasSetting(Menu_TVShows) + [!Skin.HasSetting(HomeRecentTVShows) | Skin.HasSetting(HomeRandomTVShows) | Skin.HasSetting(HomeWatchlistTVShows)]">recentlyfanartepisodes</include>
		<include condition="Skin.HasSetting(Menu_MusicVideos) + [!Skin.HasSetting(HomeRecentMusicvideos) | Skin.HasSetting(HomeRandomMusicvideos) | Skin.HasSetting(HomeWatchlistMusicvideos)]">recentlyfanartmusicvideos</include>
		<include condition="!Skin.HasSetting(Menu_Music) + [!Skin.HasSetting(HomeRecentAlbums) | Skin.HasSetting(HomeRandomAlbums) | Skin.HasSetting(HomeWatchlistAlbums)]">recentlyfanartalbums</include>
		<include condition="!Skin.HasSetting(Menu_Programs) + !Skin.HasSetting(HomeRandomAddons)">randomfanartaddons</include>
		<include condition="!Skin.HasSetting(HideVisBackgrounds)">CommonVisualizationBackground</include>
		<include condition="Window.Previous(Startup)">Splash</include>
		<control type="group">
			<include>ContentFade</include>
			<control type="group">
				<animation effect="fade" start="100" end="0" time="500" condition="Window.IsVisible(script-globalsearch-main.xml)">Conditional</animation>
				<include condition="!Skin.HasSetting(Menu_Weather) + !Skin.HasSetting(homepageWeatherinfo)">WeatherInfo</include>
				<include condition="!Skin.HasSetting(Menu_Settings) + !Skin.HasSetting(homepageSysteminfo)">SystemInfo</include>
				<include condition="[!Skin.HasSetting(Menu_Videos) | !Skin.HasSetting(Menu_Movies) | !Skin.HasSetting(Menu_TVShows) | Skin.HasSetting(Menu_MusicVideos) | !Skin.HasSetting(Menu_TV)] + !Skin.HasSetting(homepageVideoinfo)">VideoInfo</include>
				<include condition="!Skin.HasSetting(Menu_TV) + !Skin.HasSetting(homepageTVinfo)">TVInfo</include>
				<include condition="!Skin.HasSetting(Menu_Music) + !Skin.HasSetting(homepageMusicinfo)">MusicInfo</include>
				<control type="group" id="5050">
					<left>0</left>
					<top>0</top>
					<include condition="[!Skin.HasSetting(Menu_Videos) | !Skin.HasSetting(Menu_Movies)] + !Skin.HasSetting(HomeRecentMovies) | Skin.HasSetting(HomeRandomMovies) | Skin.HasSetting(HomeWatchlistMovies)">RecentlyAddedMovies</include>
					<include condition="!Skin.HasSetting(Menu_TVShows) + !Skin.HasSetting(HomeRecentTVShows) | Skin.HasSetting(HomeRandomTVShows) | Skin.HasSetting(HomeWatchlistTVShows)">RecentlyAddedTVShows</include>
					<include condition="Skin.HasSetting(Menu_MusicVideos) + !Skin.HasSetting(HomeRecentMusicVideos) | Skin.HasSetting(HomeRandomMusicVideos) | Skin.HasSetting(HomeWatchlistMusicVideos)">RecentlyAddedMusicVideos</include>
					<include condition="!Skin.HasSetting(Menu_Music) + !Skin.HasSetting(HomeRecentAlbums) | Skin.HasSetting(HomeRandomAlbums) | Skin.HasSetting(HomeWatchlistAlbums)">RecentlyAddedAlbums</include>
					<include condition="!Skin.HasSetting(Menu_Programs) + !Skin.HasSetting(HomeRandomAddons) + System.AddonIsEnabled(service.skin.widgets)">RandomAddons</include>
				</control>
				<control type="button">
					<description>Show vertical submenu button</description>
					<left>360</left>
					<top>75</top>
					<width>375</width>
					<height>930</height>
					<label></label>
					<font></font>
					<texturefocus></texturefocus>
					<texturenofocus></texturenofocus>
					<onfocus>SetFocus(8001)</onfocus>
					<onclick>SetFocus(8001)</onclick>
					<visible>Skin.HasSetting(TouchScreenMode) + !Skin.HasSetting(HorizontalHomeMenu)</visible>
				</control>
				<control type="button">
					<description>Show horizontal submenu button</description>
					<left>0</left>
					<top>840</top>
					<width>1920</width>
					<height>90</height>
					<label></label>
					<font></font>
					<texturefocus></texturefocus>
					<texturenofocus></texturenofocus>
					<onfocus>SetFocus(8001)</onfocus>
					<onclick>SetFocus(8001)</onclick>
					<visible>Skin.HasSetting(TouchScreenMode) + Skin.HasSetting(HorizontalHomeMenu)</visible>
				</control>
				<control type="group" id="9000">
					<left>0</left>
					<top>0</top>
					<height>1080</height>
					<width>2082</width>
					<include condition="!Skin.HasSetting(HorizontalHomeMenu)">VerticalMenu</include>
					<include condition="Skin.HasSetting(HorizontalHomeMenu)">HorizontalMenu</include>
				</control>
				<include>SubMenu</include>
				<include condition="!Skin.HasSetting(Home_Weather_Icon)">Home_Top_Weather_Icon</include>
			</control>
			<control type="group">
				<include>Window_OpenClose_Header_Animation</include>
				<control type="image">
					<left>0</left>
					<top>0</top>
					<width>1920</width>
					<height>82</height>
					<texture border="1">Header.png</texture>
				</control>
				<control type="grouplist">
					<left>0</left>
					<top>0</top>
					<width>794</width>
					<height>45</height>
					<orientation>horizontal</orientation>
					<itemgap>0</itemgap>
					<control type="image">
						<width>44</width>
						<height>45</height>
						<texture>dot.png</texture>
					</control>
					<control type="label">
						<description>date label</description>
						<width min="15" max="600">auto</width>
						<height>45</height>
						<aligny>center</aligny>
						<font>font-20</font>
						<textcolor>white</textcolor>
						<label>$INFO[System.Date]</label>
					</control>
					<control type="image">
						<width>44</width>
						<height>45</height>
						<texture>dot.png</texture>
					</control>
					<control type="label">
						<description>time label</description>
						<width min="15" max="150">auto</width>
						<height>45</height>
						<aligny>center</aligny>
						<font>font-20</font>
						<textcolor>white</textcolor>
						<label>$INFO[System.Time]</label>
					</control>
				</control>
				<include condition="!Skin.HasSetting(HideSearch)">SearchButton</include>
				<control type="button" id="20">
					<description>Power push button</description>
					<left>1872</left>
					<top>10</top>
					<width>30</width>
					<height>30</height>
					<label></label>
					<font></font>
					<onclick>ActivateWindow(ShutdownMenu)</onclick>
					<texturefocus></texturefocus>
					<texturenofocus></texturenofocus>
					<pulseonselect>true</pulseonselect>
					<onleft>10</onleft>
					<onright>10</onright>
					<onup>9000</onup>
					<ondown>9000</ondown>
				</control>
				<control type="image">
					<left>1872</left>
					<top>10</top>
					<width>30</width>
					<height>30</height>
					<aspectratio>keep</aspectratio>
					<texture>$VAR[HomePowerButton]</texture>
					<animation effect="rotate" start="0" end="-360" center="auto" time="800" condition="Control.HasFocus(20)">Conditional</animation>
				</control>
			</control>
			<include condition="system.getbool(lookandfeel.enablerssfeeds)">RSS</include>
		</control>
		<include condition="Skin.HasSetting(Qlock)">QlockHome</include>
		<include condition="Skin.HasSetting(TouchScreenMode)">TouchScreenControlsHome</include>
	</controls>
</window>
