<?xml version="1.0" encoding="utf-8"?>
<includes>
	<include name="backgroundanimation">
		<animation effect="zoom" start="110" end="130" center="auto" time="18000" pulse="true" condition="![Skin.HasSetting(Home_Movies_Fanart_Background) + Container(5040).HasFocus(2)] + ![Skin.HasSetting(Home_TVShows_Fanart_Background) + Container(5040).HasFocus(3)] + ![Skin.HasSetting(Home_Music_Fanart_Background) + Container(5040).HasFocus(6)]" reversible="false">Conditional</animation>
		<animation effect="slide" start="-30,-30" end="60,60" time="14000" tween="cubic" easing="inout" pulse="true" condition="![Skin.HasSetting(Home_Movies_Fanart_Background) + Container(5040).HasFocus(2)] + ![Skin.HasSetting(Home_TVShows_Fanart_Background) + Container(5040).HasFocus(3)] + ![Skin.HasSetting(Home_Music_Fanart_Background) + Container(5040).HasFocus(6)]" reversible="false">Conditional</animation>
	</include>
	<include name="backgroundanimation2">
		<animation effect="zoom" start="110" end="130" center="auto" time="6000" pulse="true" condition="true">Conditional</animation>
		<animation effect="slide" start="-30,-30" end="60,60" time="7000" pulse="true" condition="true">Conditional</animation>
	</include>
	<include name="ButtonScroll">
		<control type="image">
			<left>15</left>
			<top>0</top>
			<width>248</width>
			<height>52</height>
			<texture border="7">button-focus.png</texture>
			<animation effect="slide" start="0,0" end="255,0" time="100" condition="Control.HasFocus(304)">Conditional</animation>
			<animation effect="slide" start="0,0" end="510,0" time="100" condition="Control.HasFocus(305)">Conditional</animation>
			<animation effect="fade" start="70" end="100" time="750" pulse="true" condition="true">Conditional</animation>
			<visible>Control.HasFocus(303) | Control.HasFocus(304) | Control.HasFocus(305)</visible>
		</control>
	</include>
	<include name="ButtonScroll4">
		<control type="image">
			<left>525</left>
			<top>60</top>
			<width>248</width>
			<height>52</height>
			<texture border="7">button-focus.png</texture>
			<animation effect="slide" start="0,0" end="-510,-60" time="100" condition="Control.HasFocus(304)">Conditional</animation>
			<animation effect="slide" start="0,0" end="-255,-60" time="100" condition="Control.HasFocus(305)">Conditional</animation>
			<animation effect="slide" start="0,0" end="0,-60" time="100" condition="Control.HasFocus(306)">Conditional</animation>
			<animation effect="slide" start="0,0" end="-255,0" time="100" condition="Control.HasFocus(307)">Conditional</animation>
			<animation effect="fade" start="70" end="100" time="750" pulse="true" condition="true">Conditional</animation>
			<visible>Control.HasFocus(303) | Control.HasFocus(304) | Control.HasFocus(305) | Control.HasFocus(306) | Control.HasFocus(307)</visible>
		</control>
	</include>
	<include name="cdartspin">
		<animation type="WindowOpen">
			<effect type="slide" end="142" tween="cubic" easing="out" delay="500" time="1500" />
			<effect type="rotate" center="auto" end="162" time="2250" />
		</animation>
		<animation type="WindowClose" reversible="false" condition="Player.Playing">
			<effect type="slide" start="142" end="0" tween="cubic" easing="out" time="1500" />
			<effect type="rotate" center="auto" start="0" end="20" time="500" />
			<effect type="rotate" center="auto" start="0" end="25" time="500" delay="500" />
			<effect type="rotate" center="auto" start="0" end="30" time="500" delay="1000" />
		</animation>
		<animation effect="rotate" end="-36000" center="auto" time="500000" loop="true" reversible="false" condition="true">Conditional</animation>
		<animation effect="rotate" end="-360" center="auto" time="3000" loop="true" reversible="false" condition="Player.Forwarding2x">Conditional</animation>
		<animation effect="rotate" end="-360" center="auto" time="2000" loop="true" reversible="false" condition="Player.Forwarding4x">Conditional</animation>
		<animation effect="rotate" end="-360" center="auto" time="1500" loop="true" reversible="false" condition="Player.Forwarding8x">Conditional</animation>
		<animation effect="rotate" end="-360" center="auto" time="1000" loop="true" reversible="false" condition="Player.Forwarding16x">Conditional</animation>
		<animation effect="rotate" end="-360" center="auto" time="500" loop="true" reversible="false" condition="Player.Forwarding32x">Conditional</animation>
		<animation effect="rotate" end="720" center="auto" time="3000" loop="true" reversible="false" condition="Player.Rewinding2x">Conditional</animation>
		<animation effect="rotate" end="720" center="auto" time="2000" loop="true" reversible="false" condition="Player.Rewinding4x">Conditional</animation>
		<animation effect="rotate" end="720" center="auto" time="1500" loop="true" reversible="false" condition="Player.Rewinding8x">Conditional</animation>
		<animation effect="rotate" end="720" center="auto" time="1000" loop="true" reversible="false" condition="Player.Rewinding16x">Conditional</animation>
		<animation effect="rotate" end="720" center="auto" time="500" loop="true" reversible="false" condition="Player.Rewinding32x">Conditional</animation>
		<animation effect="rotate" end="36000" center="auto" time="500000" loop="true" reversible="false" condition="Player.Paused">Conditional</animation>
		<animation effect="rotate" end="-28" center="auto" time="500" reversible="false" condition="Player.Paused">Conditional</animation>
		<animation effect="rotate" end="-15" center="auto" time="500" delay="500" reversible="false" condition="Player.Paused">Conditional</animation>
		<animation effect="rotate" end="-3" center="auto" time="250" delay="1000" reversible="false" condition="Player.Paused">Conditional</animation>
	</include>
	<include name="cdartspinhome">
		<animation type="WindowOpen">
			<effect type="slide" end="96" tween="cubic" easing="out" delay="500" time="1500" />
			<effect type="rotate" center="auto" end="162" time="2250" />
		</animation>
		<animation effect="rotate" end="-36000" center="auto" time="500000" loop="true" reversible="false" condition="true">Conditional</animation>
		<animation effect="rotate" end="-360" center="auto" time="3000" loop="true" reversible="false" condition="Player.Forwarding2x">Conditional</animation>
		<animation effect="rotate" end="-360" center="auto" time="2000" loop="true" reversible="false" condition="Player.Forwarding4x">Conditional</animation>
		<animation effect="rotate" end="-360" center="auto" time="1500" loop="true" reversible="false" condition="Player.Forwarding8x">Conditional</animation>
		<animation effect="rotate" end="-360" center="auto" time="1000" loop="true" reversible="false" condition="Player.Forwarding16x">Conditional</animation>
		<animation effect="rotate" end="-360" center="auto" time="500" loop="true" reversible="false" condition="Player.Forwarding32x">Conditional</animation>
		<animation effect="rotate" end="720" center="auto" time="3000" loop="true" reversible="false" condition="Player.Rewinding2x">Conditional</animation>
		<animation effect="rotate" end="720" center="auto" time="2000" loop="true" reversible="false" condition="Player.Rewinding4x">Conditional</animation>
		<animation effect="rotate" end="720" center="auto" time="1500" loop="true" reversible="false" condition="Player.Rewinding8x">Conditional</animation>
		<animation effect="rotate" end="720" center="auto" time="1000" loop="true" reversible="false" condition="Player.Rewinding16x">Conditional</animation>
		<animation effect="rotate" end="720" center="auto" time="500" loop="true" reversible="false" condition="Player.Rewinding32x">Conditional</animation>
		<animation effect="rotate" end="36000" center="auto" time="500000" loop="true" reversible="false" condition="Player.Paused">Conditional</animation>
		<animation effect="rotate" end="-28" center="auto" time="500" reversible="false" condition="Player.Paused">Conditional</animation>
		<animation effect="rotate" end="-15" center="auto" time="500" delay="500" reversible="false" condition="Player.Paused">Conditional</animation>
		<animation effect="rotate" end="-3" center="auto" time="250" delay="1000" reversible="false" condition="Player.Paused">Conditional</animation>
	</include>
	<include name="cdartspinjukebox">
		<animation type="Visible">
			<effect type="slide" end="0,-150" tween="cubic" easing="out" time="2000" />
			<effect type="rotate" center="auto" end="162" time="2250" />
		</animation>
		<animation type="WindowOpen">
			<effect type="slide" end="0,-150" tween="cubic" easing="out" time="2000" />
			<effect type="rotate" center="auto" end="162" time="2250" />
		</animation>
		<animation effect="rotate" end="-36000" center="auto" time="500000" loop="true" reversible="false" condition="true">Conditional</animation>
		<animation effect="rotate" end="-360" center="auto" time="3000" loop="true" reversible="false" condition="Player.Forwarding2x">Conditional</animation>
		<animation effect="rotate" end="-360" center="auto" time="2000" loop="true" reversible="false" condition="Player.Forwarding4x">Conditional</animation>
		<animation effect="rotate" end="-360" center="auto" time="1500" loop="true" reversible="false" condition="Player.Forwarding8x">Conditional</animation>
		<animation effect="rotate" end="-360" center="auto" time="1000" loop="true" reversible="false" condition="Player.Forwarding16x">Conditional</animation>
		<animation effect="rotate" end="-360" center="auto" time="500" loop="true" reversible="false" condition="Player.Forwarding32x">Conditional</animation>
		<animation effect="rotate" end="720" center="auto" time="3000" loop="true" reversible="false" condition="Player.Rewinding2x">Conditional</animation>
		<animation effect="rotate" end="720" center="auto" time="2000" loop="true" reversible="false" condition="Player.Rewinding4x">Conditional</animation>
		<animation effect="rotate" end="720" center="auto" time="1500" loop="true" reversible="false" condition="Player.Rewinding8x">Conditional</animation>
		<animation effect="rotate" end="720" center="auto" time="1000" loop="true" reversible="false" condition="Player.Rewinding16x">Conditional</animation>
		<animation effect="rotate" end="720" center="auto" time="500" loop="true" reversible="false" condition="Player.Rewinding32x">Conditional</animation>
		<animation effect="rotate" end="36000" center="auto" time="500000" loop="true" reversible="false" condition="Player.Paused">Conditional</animation>
		<animation effect="rotate" end="-28" center="auto" time="500" reversible="false" condition="Player.Paused">Conditional</animation>
		<animation effect="rotate" end="-15" center="auto" time="500" delay="500" reversible="false" condition="Player.Paused">Conditional</animation>
		<animation effect="rotate" end="-3" center="auto" time="250" delay="1000" reversible="false" condition="Player.Paused">Conditional</animation>
	</include>
	<include name="ContentFade">
		<animation effect="fade" start="100" end="0" time="500" condition="Window.IsVisible(DialogVideoManager.xml) | Window.IsVisible(dialogcolorpicker) | Window.IsVisible(pvrguideinfo) | Window.IsVisible(ShutdownMenu) | Window.IsVisible(FileBrowser) | Window.IsVisible(FileBrowser) | Window.IsVisible(MediaSource) | Window.IsVisible(ProfileSettings) | Window.IsVisible(LockSettings) | Window.IsVisible(ContentSettings) | Window.IsVisible(SongInformation) | Window.IsVisible(SmartPlaylistEditor) | Window.IsVisible(PictureInfo) | Window.IsVisible(MusicInformation) | Window.IsVisible(MovieInformation) | Window.IsVisible(TextViewer) | Window.IsVisible(AddonSettings) | Window.IsVisible(GameControllers) | Window.IsVisible(script-XBMC_Lyrics-settings.xml) | Window.IsVisible(script-GmailChecker-main.xml) | Window.IsVisible(script-svnri-iteminfo.xml) | Window.IsVisible(DialogPVRChannelManager.xml) | Window.IsVisible(DialogPVRGroupManager.xml) | Window.IsVisible(DialogPVRTimerSettings.xml) | Window.IsVisible(DialogPVRRecordingInfo.xml) | Window.IsVisible(DialogPVRGuideInfo.xml) | Window.IsVisible(DialogPVRGuideSearch.xml) | Window.IsVisible(AddonInformation) | Window.IsVisible(script-xbmc-audio-mixer.xml)">Conditional</animation>
	</include>
	<include name="ContentFade2">
		<animation effect="fade" start="100" end="0" time="0" condition="Window.IsVisible(DialogVideoManager.xml) | Window.IsVisible(pvrguideinfo) | Window.IsVisible(ShutdownMenu) | Window.IsVisible(FileBrowser) | Window.IsVisible(FileBrowser) | Window.IsVisible(MediaSource) | Window.IsVisible(ProfileSettings) | Window.IsVisible(LockSettings) | Window.IsVisible(ContentSettings) | Window.IsVisible(SongInformation) | Window.IsVisible(SmartPlaylistEditor) | Window.IsVisible(PictureInfo) | Window.IsVisible(MusicInformation) | Window.IsVisible(MovieInformation) | Window.IsVisible(TextViewer) | Window.IsVisible(AddonSettings) | Window.IsVisible(script-XBMC_Lyrics-settings.xml) | Window.IsVisible(script-GmailChecker-main.xml) | Window.IsVisible(script-svnri-iteminfo.xml) | Window.IsVisible(DialogPVRChannelManager.xml) | Window.IsVisible(DialogPVRGroupManager.xml) | Window.IsVisible(DialogPVRTimerSettings.xml) | Window.IsVisible(DialogPVRRecordingInfo.xml) | Window.IsVisible(DialogPVRGuideInfo.xml) | Window.IsVisible(DialogPVRGuideSearch.xml) | Window.IsVisible(AddonInformation) | Window.IsVisible(script-xbmc-audio-mixer.xml)">Conditional</animation>
	</include>
	<include name="dialogeffect">
		<animation effect="fade" time="300">WindowOpen</animation>
		<animation effect="fade" time="300">WindowClose</animation>
	</include>
	<include name="dialogeffect3">
		<animation effect="zoom" start="1" end="100" center="auto" time="200">WindowOpen</animation>
		<animation effect="zoom" start="100" end="1" center="auto" time="200" easing="in" tween="back">WindowClose</animation>
	</include>
	<include name="dialogeffect4">
		<animation effect="zoom" start="960,0,1,1080" end="0,0,1920,1080" time="200" delay="100">WindowOpen</animation>
		<animation effect="zoom" start="0,0,1920,1080" end="960,0,1,1080" time="200" delay="100">WindowClose</animation>
	</include>
	<include name="dialogeffect7">
		<animation effect="fade" time="300">WindowOpen</animation>
		<animation effect="fade" time="300" delay="400">WindowClose</animation>
	</include>
	<include name="DialogFade">
		<animation effect="fade" start="100" end="0" time="300" condition="Window.IsVisible(FileBrowser) | Window.IsVisible(AddonSettings)">Conditional</animation>
	</include>
	<include name="DialogFade2">
		<animation effect="fade" start="100" end="0" time="300" condition="Window.IsVisible(FileBrowser) | Window.IsVisible(TextViewer) | Window.IsVisible(script.pseudotv.ChannelConfig.xml) | Window.IsVisible(script.tvtime.ChannelConfig.xml)">Conditional</animation>
	</include>
	<include name="DialogFade3">
		<animation effect="fade" start="100" end="0" time="300" condition="Window.IsVisible(FileBrowser) | Window.IsVisible(ContentSettings)">Conditional</animation>
	</include>
	<include name="DialogFade4">
		<animation effect="fade" start="100" end="0" time="300" condition="Window.IsVisible(script-XBMC_Lyrics-settings.xml)">Conditional</animation>
	</include>
	<include name="DialogFade5">
		<animation effect="fade" start="100" end="0" time="300" condition="Window.IsVisible(FileBrowser) | Window.IsVisible(AddonSettings) | Window.IsVisible(MusicInformation) | Window.IsVisible(TextViewer)">Conditional</animation>
	</include>
	<include name="DialogFade6">
		<animation effect="fade" start="100" end="0" time="300" condition="Window.IsVisible(AddonSettings)">Conditional</animation>
	</include>
	<include name="DialogFade7">
		<animation effect="fade" start="100" end="0" time="300" condition="Window.IsVisible(FileBrowser) | Window.IsVisible(DialogPVRGroupManager.xml)">Conditional</animation>
	</include>
	<include name="HomeInfoAnimation">
		<animation type="Visible">
			<effect type="fade" start="0" end="100" time="300" />
		</animation>
		<animation type="Hidden">
			<effect type="fade" start="100" end="0" time="300" />
		</animation>
		<animation type="WindowOpen">
			<effect type="fade" start="0" end="100" time="300" />
		</animation>
		<animation type="WindowClose">
			<effect type="fade" start="100" end="0" time="300" />
		</animation>
	</include>
	<include name="ListFocusScroll">
		<animation effect="slide" start="0,-44" end="0,0" time="100" reversible="false" tween="quadratic" easing="out" condition="Container.OnNext">focus</animation>
		<animation effect="slide" start="0,44" end="0,0" time="100" reversible="false" tween="quadratic" easing="out" condition="Container.OnPrevious">focus</animation>
		<animation effect="fade" start="70" end="100" time="750" pulse="true" condition="true">Conditional</animation>
	</include>
	<include name="ListFocusScroll2">
		<animation effect="slide" start="0,-52" end="0,0" time="100" reversible="false" tween="quadratic" easing="out" condition="Container(302).OnNext">focus</animation>
		<animation effect="slide" start="0,52" end="0,0" time="100" reversible="false" tween="quadratic" easing="out" condition="Container(302).OnPrevious">focus</animation>
		<animation effect="fade" start="70" end="100" time="750" pulse="true" condition="true">Conditional</animation>
	</include>
	<!-- <include name="ListFocusScroll3">
		<animation effect="slide" start="0,-44" end="0,0" time="100" reversible="false" tween="quadratic" easing="out" condition="Container(450).OnNext">focus</animation>
		<animation effect="slide" start="0,44" end="0,0" time="100" reversible="false" tween="quadratic" easing="out" condition="Container(450).OnPrevious">focus</animation>
		<animation effect="fade" start="70" end="100" time="750" pulse="true" condition="true">Conditional</animation>
	</include> -->
	<include name="ListFocusScroll4">
		<animation effect="slide" start="0,-44" end="0,0" time="100" reversible="false" tween="quadratic" easing="out" condition="Container(20).OnNext">focus</animation>
		<animation effect="slide" start="0,44" end="0,0" time="100" reversible="false" tween="quadratic" easing="out" condition="Container(20).OnPrevious">focus</animation>
		<animation effect="fade" start="70" end="100" time="750" pulse="true" condition="true">Conditional</animation>
	</include>
	<include name="ListFocusScroll5">
		<animation effect="slide" start="0,-44" end="0,0" time="100" reversible="false" tween="quadratic" easing="out" condition="Container(21).OnNext">focus</animation>
		<animation effect="slide" start="0,44" end="0,0" time="100" reversible="false" tween="quadratic" easing="out" condition="Container(21).OnPrevious">focus</animation>
		<animation effect="fade" start="70" end="100" time="750" pulse="true" condition="true">Conditional</animation>
	</include>
	<include name="ListFocusScroll6">
		<animation effect="slide" start="0,-52" end="0,0" time="100" reversible="false" tween="quadratic" easing="out" condition="Container(450).OnNext">focus</animation>
		<animation effect="slide" start="0,52" end="0,0" time="100" reversible="false" tween="quadratic" easing="out" condition="Container(450).OnPrevious">focus</animation>
		<animation effect="fade" start="70" end="100" time="750" pulse="true" condition="true">Conditional</animation>
	</include>
	<include name="ListFocusScroll7">
		<animation effect="slide" start="0,-52" end="0,0" time="100" reversible="false" tween="quadratic" easing="out" condition="Container(451).OnNext">focus</animation>
		<animation effect="slide" start="0,52" end="0,0" time="100" reversible="false" tween="quadratic" easing="out" condition="Container(451).OnPrevious">focus</animation>
		<animation effect="fade" start="70" end="100" time="750" pulse="true" condition="true">Conditional</animation>
	</include>
	<include name="ListFocusScroll8">
		<animation effect="slide" start="0,-44" end="0,0" time="100" reversible="false" tween="quadratic" easing="out" condition="Container(100).OnNext">focus</animation>
		<animation effect="slide" start="0,44" end="0,0" time="100" reversible="false" tween="quadratic" easing="out" condition="Container(100).OnPrevious">focus</animation>
		<animation effect="fade" start="70" end="100" time="750" pulse="true" condition="true">Conditional</animation>
	</include>
	<include name="ListFocusScroll9">
		<animation effect="slide" start="0,-44" end="0,0" time="100" reversible="false" tween="quadratic" easing="out" condition="Container(5).OnNext">focus</animation>
		<animation effect="slide" start="0,44" end="0,0" time="100" reversible="false" tween="quadratic" easing="out" condition="Container(5).OnPrevious">focus</animation>
		<animation effect="fade" start="70" end="100" time="750" pulse="true" condition="true">Conditional</animation>
	</include>
	<include name="ListFocusScroll10">
		<animation effect="slide" start="0,-44" end="0,0" time="100" reversible="false" tween="quadratic" easing="out" condition="Container(120).OnNext">focus</animation>
		<animation effect="slide" start="0,44" end="0,0" time="100" reversible="false" tween="quadratic" easing="out" condition="Container(120).OnPrevious">focus</animation>
		<animation effect="fade" start="70" end="100" time="750" pulse="true" condition="true">Conditional</animation>
	</include>
	<include name="ListFocusScroll12">
		<animation effect="slide" start="0,-44" end="0,0" time="100" reversible="false" tween="quadratic" easing="out" condition="Container(10).OnNext">focus</animation>
		<animation effect="slide" start="0,44" end="0,0" time="100" reversible="false" tween="quadratic" easing="out" condition="Container(10).OnPrevious">focus</animation>
		<animation effect="fade" start="70" end="100" time="750" pulse="true" condition="true">Conditional</animation>
	</include>
	<include name="ListFocusScroll14">
		<animation effect="slide" start="0,-44" end="0,0" time="100" reversible="false" tween="quadratic" easing="out" condition="Container(3).OnNext">focus</animation>
		<animation effect="slide" start="0,44" end="0,0" time="100" reversible="false" tween="quadratic" easing="out" condition="Container(3).OnPrevious">focus</animation>
		<animation effect="fade" start="70" end="100" time="750" pulse="true" condition="true">Conditional</animation>
	</include>
	<include name="ListFocusScroll15">
		<animation effect="slide" start="0,-44" end="0,0" time="100" reversible="false" tween="quadratic" easing="out" condition="Container(110).OnNext">focus</animation>
		<animation effect="slide" start="0,44" end="0,0" time="100" reversible="false" tween="quadratic" easing="out" condition="Container(110).OnPrevious">focus</animation>
		<animation effect="fade" start="70" end="100" time="750" pulse="true" condition="true">Conditional</animation>
	</include>
	<include name="ListFocusScroll22">
		<animation effect="slide" start="0,-44" end="0,0" time="100" reversible="false" tween="quadratic" easing="out" condition="Container(49).OnNext">focus</animation>
		<animation effect="slide" start="0,44" end="0,0" time="100" reversible="false" tween="quadratic" easing="out" condition="Container(49).OnPrevious">focus</animation>
		<animation effect="fade" start="70" end="100" time="750" pulse="true" condition="true">Conditional</animation>
	</include>
	<include name="ListFocusScroll23">
		<animation effect="slide" start="0,-44" end="0,0" time="100" reversible="false" tween="quadratic" easing="out" condition="Container(50).OnNext">focus</animation>
		<animation effect="slide" start="0,44" end="0,0" time="100" reversible="false" tween="quadratic" easing="out" condition="Container(50).OnPrevious">focus</animation>
		<animation effect="fade" start="70" end="100" time="750" pulse="true" condition="true">Conditional</animation>
	</include>
	<include name="ListFocusScroll26">
		<animation effect="slide" start="0,-44" end="0,0" time="100" reversible="false" tween="quadratic" easing="out" condition="Container(11).OnNext">focus</animation>
		<animation effect="slide" start="0,44" end="0,0" time="100" reversible="false" tween="quadratic" easing="out" condition="Container(11).OnPrevious">focus</animation>
		<animation effect="fade" start="70" end="100" time="750" pulse="true" condition="true">Conditional</animation>
	</include>
	<include name="ListFocusScroll27">
		<animation effect="slide" start="0,-44" end="0,0" time="100" reversible="false" tween="quadratic" easing="out" condition="Container(12).OnNext">focus</animation>
		<animation effect="slide" start="0,44" end="0,0" time="100" reversible="false" tween="quadratic" easing="out" condition="Container(12).OnPrevious">focus</animation>
		<animation effect="fade" start="70" end="100" time="750" pulse="true" condition="true">Conditional</animation>
	</include>
	<include name="ListFocusScroll28">
		<animation effect="slide" start="0,-44" end="0,0" time="100" reversible="false" tween="quadratic" easing="out" condition="Container(13).OnNext">focus</animation>
		<animation effect="slide" start="0,44" end="0,0" time="100" reversible="false" tween="quadratic" easing="out" condition="Container(13).OnPrevious">focus</animation>
		<animation effect="fade" start="70" end="100" time="750" pulse="true" condition="true">Conditional</animation>
	</include>
	<include name="ListFocusScroll30">
		<animation effect="slide" start="0,-88" end="0,0" time="100" reversible="false" tween="quadratic" easing="out" condition="Container(6).OnNext">focus</animation>
		<animation effect="slide" start="0,88" end="0,0" time="100" reversible="false" tween="quadratic" easing="out" condition="Container(6).OnPrevious">focus</animation>
		<animation effect="fade" start="70" end="100" time="750" pulse="true" condition="true">Conditional</animation>
	</include>
	<include name="ListFocusScroll31">
		<animation effect="slide" start="0,-51" end="0,0" time="100" reversible="false" tween="quadratic" easing="out" condition="Container(150).OnNext">focus</animation>
		<animation effect="slide" start="0,51" end="0,0" time="100" reversible="false" tween="quadratic" easing="out" condition="Container(150).OnPrevious">focus</animation>
		<animation effect="fade" start="70" end="100" time="750" pulse="true" condition="true">Conditional</animation>
	</include>
	<include name="Music-Icons-CaseAnimation1">
		<animation type="focus" reversible="false">
			<effect type="zoom" start="75,316,252,243" end="27,366,352,339" time="250" />
			<effect type="rotatey" delay="500" center="48" start="0" end="75" time="1000" tween="quadratic" easing="out" />
		</animation>
		<animation type="UnFocus" reversible="true">
			<effect type="zoom" end="75,316,252,243" start="27,366,352,339" time="250" />
			<effect type="rotatey" center="48" start="75" end="0" time="250" />
		</animation>
	</include>
	<include name="Music-Icons-CaseAnimation2">
		<animation type="focus" reversible="false">
			<effect type="zoom" start="48,312,288,252" end="-10,363,402,351" time="250" />
			<effect type="rotatey" delay="500" center="48" start="0" end="75" time="1000" tween="quadratic" easing="out" />
		</animation>
		<animation type="UnFocus" reversible="true">
			<effect type="zoom" end="48,312,288,252" start="-10,363,402,351" time="250" />
			<effect type="rotatey" center="48" start="75" end="0" time="250" />
		</animation>
	</include>
	<include name="Music-Icons-CaseAnimation3">
		<animation type="focus" reversible="false">
			<effect type="zoom" start="75,64,252,243" end="27,16,352,339" time="250" />
			<effect type="rotatey" delay="500" center="48" start="0" end="75" time="1000" tween="quadratic" easing="out" />
		</animation>
		<animation type="UnFocus" reversible="true">
			<effect type="zoom" end="75,64,252,243" start="27,16,352,339" time="250" />
			<effect type="rotatey" center="48" start="75" end="0" time="250" />
		</animation>
	</include>
	<include name="Music-Icons-CaseAnimation4">
		<animation type="focus" reversible="false">
			<effect type="zoom" start="48,60,288,252" end="-10,10,402,351" time="250" />
			<effect type="rotatey" delay="500" center="48" start="0" end="75" time="1000" tween="quadratic" easing="out" />
		</animation>
		<animation type="UnFocus" reversible="true">
			<effect type="zoom" start="-10,10,402,351" end="48,60,288,252" time="250" />
			<effect type="rotatey" center="48" start="75" end="0" time="250" />
		</animation>
	</include>
	<include name="Music-Icons-CaseNoAnimation1">
		<animation type="focus" reversible="false">
			<effect type="zoom" start="75,316,252,243" end="27,366,352,339" time="250" />
		</animation>
		<animation type="UnFocus" reversible="true">
			<effect type="zoom" end="75,316,252,243" start="-27,366,352,339" time="250" />
		</animation>
	</include>
	<include name="Music-Icons-CaseNoAnimation2">
		<animation type="focus" reversible="false">
			<effect type="zoom" start="48,312,288,252" end="-10,363,402,351" time="250" />
		</animation>
		<animation type="UnFocus" reversible="true">
			<effect type="zoom" end="48,312,288,252" start="-10,363,402,351" time="250" />
		</animation>
	</include>
	<include name="Music-Icons-CaseNoAnimation3">
		<animation type="focus" reversible="false">
			<effect type="zoom" start="75,64,252,243" end="27,16,352,339" time="250" />
		</animation>
		<animation type="UnFocus" reversible="true">
			<effect type="zoom" end="75,64,252,243" start="27,16,352,339" time="250" />
		</animation>
	</include>
	<include name="Music-Icons-CaseNoAnimation4">
		<animation type="focus" reversible="false">
			<effect type="zoom" start="48,60,288,252" end="-10,10,402,351" time="250" />
		</animation>
		<animation type="UnFocus" reversible="true">
			<effect type="zoom" start="-10,10,402,351" end="48,60,288,252" time="250" />
		</animation>
	</include>
	<include name="RecentFadeEffect">
		<animation effect="fade" time="400">Visible</animation>
		<animation effect="fade" time="400">Hidden</animation>
	</include>
	<include name="Video-Icons-CaseAnimation1">
		<animation type="focus" reversible="false">
			<effect type="zoom" start="45,453,282,400" end="14,498,342,486" time="250" />
			<effect type="rotatey" delay="500" center="46" start="0" end="75" time="1000" tween="quadratic" easing="out" />
		</animation>
		<animation type="UnFocus" reversible="true">
			<effect type="zoom" start="14,498,342,486" end="45,453,282,400" time="250" />
			<effect type="rotatey" center="46" start="75" end="0" time="250" />
		</animation>
	</include>
	<include name="Video-Icons-CaseAnimation2">
		<animation type="focus" reversible="false">
			<effect type="zoom" start="45,424,303,465" end="14,464,366,561" time="250" />
			<effect type="rotatey" delay="500" center="46" start="0" end="75" time="1000" tween="quadratic" easing="out" />
		</animation>
		<animation type="UnFocus" reversible="true">
			<effect type="zoom" start="14,464,366,561" end="45,424,303,465" time="250" />
			<effect type="rotatey" center="46" start="75" end="0" time="250" />
		</animation>
	</include>
	<include name="Video-Icons-CaseAnimation3">
		<animation type="focus" reversible="false">
			<effect type="zoom" start="45,36,282,400" end="14,-4,342,486" time="250" />
			<effect type="rotatey" delay="500" center="46" start="0" end="75" time="1000" tween="quadratic" easing="out" />
		</animation>
		<animation type="UnFocus" reversible="true">
			<effect type="zoom" start="14,-4,342,486" end="45,36,282,400" time="250" />
			<effect type="rotatey" center="46" start="75" end="0" time="250" />
		</animation>
	</include>
	<include name="Video-Icons-CaseAnimation4">
		<animation type="focus" reversible="false">
			<effect type="zoom" start="45,0,303,465" end="14,-48,366,561" time="250" />
			<effect type="rotatey" delay="500" center="46" start="0" end="75" time="1000" tween="quadratic" easing="out" />
		</animation>
		<animation type="UnFocus" reversible="true">
			<effect type="zoom" start="14,-48,366,561" end="45,0,303,465" time="250" />
			<effect type="rotatey" center="46" start="75" end="0" time="250" />
		</animation>
	</include>
	<include name="Video-Icons-CaseAnimation5">
		<animation type="focus" reversible="false">
			<effect type="zoom" start="278,381,52,52" end="296,414,61,61" time="250" />
			<effect type="rotatey" delay="500" center="30" start="0" end="75" time="1000" tween="quadratic" easing="out" />
		</animation>
		<animation type="UnFocus" reversible="true">
			<effect type="zoom" start="296,414,61,61" end="278,381,52,52" time="250" />
			<effect type="rotatey" center="46" start="75" end="0" time="250" />
		</animation>
	</include>
	<include name="Video-Icons-CaseAnimation6">
		<animation type="focus" reversible="false">
			<effect type="zoom" start="278,456,52,52" end="296,501,61,61" time="250" />
			<effect type="rotatey" delay="500" center="30" start="0" end="75" time="1000" tween="quadratic" easing="out" />
		</animation>
		<animation type="UnFocus" reversible="true">
			<effect type="zoom" start="296,501,61,61" end="278,456,52,52" time="250" />
			<effect type="rotatey" center="46" start="75" end="0" time="250" />
		</animation>
	</include>
	<include name="Video-Icons-CaseNoAnimation1">
		<animation type="focus" reversible="false">
			<effect type="zoom" start="45,453,282,400" end="14,498,342,486" time="250" />
		</animation>
		<animation type="UnFocus" reversible="true">
			<effect type="zoom" start="14,498,342,486" end="45,453,282,400" time="250" />
		</animation>
	</include>
	<include name="Video-Icons-CaseNoAnimation2">
		<animation type="focus" reversible="false">
			<effect type="zoom" start="45,424,303,465" end="14,464,366,561" time="250" />
		</animation>
		<animation type="UnFocus" reversible="true">
			<effect type="zoom" start="14,464,366,561" end="45,424,303,465" time="250" />
		</animation>
	</include>
	<include name="Video-Icons-CaseNoAnimation3">
		<animation type="focus" reversible="false">
			<effect type="zoom" start="45,36,282,400" end="14,-4,342,486" time="250" />
		</animation>
		<animation type="UnFocus" reversible="true">
			<effect type="zoom" start="14,-4,342,486" end="45,36,282,400" time="250" />
		</animation>
	</include>
	<include name="Video-Icons-CaseNoAnimation4">
		<animation type="focus" reversible="false">
			<effect type="zoom" start="45,0,303,465" end="14,-48,366,561" time="250" />
		</animation>
		<animation type="UnFocus" reversible="true">
			<effect type="zoom" start="14,-48,366,561" end="45,0,303,465" time="250" />
		</animation>
	</include>
	<include name="Video-Icons-CaseNoAnimation5">
		<animation type="focus" reversible="false">
			<effect type="zoom" start="278,381,52,52" end="296,414,61,61" time="250" />
		</animation>
		<animation type="UnFocus" reversible="true">
			<effect type="zoom" start="296,414,61,61" end="278,381,52,52" time="250" />
		</animation>
	</include>
	<include name="Video-Icons-CaseNoAnimation6">
		<animation type="focus" reversible="false">
			<effect type="zoom" start="278,456,52,52" end="296,501,61,61" time="250" />
		</animation>
		<animation type="UnFocus" reversible="true">
			<effect type="zoom" start="296,501,61,61" end="278,456,52,52" time="250" />
		</animation>
	</include>
	<include name="VisibleFadeEffect">
		<animation effect="fade" time="200">Visible</animation>
		<animation effect="fade" time="200">Hidden</animation>
	</include>
	<include name="VisibleFadeEffect2">
		<animation effect="fade" time="200">Visible</animation>
		<animation effect="fade" time="200">Hidden</animation>
		<animation effect="fade" time="200">WindowOpen</animation>
		<animation effect="fade" time="200">WindowClose</animation>
	</include>
	<include name="VisibleFadeEffect3">
		<animation effect="fade" time="400">Visible</animation>
		<animation effect="fade" time="400">Hidden</animation>
		<animation effect="fade" time="400">WindowOpen</animation>
		<animation effect="fade" time="400">WindowClose</animation>
	</include>
	<include name="VisibleFadeEffect4">
		<animation effect="fade" time="200">Visible</animation>
		<animation effect="fade" time="200" delay="1500">Hidden</animation>
	</include>
	<include name="Window_OpenClose_Animation">
		<animation effect="fade" time="200">WindowOpen</animation>
		<animation effect="fade" time="200">WindowClose</animation>
	</include>
	<include name="Window_OpenClose_Header_Animation">
		<animation effect="slide" start="0,-82" end="0,0" time="300" tween="quadratic" easing="out">WindowOpen</animation>
		<animation effect="slide" start="0,0" end="0,-82" time="300" tween="quadratic" easing="out">WindowClose</animation>
	</include>
	<include name="Window_OpenClose_Footer_Animation">
		<animation effect="slide" start="0,82" end="0,0" time="300" tween="quadratic" easing="out">WindowOpen</animation>
		<animation effect="slide" start="0,0" end="0,82" time="300" tween="quadratic" easing="out">WindowClose</animation>
	</include>
	<include name="Window_OpenClose_Visible_Coverflow(-3)_Animation">
		<animation effect="slide" start="-1050,0" end="0,0" time="400" tween="quadratic" easing="out">WindowOpen</animation>
		<animation effect="slide" start="0,0" end="-1050,0" time="400" tween="quadratic" easing="out">WindowClose</animation>
		<animation effect="slide" start="-1050,0" end="0,0" time="400" tween="quadratic" easing="out">Visible</animation>
	</include>
	<include name="Window_OpenClose_Visible_Coverflow(-2)_Animation">
		<animation effect="slide" start="-1050,0" end="0,0" time="300" tween="quadratic" easing="out">WindowOpen</animation>
		<animation effect="slide" start="0,0" end="-1050,0" time="300" tween="quadratic" easing="out">WindowClose</animation>
		<animation effect="slide" start="-1050,0" end="0,0" time="300" tween="quadratic" easing="out">Visible</animation>
	</include>
	<include name="Window_OpenClose_Visible_Coverflow(-1)_Animation">
		<animation effect="slide" start="-1050,0" end="0,0" time="200" tween="quadratic" easing="out">WindowOpen</animation>
		<animation effect="slide" start="0,0" end="-1050,0" time="200" tween="quadratic" easing="out">WindowClose</animation>
		<animation effect="slide" start="-1050,0" end="0,0" time="200" tween="quadratic" easing="out">Visible</animation>
	</include>
	<include name="Window_OpenClose_Visible_Coverflow(0)_Animation">
		<animation effect="slide" start="0,750" end="0,0" time="400" tween="quadratic" easing="out">WindowOpen</animation>
		<animation effect="slide" start="0,0" end="0,750" time="400" tween="quadratic" easing="out">WindowClose</animation>
		<animation effect="slide" start="0,750" end="0,0" time="400" tween="quadratic" easing="out">Visible</animation>
	</include>
	<include name="Window_OpenClose_Visible_Coverflow(1)_Animation">
		<animation effect="slide" start="1050,0" end="0,0" time="200" tween="quadratic" easing="out">WindowOpen</animation>
		<animation effect="slide" start="0,0" end="1050,0" time="200" tween="quadratic" easing="out">WindowClose</animation>
		<animation effect="slide" start="1050,0" end="0,0" time="200" tween="quadratic" easing="out">Visible</animation>
	</include>
	<include name="Window_OpenClose_Visible_Coverflow(2)_Animation">
		<animation effect="slide" start="1050,0" end="0,0" time="300" tween="quadratic" easing="out">WindowOpen</animation>
		<animation effect="slide" start="0,0" end="1050,0" time="300" tween="quadratic" easing="out">WindowClose</animation>
		<animation effect="slide" start="1050,0" end="0,0" time="300" tween="quadratic" easing="out">Visible</animation>
	</include>
	<include name="Window_OpenClose_Visible_Coverflow(3)_Animation">
		<animation effect="slide" start="1050,0" end="0,0" time="400" tween="quadratic" easing="out">WindowOpen</animation>
		<animation effect="slide" start="0,0" end="1050,0" time="400" tween="quadratic" easing="out">WindowClose</animation>
		<animation effect="slide" start="1050,0" end="0,0" time="400" tween="quadratic" easing="out">Visible</animation>
	</include>
	<include name="Window_OpenClose_Visible_FanartButton_Animation">
		<animation effect="slide" start="1920,0" end="0,0" time="300" tween="quadratic" easing="out">WindowOpen</animation>
		<animation effect="slide" start="0,0" end="1920,0" time="300" tween="quadratic" easing="out">WindowClose</animation>
		<animation effect="slide" start="1920,0" end="0,0" time="300" tween="quadratic" easing="out">Visible</animation>
	</include>
	<include name="Window_OpenClose_Visible_FanartInfo_Animation">
		<animation effect="slide" start="0,300" end="0,0" time="300" tween="quadratic" easing="out">WindowOpen</animation>
		<animation effect="slide" start="0,0" end="0,300" time="300" tween="quadratic" easing="out">WindowClose</animation>
		<animation effect="slide" start="0,300" end="0,0" time="300" tween="quadratic" easing="out">Visible</animation>
	</include>
	<include name="Window_OpenClose_Visible_FanartIcon_Animation">
		<animation effect="slide" start="-480,0" end="0,0" time="300" tween="quadratic" easing="out">WindowOpen</animation>
		<animation effect="slide" start="0,0" end="-480,0" time="300" tween="quadratic" easing="out">WindowClose</animation>
		<animation effect="slide" start="-480,0" end="0,0" time="300" tween="quadratic" easing="out">Visible</animation>
	</include>
	<include name="Window_OpenClose_Visible_FanartIcon_Animation_Right">
		<animation effect="slide" start="480,0" end="0,0" time="300" tween="quadratic" easing="out">WindowOpen</animation>
		<animation effect="slide" start="0,0" end="480,0" time="300" tween="quadratic" easing="out">WindowClose</animation>
		<animation effect="slide" start="480,0" end="0,0" time="300" tween="quadratic" easing="out">Visible</animation>
	</include>
	<include name="Window_OpenClose_Visible_ItemDisc_Animation">
		<animation type="WindowOpen">
			<effect type="slide" start="0,180" end="0,0" tween="cubic" easing="out" time="300" />
			<effect type="rotate" center="auto" start="-180" end="0" time="300" />
		</animation>
		<animation type="WindowClose">
			<effect type="slide" start="0,0" end="0,180" tween="cubic" easing="out" time="300" />
			<effect type="rotate" center="auto" start="0" end="-180" time="300" />
		</animation>
	</include>
	<include name="Window_OpenClose_Visible_ItemIcon_Animation">
		<animation effect="slide" start="480,0" end="0,0" time="300" tween="quadratic" easing="out">WindowOpen</animation>
		<animation effect="slide" start="0,0" end="480,0" time="300" tween="quadratic" easing="out">WindowClose</animation>
		<animation effect="slide" start="480,0" end="0,0" time="300" tween="quadratic" easing="out">Visible</animation>
	</include>
	<include name="Window_OpenClose_Visible_MediaFlags_Animation">
		<animation effect="slide" start="0,195" end="0,0" time="300" tween="quadratic" easing="out">WindowOpen</animation>
		<animation effect="slide" start="0,0" end="0,195" time="30" tween="quadratic" easing="out">WindowClose</animation>
	</include>
	<include name="Window_OpenClose_Visible_MediaFlags_Animation2">
		<animation effect="slide" start="0,195" end="0,0" time="300" tween="quadratic" easing="out">WindowOpen</animation>
		<animation effect="slide" start="0,0" end="0,195" time="300" tween="quadratic" easing="out">WindowClose</animation>
		<animation effect="slide" start="0,195" end="0,0" time="300" tween="quadratic" easing="out">Visible</animation>
	</include>
	<include name="Window_OpenClose_Visible_Slide(-7)_Animation">
		<animation effect="slide" start="0,375" end="0,0" time="550" tween="back" easing="inout">WindowOpen</animation>
		<animation effect="slide" start="0,0" end="0,375" time="550" tween="back" easing="inout">WindowClose</animation>
		<animation effect="slide" start="0,375" end="0,0" time="550" tween="back" easing="inout">Visible</animation>
	</include>
	<include name="Window_OpenClose_Visible_Slide(-6)_Animation">
		<animation effect="slide" start="0,375" end="0,0" time="500" tween="back" easing="inout">WindowOpen</animation>
		<animation effect="slide" start="0,0" end="0,375" time="500" tween="back" easing="inout">WindowClose</animation>
		<animation effect="slide" start="0,375" end="0,0" time="500" tween="back" easing="inout">Visible</animation>
	</include>
	<include name="Window_OpenClose_Visible_Slide(-5)_Animation">
		<animation effect="slide" start="0,375" end="0,0" time="450" tween="back" easing="inout">WindowOpen</animation>
		<animation effect="slide" start="0,0" end="0,375" time="450" tween="back" easing="inout">WindowClose</animation>
		<animation effect="slide" start="0,375" end="0,0" time="450" tween="back" easing="inout">Visible</animation>
	</include>
	<include name="Window_OpenClose_Visible_Slide(-4)_Animation">
		<animation effect="slide" start="0,375" end="0,0" time="400" tween="back" easing="inout">WindowOpen</animation>
		<animation effect="slide" start="0,0" end="0,375" time="400" tween="back" easing="inout">WindowClose</animation>
		<animation effect="slide" start="0,375" end="0,0" time="400" tween="back" easing="inout">Visible</animation>
	</include>
	<include name="Window_OpenClose_Visible_Slide(-3)_Animation">
		<animation effect="slide" start="0,375" end="0,0" time="350" tween="back" easing="inout">WindowOpen</animation>
		<animation effect="slide" start="0,0" end="0,375" time="350" tween="back" easing="inout">WindowClose</animation>
		<animation effect="slide" start="0,375" end="0,0" time="350" tween="back" easing="inout">Visible</animation>
	</include>
	<include name="Window_OpenClose_Visible_Slide(-2)_Animation">
		<animation effect="slide" start="0,375" end="0,0" time="300" tween="back" easing="inout">WindowOpen</animation>
		<animation effect="slide" start="0,0" end="0,375" time="300" tween="back" easing="inout">WindowClose</animation>
		<animation effect="slide" start="0,375" end="0,0" time="300" tween="back" easing="inout">Visible</animation>
	</include>
	<include name="Window_OpenClose_Visible_Slide(-1)_Animation">
		<animation effect="slide" start="0,375" end="0,0" time="250" tween="back" easing="inout">WindowOpen</animation>
		<animation effect="slide" start="0,0" end="0,375" time="250" tween="back" easing="inout">WindowClose</animation>
		<animation effect="slide" start="0,375" end="0,0" time="250" tween="back" easing="inout">Visible</animation>
	</include>
	<include name="Window_OpenClose_Visible_Slide(0)_Animation">
		<animation effect="slide" start="0,375" end="0,0" time="200" tween="back" easing="inout">WindowOpen</animation>
		<animation effect="slide" start="0,0" end="0,375" time="200" tween="back" easing="inout">WindowClose</animation>
		<animation effect="slide" start="0,375" end="0,0" time="200" tween="back" easing="inout">Visible</animation>
	</include>
	<include name="Window_OpenClose_Visible_Slide(1)_Animation">
		<animation effect="slide" start="0,375" end="0,0" time="250" tween="back" easing="inout">WindowOpen</animation>
		<animation effect="slide" start="0,0" end="0,375" time="250" tween="back" easing="inout">WindowClose</animation>
		<animation effect="slide" start="0,375" end="0,0" time="250" tween="back" easing="inout">Visible</animation>
	</include>
	<include name="Window_OpenClose_Visible_Slide(2)_Animation">
		<animation effect="slide" start="0,375" end="0,0" time="300" tween="back" easing="inout">WindowOpen</animation>
		<animation effect="slide" start="0,0" end="0,375" time="300" tween="back" easing="inout">WindowClose</animation>
		<animation effect="slide" start="0,375" end="0,0" time="300" tween="back" easing="inout">Visible</animation>
	</include>
	<include name="Window_OpenClose_Visible_Slide(3)_Animation">
		<animation effect="slide" start="0,375" end="0,0" time="350" tween="back" easing="inout">WindowOpen</animation>
		<animation effect="slide" start="0,0" end="0,375" time="350" tween="back" easing="inout">WindowClose</animation>
		<animation effect="slide" start="0,375" end="0,0" time="350" tween="back" easing="inout">Visible</animation>
	</include>
	<include name="Window_OpenClose_Visible_Slide(4)_Animation">
		<animation effect="slide" start="0,375" end="0,0" time="400" tween="back" easing="inout">WindowOpen</animation>
		<animation effect="slide" start="0,0" end="0,375" time="400" tween="back" easing="inout">WindowClose</animation>
		<animation effect="slide" start="0,375" end="0,0" time="400" tween="back" easing="inout">Visible</animation>
	</include>
	<include name="Window_OpenClose_Visible_Slide(5)_Animation">
		<animation effect="slide" start="0,375" end="0,0" time="450" tween="back" easing="inout">WindowOpen</animation>
		<animation effect="slide" start="0,0" end="0,375" time="450" tween="back" easing="inout">WindowClose</animation>
		<animation effect="slide" start="0,375" end="0,0" time="450" tween="back" easing="inout">Visible</animation>
	</include>
	<include name="Window_OpenClose_Visible_Slide(6)_Animation">
		<animation effect="slide" start="0,375" end="0,0" time="500" tween="back" easing="inout">WindowOpen</animation>
		<animation effect="slide" start="0,0" end="0,375" time="500" tween="back" easing="inout">WindowClose</animation>
		<animation effect="slide" start="0,375" end="0,0" time="500" tween="back" easing="inout">Visible</animation>
	</include>
	<include name="Window_OpenClose_Visible_Slide(7)_Animation">
		<animation effect="slide" start="0,375" end="0,0" time="550" tween="back" easing="inout">WindowOpen</animation>
		<animation effect="slide" start="0,0" end="0,375" time="550" tween="back" easing="inout">WindowClose</animation>
		<animation effect="slide" start="0,375" end="0,0" time="550" tween="back" easing="inout">Visible</animation>
	</include>
	<include name="Window_OpenClose_Visible_TopInfo_Animation">
		<animation effect="slide" start="0,-225" end="0,0" time="300" tween="quadratic" easing="out">WindowOpen</animation>
		<animation effect="slide" start="0,0" end="0,-225" time="300" tween="quadratic" easing="out">WindowClose</animation>
		<animation effect="slide" start="0,-225" end="0,0" time="300" tween="quadratic" easing="out">Visible</animation>
	</include>
	<include name="Window_OpenClose_Left_Panel_Animation">
		<animation effect="slide" start="-600,0" end="0,0" time="300" tween="quadratic" easing="out">WindowOpen</animation>
		<animation effect="slide" start="0,0" end="-600,0" time="300" tween="quadratic" easing="out">WindowClose</animation>
	</include>
	<include name="Window_OpenClose_Right_Panel_Animation">
		<animation effect="slide" start="1920,0" end="0,0" time="300" tween="quadratic" easing="out">WindowOpen</animation>
		<animation effect="slide" start="0,0" end="1920,0" time="300" tween="quadratic" easing="out">WindowClose</animation>
	</include>
	<include name="Window_OpenClose_Top_Animation">
		<animation effect="slide" start="0,-1080" end="0,0" time="500" tween="quadratic" easing="out">WindowOpen</animation>
		<animation effect="slide" start="0,0" end="0,-1080" time="500" tween="quadratic" easing="in">WindowClose</animation>
	</include>
	<include name="Window_OpenClose_Bottom_Animation">
		<animation effect="slide" start="0,1080" end="0,0" time="500" tween="quadratic" easing="out">WindowOpen</animation>
		<animation effect="slide" start="0,0" end="0,1080" time="500" tween="quadratic" easing="in">WindowClose</animation>
	</include>
	<include name="Window_OpenClose_Left_Animation">
		<animation effect="slide" start="1920,0" end="0,0" time="500" tween="quadratic" easing="out">WindowOpen</animation>
		<animation effect="slide" start="0,0" end="1920,0" time="500" tween="quadratic" easing="in">WindowClose</animation>
	</include>
	<include name="Window_OpenClose_Right_Animation">
		<animation effect="slide" start="-1920,0" end="0,0" time="500" tween="quadratic" easing="out">WindowOpen</animation>
		<animation effect="slide" start="0,0" end="-1920,0" time="500" tween="quadratic" easing="in">WindowClose</animation>
	</include>
	<include name="Window_OpenClose_Settings_Bottom_Animation">
		<animation effect="slide" start="0,180" end="0,0" time="300" tween="quadratic" easing="out">WindowOpen</animation>
		<animation effect="slide" start="0,0" end="0,180" time="300" tween="quadratic" easing="in">WindowClose</animation>
	</include>
</includes>
