<?xml version="1.0" encoding="utf-8"?>
<window>
	<defaultcontrol always="true">50</defaultcontrol>
	<views>50,51,52,53,594,597,599</views>
	<menucontrol>9000</menucontrol>
	<controls>
		<include condition="!Skin.HasSetting(HideVideoBackgrounds)">CommonVideoPlayingBackground</include>
		<control type="multiimage">
			<left>0</left>
			<top>0</top>
			<width>1920</width>
			<height>1080</height>
			<imagepath fallback="special://skin/backgrounds/background-pictures.jpg" background="true">$INFO[Skin.String(Custom_Back_Pictures_Folder)]</imagepath>
			<aspectratio>scale</aspectratio>
			<timeperimage>5000</timeperimage>
			<randomize>true</randomize>
			<fadetime>2000</fadetime>
			<include condition="Skin.HasSetting(AnimateBackgrounds)">backgroundanimation</include>
			<include>VisibleFadeEffect</include>
			<visible>[String.IsEmpty(ListItem.Property(Fanart_Image)) + String.IsEmpty(Container(597).ListItem(0).Thumb)] + ![Player.HasVideo + !Skin.HasSetting(HideVideoBackgrounds)]</visible>
		</control>
		<control type="image">
			<left>0</left>
			<top>0</top>
			<width>1920</width>
			<height>1080</height>
			<texture background="true">$INFO[ListItem.Property(Fanart_Image)]</texture>
			<aspectratio>scale</aspectratio>
			<fadetime>FanartCrossfadeTime</fadetime>
			<include>VisibleFadeEffect</include>
			<include condition="Skin.HasSetting(AnimateFanart)">backgroundanimation</include>
			<visible>!String.IsEmpty(ListItem.Property(Fanart_Image)) + ![Player.HasVideo + !Skin.HasSetting(HideVideoBackgrounds)]</visible>
		</control>
		<include>fanart-Programs_Pictures</include>
		<control type="image">
			<left>0</left>
			<top>0</top>
			<width>1920</width>
			<height>1080</height>
			<texture background="true">$INFO[Container(597).Listitem(0).Icon]</texture>
			<aspectratio>scale</aspectratio>
			<fadetime>1000</fadetime>
			<include condition="Skin.HasSetting(AnimateBackgrounds)">backgroundanimation</include>
			<include>VisibleFadeEffect</include>
			<visible>Control.IsVisible(597) + !String.IsEmpty(Container(597).ListItem(0).Thumb)</visible>
		</control>
		<control type="image">
			<left>0</left>
			<top>0</top>
			<width>1920</width>
			<height>1080</height>
			<texture>black.png</texture>
			<include>VisibleFadeEffect</include>
			<colordiffuse>A2000000</colordiffuse>
			<animation effect="fade" start="100" end="0" time="300" condition="Window.IsActive(PictureInfo)" reversible="true">conditional</animation>
			<visible>Control.IsVisible(597)</visible>
		</control>
		<control type="image">
			<left>-21</left>
			<top>-21</top>
			<width>1962</width>
			<height>1122</height>
			<texture background="true">$INFO[ListItem.FilenameAndPath]</texture>
			<fadetime>FanartCrossfadeTime</fadetime>
			<aspectratio>keep</aspectratio>
			<bordertexture border="17">poster-shadow.png</bordertexture>
			<bordersize>14</bordersize>
			<include>VisibleFadeEffect</include>
			<visible>[Control.IsVisible(594) | Control.IsVisible(50)] + !Skin.HasSetting(Picture_Fullscreen)</visible>
		</control>
		<control type="image">
			<left>0</left>
			<top>0</top>
			<width>1920</width>
			<height>1080</height>
			<texture background="true">$INFO[ListItem.FilenameAndPath]</texture>
			<fadetime>FanartCrossfadeTime</fadetime>
			<aspectratio>scale</aspectratio>
			<include>VisibleFadeEffect</include>
			<visible>[Control.IsVisible(594) | Control.IsVisible(50)] + Skin.HasSetting(Picture_Fullscreen)</visible>
		</control>
		<include condition="!Skin.HasSetting(HideVisBackgrounds)">CommonVisualizationBackground</include>
		<control type="group">
			<include>ContentFade</include>
			<include condition="!Skin.HasSetting(Hide-Pictures-Polaroid)">Polaroid</include>
			<include condition="!Skin.HasSetting(Hide-Pictures-PicThumb)">PicThumb</include>
		</control>
		<control type="group">
			<include>ContentFade</include>
			<include>Window_OpenClose_Right_Panel_Animation</include>
			<include>ContentPanel</include>
			<include condition="!Skin.HasSetting(Hide-Pictures-FullList)">FullList</include>
			<include condition="!Skin.HasSetting(Hide-Pictures-List)">List</include>
			<include condition="!Skin.HasSetting(Hide-Pictures-Thumbnail)">Thumbnail</include>
			<include condition="!Skin.HasSetting(Hide-Pictures-MediaInfo)">MediaInfo-AddOns</include>
			<include>Fanart-ProgramsPicturesAddons</include>
			<include>AllViewCommonPageControls</include>
			<include>ScrollOffsetLabel</include>
			<animation effect="slide" start="0,0" end="1045,174" time="300" tween="quadratic" easing="out" condition="Control.IsVisible(50) + !Skin.HasSetting(FanartShort) + !Skin.HasSetting(FanartLong)">Conditional</animation>
			<animation effect="slide" start="0,0" end="1045,393" time="300" tween="quadratic" easing="out" condition="Control.IsVisible(50) + Skin.HasSetting(FanartShort)">Conditional</animation>
			<animation effect="slide" start="0,0" end="1045,-190" time="300" tween="quadratic" easing="out" condition="Control.IsVisible(50) + Skin.HasSetting(FanartLong)">Conditional</animation>
			<animation effect="slide" start="0,0" end="1658,0" time="300" tween="quadratic" easing="out" condition="[Control.IsVisible(594) | Control.IsVisible(597)]">Conditional</animation>
			<animation effect="slide" start="0,0" end="112,0" time="200" delay="200" tween="quadratic" easing="out" condition="Skin.HasSetting(WideSideMenuButtons) + ControlGroup(9000).HasFocus + ![Control.IsVisible(57) | Control.IsVisible(597) | Control.IsVisible(50)]">Conditional</animation>
		</control>
		<control type="group">
			<include>ContentFade2</include>
			<include>Fanart-Pictures-Extras</include>
		</control>
		<control type="group">
			<top>34</top>
			<include>ContentFade</include>
			<include>Window_OpenClose_Left_Panel_Animation</include>
			<include>CommonNowPlaying</include>
			<control type="grouplist" id="9000">
				<include condition="!Skin.HasSetting(WideSideMenuButtons)">Window_OpenClose_Left_Panel_Position_Normal</include>
				<include condition="Skin.HasSetting(WideSideMenuButtons)">Window_OpenClose_Left_Panel_Position_Wide</include>
				<include>SideMenuAnim</include>
				<onleft>50</onleft>
				<onright>50</onright>
				<itemgap>-2</itemgap>
				<control type="button" id="2">
					<description>View As button</description>
					<left>0</left>
					<top>0</top>
					<include>ButtonCommonValues</include>
					<label></label>
					<visible>!Skin.HasSetting(KioskMode)</visible>
				</control>
				<control type="button" id="3">
					<description>Sort by button</description>
					<left>0</left>
					<top>68</top>
					<include>ButtonCommonValues</include>
					<label>103</label>
					<visible>!Skin.HasSetting(KioskMode)</visible>
				</control>
				<control type="togglebutton" id="4">
					<description>Sort asc</description>
					<include>ButtonCommonValues</include>
					<include>ButtonToggleCommonValues</include>
					<label>$LOCALIZE[31412] $LOCALIZE[584]</label>
					<altlabel>$LOCALIZE[31412] $LOCALIZE[585]</altlabel>
					<visible>!Skin.HasSetting(KioskMode)</visible>
				</control>
				<control type="edit" id="19">
					<description>Filter</description>
					<left>0</left>
					<top>135</top>
					<include>ButtonCommonValues</include>
					<label>587</label>
					<visible>!Skin.HasSetting(KioskMode)</visible>
				</control>
				<control type="button" id="6">
					<description>Slideshow</description>
					<left>0</left>
					<top>202</top>
					<include>ButtonCommonValues</include>
					<label>108</label>
				</control>
				<control type="button" id="7">
					<description>Recursive Slideshow</description>
					<left>0</left>
					<top>270</top>
					<include>ButtonCommonValues</include>
					<label>361</label>
				</control>
				<control type="radiobutton" id="9">
					<description>Randomize Toggle</description>
					<left>0</left>
					<top>338</top>
					<include>ButtonCommonValues</include>
					<label>13319</label>
					<visible>!Control.IsVisible(597)</visible>
				</control>
				<control type="button" id="622">
					<description>Get more</description>
					<include>ButtonCommonValues</include>
					<label>21452</label>
					<onclick>ActivateWindow(addonbrowser,addons://more/image/,return)</onclick>
					<visible>!Skin.HasSetting(KioskMode) + Container.Content(addons)</visible>
				</control>
				<control type="button" id="610">
					<description>PlayerControls</description>
					<left>0</left>
					<top>405</top>
					<include>ButtonCommonValues</include>
					<label>16003</label>
					<onclick>ActivateWindow(playercontrols)</onclick>
					<visible>Player.HasAudio | Player.HasVideo</visible>
				</control>
			</control>
		</control>
		<control type="group">
			<include>ContentFade</include>
			<include>Window_OpenClose_Header_Animation</include>
			<animation effect="slide" start="0,0" end="0,-82" time="300" tween="quadratic" easing="out" condition="Control.IsVisible(594) | Control.IsVisible(50)">Conditional</animation>
			<control type="image">
				<left>0</left>
				<top>0</top>
				<width>1920</width>
				<height>82</height>
				<texture border="1">Header.png</texture>
			</control>
			<include condition="!Skin.HasSetting(TopbarDateTime)">CommonDateTime</include>
			<include>CommonFileCount</include>
			<control type="grouplist">
				<include>Breadcrumbs</include>
				<include>Breadcrumbs-Pictures</include>
			</control>
		</control>
		<include condition="Skin.HasSetting(TouchScreenMode)">TouchScreenControls</include>
		<include condition="Skin.HasSetting(DebugMode)">debuginfo</include>
	</controls>
</window>
