<?xml version="1.0" encoding="utf-8"?>
<window>
	<defaultcontrol always="true">50</defaultcontrol>
	<menucontrol>9000</menucontrol>
	<views>50,51,52,58,59</views>
	<controls>
		<include condition="!Skin.HasSetting(HideVideoBackgrounds)">CommonVideoPlayingBackground</include>
		<control type="multiimage">
			<description>fallback if no playing or list fanart is available</description>
			<left>0</left>
			<top>0</top>
			<width>1920</width>
			<height>1080</height>
			<timeperimage>5000</timeperimage>
			<randomize>true</randomize>
			<fadetime>2000</fadetime>
			<imagepath fallback="special://skin/backgrounds/background-music.jpg" background="true">$INFO[Skin.String(Custom_Back_Music_Folder)]</imagepath>
			<aspectratio>scale</aspectratio>
			<include condition="Skin.HasSetting(AnimateBackgrounds)">backgroundanimation</include>
			<include>VisibleFadeEffect</include>
			<visible>Window.IsVisible(MusicPlaylist) + String.IsEmpty(ListItem.Property(Fanart_Image)) + String.IsEmpty(MusicPlayer.Property(Fanart_Image)) + ![Player.HasVideo + !Skin.HasSetting(HideVideoBackgrounds)]</visible>
		</control>
		<control type="image">
			<description>song fanart</description>
			<left>0</left>
			<top>0</top>
			<width>1920</width>
			<height>1080</height>
			<texture background="true">$INFO[ListItem.Property(Fanart_Image)]</texture>
			<aspectratio>scale</aspectratio>
			<fadetime>FanartCrossfadeTime</fadetime>
			<include>VisibleFadeEffect</include>
			<include condition="Skin.HasSetting(AnimateFanart)">backgroundanimation</include>
			<visible>Window.IsVisible(MusicPlaylist) + !Player.HasAudio | [Player.HasAudio + String.IsEmpty(MusicPlayer.Property(Fanart_Image))] + ![Player.HasVideo + !Skin.HasSetting(HideVideoBackgrounds)]</visible>
		</control>
		<control type="image">
			<description>song playing fanart</description>
			<left>0</left>
			<top>0</top>
			<width>1920</width>
			<height>1080</height>
			<texture background="true">$INFO[MusicPlayer.Property(Fanart_Image)]</texture>
			<aspectratio>scale</aspectratio>
			<fadetime>FanartCrossfadeTime</fadetime>
			<include>VisibleFadeEffect</include>
			<include condition="Skin.HasSetting(AnimateFanart)">backgroundanimation</include>
			<visible>Window.IsVisible(MusicPlaylist) + Player.HasAudio</visible>
		</control>
		<control type="image">
			<left>0</left>
			<top>0</top>
			<width>1920</width>
			<height>1080</height>
			<texture background="true">$INFO[ListItem.Property(Fanart_Image)]</texture>
			<aspectratio>scale</aspectratio>
			<fadetime>FanartCrossfadeTime</fadetime>
			<include>VisibleFadeEffect</include>
			<include condition="Skin.HasSetting(AnimateFanart)">backgroundanimation</include>
			<visible>Window.IsVisible(VideoPlaylist) + !String.IsEmpty(ListItem.Property(Fanart_Image)) + ![Player.HasVideo + !Skin.HasSetting(HideVideoBackgrounds)]</visible>
		</control>
		<control type="multiimage">
			<left>0</left>
			<top>0</top>
			<width>1920</width>
			<height>1080</height>
			<timeperimage>5000</timeperimage>
			<randomize>true</randomize>
			<fadetime>2000</fadetime>
			<imagepath fallback="special://skin/backgrounds/background-videos.jpg" background="true">$INFO[Skin.String(Custom_Back_Videos_Folder)]</imagepath>
			<aspectratio>scale</aspectratio>
			<include>VisibleFadeEffect</include>
			<include condition="Skin.HasSetting(AnimateBackgrounds)">backgroundanimation</include>
			<visible>Window.IsVisible(VideoPlaylist) + String.IsEmpty(ListItem.Property(Fanart_Image)) + ![Player.HasVideo + !Skin.HasSetting(HideVideoBackgrounds)]</visible>
		</control>
		<include condition="!Skin.HasSetting(HideVisBackgrounds)">CommonVisualizationBackground</include>
		<control type="group">
			<include>ContentFade</include>
			<control type="group">
				<include>Window_OpenClose_Right_Panel_Animation</include>
				<include>ContentPanel</include>
				<include condition="Window.IsVisible(MusicPlaylist) + !Skin.HasSetting(Hide-Music-FullList)">FullList-Music</include>
				<include condition="Window.IsVisible(MusicPlaylist) + !Skin.HasSetting(Hide-Music-List)">List-Music</include>
				<include condition="Window.IsVisible(MusicPlaylist) + !Skin.HasSetting(Hide-Music-MediaInfo)">MediaInfo-Music</include>
				<include condition="Window.IsVisible(MusicPlaylist)">Fanart-Music</include>
				<include condition="Window.IsVisible(VideoPlaylist) + !Skin.HasSetting(Hide-Videos-FullList)">FullList-Videos</include>
				<include condition="Window.IsVisible(VideoPlaylist) + !Skin.HasSetting(Hide-Videos-List)">List-Videos</include>
				<include condition="Window.IsVisible(VideoPlaylist)">Fanart-Videos</include>
				<include condition="Window.IsVisible(VideoPlaylist) + !Skin.HasSetting(Hide-Videos-MediaInfo)">MediaInfo-Movies</include>
				<include>AllViewCommonPageControls</include>
				<include>ScrollOffsetLabel</include>
				<animation effect="slide" start="0,0" end="1045,174" time="300" tween="quadratic" easing="out" condition="Control.IsVisible(50) + !Skin.HasSetting(FanartShort) + !Skin.HasSetting(FanartLong)">Conditional</animation>
				<animation effect="slide" start="0,0" end="1045,393" time="300" tween="quadratic" easing="out" condition="Control.IsVisible(50) + Skin.HasSetting(FanartShort)">Conditional</animation>
				<animation effect="slide" start="0,0" end="1045,-190" time="300" tween="quadratic" easing="out" condition="Control.IsVisible(50) + Skin.HasSetting(FanartLong)">Conditional</animation>
				<animation effect="slide" start="0,0" end="112,0" time="200" delay="200" tween="quadratic" easing="out" condition="Skin.HasSetting(WideSideMenuButtons) + ControlGroup(9000).HasFocus + !Control.IsVisible(50)">Conditional</animation>
			</control>
		</control>
		<control type="group">
			<include>ContentFade2</include>
			<include condition="Window.IsVisible(MusicPlaylist)">Fanart-AlbumsSongs_Extras</include>
			<include condition="Window.IsVisible(VideoPlaylist)">Fanart-Videos_Extras</include>
		</control>
		<control type="group">
			<top>34</top>
			<include>ContentFade</include>
			<include>Window_OpenClose_Left_Panel_Animation</include>
			<include>CommonNowPlaying</include>
			<visible>![Skin.HasSetting(KioskMode) + !Player.HasMedia]</visible>
			<control type="grouplist" id="9000">
				<include condition="!Skin.HasSetting(WideSideMenuButtons)">Window_OpenClose_Left_Panel_Position_Normal</include>
				<include condition="Skin.HasSetting(WideSideMenuButtons)">Window_OpenClose_Left_Panel_Position_Wide</include>
				<include>SideMenuAnim</include>
				<onleft>50</onleft>
				<onright>50</onright>
				<itemgap>-2</itemgap>
				<control type="button" id="2">
					<description>View As button</description>
					<left>0</left>
					<top>0</top>
					<include>ButtonCommonValues</include>
					<label></label>
					<visible>!Skin.HasSetting(KioskMode)</visible>
				</control>
				<control type="radiobutton" id="20">
					<description>Shuffle button</description>
					<left>0</left>
					<top>68</top>
					<include>ButtonCommonValues</include>
					<label>191</label>
					<visible>!Skin.HasSetting(KioskMode)</visible>
				</control>
				<control type="button" id="26">
					<description>Repeat button</description>
					<left>0</left>
					<top>135</top>
					<include>ButtonCommonValues</include>
					<label></label>
					<visible>!Skin.HasSetting(KioskMode)</visible>
				</control>
				<control type="button" id="21">
					<description>Save button</description>
					<left>0</left>
					<top>202</top>
					<label>190</label>
					<include>ButtonCommonValues</include>
					<visible>!Skin.HasSetting(KioskMode)</visible>
				</control>
				<control type="button" id="610">
					<description>PlayerControls</description>
					<left>0</left>
					<top>270</top>
					<include>ButtonCommonValues</include>
					<label>16003</label>
					<onclick>ActivateWindow(playercontrols)</onclick>
					<visible>Player.HasAudio | Player.HasVideo</visible>
				</control>
			</control>
		</control>
		<control type="group">
			<include>ContentFade</include>
			<include>Window_OpenClose_Header_Animation</include>
			<animation effect="slide" start="0,0" end="0,-82" time="300" tween="quadratic" easing="out" condition="Control.IsVisible(50)">Conditional</animation>
			<control type="image">
				<left>0</left>
				<top>0</top>
				<width>1920</width>
				<height>82</height>
				<texture border="1">Header.png</texture>
			</control>
			<include condition="!Skin.HasSetting(TopbarDateTime)">CommonDateTime</include>
			<include>CommonFileCount</include>
			<control type="grouplist">
				<include>Breadcrumbs</include>
				<include condition="Window.IsVisible(MusicPlaylist)">Breadcrumbs-MusicPlaylist</include>
				<include condition="Window.IsVisible(VideoPlaylist)">Breadcrumbs-VideoPlaylist</include>
			</control>
		</control>
		<include condition="Skin.HasSetting(TouchScreenMode)">TouchScreenControls</include>
		<include condition="Skin.HasSetting(DebugMode)">debuginfo</include>
	</controls>
</window>
