<?xml version="1.0" encoding="utf-8"?>
<window>
	<onload condition="Skin.HasSetting(NextAired)">RunScript(script.tv.show.next.aired,backend=True)</onload>
	<defaultcontrol always="true">50</defaultcontrol>
	<views>50,51,52,53,54,55,57,58,59,589,590,592,596,598,599</views>
	<menucontrol>9000</menucontrol>
	<controls>
		<control type="fadelabel" id="4410">
			<top>-100</top>
			<width>2560</width>
			<height>0</height>
			<scrollspeed>20</scrollspeed>
			<scroll>false</scroll>
			<scrollout>false</scrollout>
			<randomize>true</randomize>
			<resetonlabelchange>true</resetonlabelchange>
			<pauseatend>5000</pauseatend>
			<visible>!String.IsEmpty(ListItem.Art(fanart1)) | !String.IsEmpty(ListItem.Art(fanart2)) | !String.IsEmpty(ListItem.Art(tvshow.fanart1)) | !String.IsEmpty(ListItem.Art(tvshow.fanart2))</visible>
			<label>$INFO[ListItem.Art(fanart)]</label>
			<label>$INFO[ListItem.Art(fanart1)]</label>
			<label>$INFO[ListItem.Art(fanart2)]</label>
			<label>$INFO[ListItem.Art(fanart3)]</label>
			<label>$INFO[ListItem.Art(fanart4)]</label>
			<label>$INFO[ListItem.Art(fanart5)]</label>
			<label>$INFO[ListItem.Art(fanart6)]</label>
			<label>$INFO[ListItem.Art(fanart7)]</label>
			<label>$INFO[ListItem.Art(fanart8)]</label>
			<label>$INFO[ListItem.Art(fanart9)]</label>
			<label>$INFO[ListItem.Art(fanart10)]</label>
			<label>$INFO[ListItem.Art(fanart11)]</label>
			<label>$INFO[ListItem.Art(fanart12)]</label>
			<label>$INFO[ListItem.Art(fanart13)]</label>
			<label>$INFO[ListItem.Art(fanart14)]</label>
			<label>$INFO[ListItem.Art(fanart15)]</label>
			<label>$INFO[ListItem.Art(fanart16)]</label>
			<label>$INFO[ListItem.Art(fanart17)]</label>
			<label>$INFO[ListItem.Art(fanart18)]</label>
			<label>$INFO[ListItem.Art(fanart19)]</label>
			<label>$INFO[ListItem.Art(fanart20)]</label>
			<label>$INFO[ListItem.Art(tvshow.fanart1)]</label>
			<label>$INFO[ListItem.Art(tvshow.fanart2)]</label>
			<label>$INFO[ListItem.Art(tvshow.fanart3)]</label>
			<label>$INFO[ListItem.Art(tvshow.fanart4)]</label>
			<label>$INFO[ListItem.Art(tvshow.fanart5)]</label>
			<label>$INFO[ListItem.Art(tvshow.fanart6)]</label>
			<label>$INFO[ListItem.Art(tvshow.fanart7)]</label>
			<label>$INFO[ListItem.Art(tvshow.fanart8)]</label>
			<label>$INFO[ListItem.Art(tvshow.fanart9)]</label>
			<label>$INFO[ListItem.Art(tvshow.fanart10)]</label>
			<label>$INFO[ListItem.Art(tvshow.fanart11)]</label>
			<label>$INFO[ListItem.Art(tvshow.fanart12)]</label>
			<label>$INFO[ListItem.Art(tvshow.fanart13)]</label>
			<label>$INFO[ListItem.Art(tvshow.fanart14)]</label>
			<label>$INFO[ListItem.Art(tvshow.fanart15)]</label>
			<label>$INFO[ListItem.Art(tvshow.fanart16)]</label>
			<label>$INFO[ListItem.Art(tvshow.fanart17)]</label>
			<label>$INFO[ListItem.Art(tvshow.fanart18)]</label>
			<label>$INFO[ListItem.Art(tvshow.fanart19)]</label>
			<label>$INFO[ListItem.Art(tvshow.fanart20)]</label>
		</control>
		<control type="fadelabel" id="4411">
			<top>-100</top>
			<width>2560</width>
			<height>0</height>
			<scrollspeed>20</scrollspeed>
			<scrollout>false</scrollout>
			<randomize>true</randomize>
			<pauseatend>5000</pauseatend>
			<visible>!String.IsEmpty(Container.ListItem.Art(fanart1)) | !String.IsEmpty(Container.ListItem.Art(fanart2)) | !String.IsEmpty(Container.ListItem.Art(tvshow.fanart1)) | !String.IsEmpty(Container.ListItem.Art(tvshow.fanart2))</visible>
			<label>$INFO[Container.ListItem.Art(fanart)]</label>
			<label>$INFO[Container.ListItem.Art(fanart1)]</label>
			<label>$INFO[Container.ListItem.Art(fanart2)]</label>
			<label>$INFO[Container.ListItem.Art(fanart3)]</label>
			<label>$INFO[Container.ListItem.Art(fanart4)]</label>
			<label>$INFO[Container.ListItem.Art(fanart5)]</label>
			<label>$INFO[Container.ListItem.Art(fanart6)]</label>
			<label>$INFO[Container.ListItem.Art(fanart7)]</label>
			<label>$INFO[Container.ListItem.Art(fanart8)]</label>
			<label>$INFO[Container.ListItem.Art(fanart9)]</label>
			<label>$INFO[Container.ListItem.Art(fanart10)]</label>
			<label>$INFO[Container.ListItem.Art(fanart11)]</label>
			<label>$INFO[Container.ListItem.Art(fanart12)]</label>
			<label>$INFO[Container.ListItem.Art(fanart13)]</label>
			<label>$INFO[Container.ListItem.Art(fanart14)]</label>
			<label>$INFO[Container.ListItem.Art(fanart15)]</label>
			<label>$INFO[Container.ListItem.Art(fanart16)]</label>
			<label>$INFO[Container.ListItem.Art(fanart17)]</label>
			<label>$INFO[Container.ListItem.Art(fanart18)]</label>
			<label>$INFO[Container.ListItem.Art(fanart19)]</label>
			<label>$INFO[Container.ListItem.Art(fanart20)]</label>
			<label>$INFO[Container.ListItem.Art(tvshow.fanart1)]</label>
			<label>$INFO[Container.ListItem.Art(tvshow.fanart2)]</label>
			<label>$INFO[Container.ListItem.Art(tvshow.fanart3)]</label>
			<label>$INFO[Container.ListItem.Art(tvshow.fanart4)]</label>
			<label>$INFO[Container.ListItem.Art(tvshow.fanart5)]</label>
			<label>$INFO[Container.ListItem.Art(tvshow.fanart6)]</label>
			<label>$INFO[Container.ListItem.Art(tvshow.fanart7)]</label>
			<label>$INFO[Container.ListItem.Art(tvshow.fanart8)]</label>
			<label>$INFO[Container.ListItem.Art(tvshow.fanart9)]</label>
			<label>$INFO[Container.ListItem.Art(tvshow.fanart10)]</label>
			<label>$INFO[Container.ListItem.Art(tvshow.fanart11)]</label>
			<label>$INFO[Container.ListItem.Art(tvshow.fanart12)]</label>
			<label>$INFO[Container.ListItem.Art(tvshow.fanart13)]</label>
			<label>$INFO[Container.ListItem.Art(tvshow.fanart14)]</label>
			<label>$INFO[Container.ListItem.Art(tvshow.fanart15)]</label>
			<label>$INFO[Container.ListItem.Art(tvshow.fanart16)]</label>
			<label>$INFO[Container.ListItem.Art(tvshow.fanart17)]</label>
			<label>$INFO[Container.ListItem.Art(tvshow.fanart18)]</label>
			<label>$INFO[Container.ListItem.Art(tvshow.fanart19)]</label>
			<label>$INFO[Container.ListItem.Art(tvshow.fanart20)]</label>
		</control>
		<include condition="!Skin.HasSetting(HideVideoBackgrounds)">CommonVideoPlayingBackground</include>
		<control type="multiimage">
			<left>0</left>
			<top>0</top>
			<width>1920</width>
			<height>1080</height>
			<timeperimage>5000</timeperimage>
			<randomize>true</randomize>
			<fadetime>2000</fadetime>
			<imagepath fallback="special://skin/backgrounds/background-videos.jpg" background="true">$INFO[Skin.String(Custom_Back_Videos_Folder)]</imagepath>
			<aspectratio>scale</aspectratio>
			<include condition="Skin.HasSetting(AnimateBackgrounds)">backgroundanimation</include>
			<include>VisibleFadeEffect</include>
			<visible>[String.IsEmpty(ListItem.Property(Fanart_Image)) + !String.Contains(Container.FolderPath,videodb://movies/) + !String.Contains(Container.FolderPath,videodb://tvshows/) + !String.Contains(Container.FolderPath,videodb://musicvideos/) + !String.Contains(Container.FolderPath,videodb://recentlyaddedmovies/) + !String.Contains(Container.FolderPath,videodb://recentlyaddedepisodes/)] + ![Player.HasVideo + !Skin.HasSetting(HideVideoBackgrounds)]</visible>
		</control>
		<control type="multiimage">
			<left>0</left>
			<top>0</top>
			<width>1920</width>
			<height>1080</height>
			<timeperimage>5000</timeperimage>
			<randomize>true</randomize>
			<fadetime>2000</fadetime>
			<imagepath fallback="special://skin/backgrounds/background-movies.jpg" background="true">$INFO[Skin.String(Custom_Back_Movies_Folder)]</imagepath>
			<aspectratio>scale</aspectratio>
			<include condition="Skin.HasSetting(AnimateBackgrounds)">backgroundanimation</include>
			<include>VisibleFadeEffect</include>
			<visible>String.IsEmpty(ListItem.Property(Fanart_Image)) + [String.Contains(Container.FolderPath,videodb://movies/) | String.Contains(Container.FolderPath,videodb://recentlyaddedmovies/)] + ![Control.IsVisible(592) + !Window.IsVisible(MovieInformation)] + ![Player.HasVideo + !Skin.HasSetting(HideVideoBackgrounds)]</visible>
		</control>
		<control type="multiimage">
			<left>0</left>
			<top>0</top>
			<width>1920</width>
			<height>1080</height>
			<timeperimage>5000</timeperimage>
			<randomize>true</randomize>
			<fadetime>2000</fadetime>
			<imagepath fallback="special://skin/backgrounds/background-tvshows.jpg" background="true">$INFO[Skin.String(Custom_Back_TVShows_Folder)]</imagepath>
			<aspectratio>scale</aspectratio>
			<include condition="Skin.HasSetting(AnimateBackgrounds)">backgroundanimation</include>
			<include>VisibleFadeEffect</include>
			<visible>String.IsEmpty(ListItem.Property(Fanart_Image)) + [String.Contains(Container.FolderPath,videodb://tvshows/) | String.Contains(Container.FolderPath,videodb://recentlyaddedepisodes/)] + ![[Control.IsVisible(592) | Control.IsVisible(598)] + !Window.IsVisible(MovieInformation)] + ![Player.HasVideo + !Skin.HasSetting(HideVideoBackgrounds)]</visible>
		</control>
		<control type="multiimage">
			<left>0</left>
			<top>0</top>
			<width>1920</width>
			<height>1080</height>
			<timeperimage>5000</timeperimage>
			<randomize>true</randomize>
			<fadetime>2000</fadetime>
			<imagepath fallback="special://skin/backgrounds/background-musicvideos.jpg" background="true">$INFO[Skin.String(Custom_Back_MusicVideos_Folder)]</imagepath>
			<aspectratio>scale</aspectratio>
			<include condition="Skin.HasSetting(AnimateBackgrounds)">backgroundanimation</include>
			<include>VisibleFadeEffect</include>
			<visible>String.IsEmpty(ListItem.Property(Fanart_Image)) + String.Contains(Container.FolderPath,videodb://musicvideos/) + ![Control.IsVisible(598) + !Window.IsVisible(MovieInformation)] + ![Player.HasVideo + !Skin.HasSetting(HideVideoBackgrounds)]</visible>
		</control>
		<include condition="Skin.HasSetting(MoviesExtraFanart)">fanart-extra-movies</include>
		<include condition="Skin.HasSetting(TVShowsExtraFanart)">fanart-extra-tvshows</include>
		<include condition="Skin.HasSetting(MusicVideosExtraFanart)">fanart-extra-musicvideos</include>
		<control type="image">
			<left>0</left>
			<top>0</top>
			<width>1920</width>
			<height>1080</height>
			<texture background="true">$INFO[ListItem.Art(fanart)]</texture>
			<aspectratio>scale</aspectratio>
			<fadetime>FanartCrossfadeTime</fadetime>
			<include>VisibleFadeEffect</include>
			<include condition="Skin.HasSetting(AnimateFanart)">backgroundanimation</include>
			<visible>![Container.Content(Movies) + Skin.HasSetting(MoviesExtraFanart)] + ![[Container.Content(TVShows) | Container.Content(Seasons) | Container.Content(Episodes)] + Skin.HasSetting(TVShowsExtraFanart)] + ![Container.Content(MusicVideos) + Skin.HasSetting(MusicVideosExtraFanart)] + ![[Control.IsVisible(592) | Control.IsVisible(598)] + !Window.IsVisible(MovieInformation)] + ![Player.HasVideo + !Skin.HasSetting(HideVideoBackgrounds)]</visible>
		</control>
		<control type="image">
			<left>0</left>
			<top>0</top>
			<width>1920</width>
			<height>1080</height>
			<texture background="true">$INFO[Skin.String(Video_Genre_Folder)]$INFO[ListItem.Label,,.jpg]</texture>
			<aspectratio>scale</aspectratio>
			<fadetime>FanartCrossfadeTime</fadetime>
			<include>VisibleFadeEffect</include>
			<include condition="Skin.HasSetting(AnimateFanart)">backgroundanimation</include>
			<visible>Container.Content(Genres) + Skin.HasSetting(VideoGenreBackgrounds) + ![Player.HasVideo + !Skin.HasSetting(HideVideoBackgrounds)]</visible>
		</control>
		<include condition="Skin.HasSetting(TVLogo)">logo-tv</include>
		<include condition="Skin.HasSetting(MovieLogo)">logo-movies</include>
		<include condition="!Skin.HasSetting(HideVisBackgrounds)">CommonVisualizationBackground</include>
		<control type="group">
			<include>ContentFade</include>
			<include condition="!Skin.HasSetting(Hide-Videos-CoverFlow)">CoverFlow-Movies</include>
			<!-- view id=55 -->
			<include condition="!Skin.HasSetting(Hide-Videos-Icons)">Icons-Movies</include>
			<!-- view id=57 -->
			<include condition="!Skin.HasSetting(Hide-Videos-Item)">Item</include>
			<!-- view id=590 -->
			<include condition="!Skin.HasSetting(Hide-Videos-Slide)">Slide</include>
			<!-- view id=596 -->
			<include condition="!Skin.HasSetting(Hide-Videos-Wall)">Wall-Movies</include>
			<!-- view id=592 -->
			<include condition="!Skin.HasSetting(Hide-Videos-Wall)">Wall-Episodes</include>
			<!-- view id=598 -->
			<include condition="!Skin.HasSetting(Hide-Videos-Wall)">Thumbwall-Videos</include>
			<!-- view id=589 -->
		</control>
		<control type="group">
			<include>ContentFade</include>
			<include>Window_OpenClose_Right_Panel_Animation</include>
			<control type="group">
				<animation effect="slide" start="0,0" end="1658,0" time="300" tween="quadratic" easing="out" condition="[Control.IsVisible(55) | Control.IsVisible(57) | Control.IsVisible(589) | Control.IsVisible(590) | Control.IsVisible(592) | Control.IsVisible(596) | Control.IsVisible(598)]">Conditional</animation>
				<animation effect="slide" start="0,0" end="1045,174" time="300" tween="quadratic" easing="out" condition="Control.IsVisible(50) + !Skin.HasSetting(FanartShort) + !Skin.HasSetting(FanartLong)">Conditional</animation>
				<animation effect="slide" start="0,0" end="1045,393" time="300" tween="quadratic" easing="out" condition="Control.IsVisible(50) + Skin.HasSetting(FanartShort)">Conditional</animation>
				<animation effect="slide" start="0,0" end="1045,-190" time="300" tween="quadratic" easing="out" condition="Control.IsVisible(50) + Skin.HasSetting(FanartLong)">Conditional</animation>
				<animation effect="slide" start="0,0" end="112,0" time="200" delay="200" tween="quadratic" easing="out" condition="Skin.HasSetting(WideSideMenuButtons) + ControlGroup(9000).HasFocus + ![Control.IsVisible(50) | Control.IsVisible(55) | Control.IsVisible(590) | Control.IsVisible(592) | Control.IsVisible(596) | Control.IsVisible(598)]">Conditional</animation>
				<include>ContentPanel</include>
				<include condition="!Skin.HasSetting(Hide-Videos-FullList)">FullList-Videos</include>
				<!-- view id=52 -->
				<include condition="!Skin.HasSetting(Hide-Videos-List)">List-Videos</include>
				<!-- view id=51 -->
				<include condition="!Skin.HasSetting(Hide-Videos-Thumbnail)">Thumbnail-Videos</include>
				<!-- view id=53 -->
				<include condition="!Skin.HasSetting(Hide-Videos-WideIcon)">WideIcon</include>
				<!-- view id=54 -->
				<include>Fanart-Videos</include>
				<!-- view id=50 -->
				<include condition="!Skin.HasSetting(Hide-Videos-MediaInfo)">MediaInfo-Movies</include>
				<!-- view id=58 -->
				<include condition="!Skin.HasSetting(Hide-Videos-MediaInfo)">MediaInfo-TVShows</include>
				<!-- view id=59 -->
				<include condition="!Skin.HasSetting(Hide-Videos-MediaInfo)">MediaInfo-AddOns</include>
				<!-- view id=599 -->
				<include>AllViewCommonPageControls</include>
				<include>ScrollOffsetLabel</include>
			</control>
		</control>
		<control type="group">
			<include>ContentFade2</include>
			<include condition="!Skin.HasSetting(Hide-Videos-FullList)">FullList_Extras</include>
			<include condition="!Skin.HasSetting(Hide-Videos-List)">List_Extras</include>
			<include condition="!Skin.HasSetting(Hide-Videos-Thumbnail)">Thumbnail-Videos_Extras</include>
			<include condition="!Skin.HasSetting(Hide-Videos-Icons)">Icons-Movies_Extras</include>
			<include condition="!Skin.HasSetting(Hide-Videos-MediaInfo)">MediaInfo-Movies_Extras</include>
			<include>Fanart-Videos_Root_Extras</include>
			<include>Fanart-Videos_Extras</include>
		</control>
		<control type="group">
			<top>34</top>
			<include>ContentFade</include>
			<include>Window_OpenClose_Left_Panel_Animation</include>
			<include>CommonNowPlaying</include>
			<visible>![Skin.HasSetting(KioskMode) + !Player.HasMedia]</visible>
			<control type="grouplist" id="9000">
				<width>387</width>
				<height>910</height>
				<include condition="!Skin.HasSetting(WideSideMenuButtons)">Window_OpenClose_Left_Panel_Position_Normal</include>
				<include condition="Skin.HasSetting(WideSideMenuButtons)">Window_OpenClose_Left_Panel_Position_Wide</include>
				<include>SideMenuAnim</include>
				<onleft>50</onleft>
				<onright>50</onright>
				<itemgap>-2</itemgap>
				<control type="button" id="2">
					<description>View As button</description>
					<include>ButtonCommonValues</include>
					<label></label>
					<visible>!Skin.HasSetting(KioskMode)</visible>
				</control>
				<control type="button" id="3">
					<description>Sort by button</description>
					<include>ButtonCommonValues</include>
					<label>103</label>
					<visible>!Skin.HasSetting(KioskMode)</visible>
				</control>
				<control type="togglebutton" id="4">
					<description>Sort asc</description>
					<include>ButtonCommonValues</include>
					<include>ButtonToggleCommonValues</include>
					<label>$LOCALIZE[31412] $LOCALIZE[584]</label>
					<altlabel>$LOCALIZE[31412] $LOCALIZE[585]</altlabel>
					<visible>!Skin.HasSetting(KioskMode)</visible>
				</control>
				<control type="button" id="10">
					<description>Watched Toggle</description>
					<include>ButtonCommonValues</include>
					<label>20367</label>
					<visible>!Skin.HasSetting(KioskMode)</visible>
				</control>
				<control type="button" id="8">
					<description>Search</description>
					<include>ButtonCommonValues</include>
					<label>137</label>
					<visible>!Skin.HasSetting(KioskMode)</visible>
				</control>
				<control type="edit" id="19">
					<description>Filter</description>
					<include>ButtonCommonValues</include>
					<label>587</label>
					<visible>Container.CanFilter + !Container.CanFilterAdvanced + !Skin.HasSetting(KioskMode)</visible>
				</control>
				<control type="radiobutton" id="621">
					<description>Advanced Filter</description>
					<include>ButtonCommonValues</include>
					<label>587</label>
					<onclick>right</onclick>
					<onclick>Filter</onclick>
					<selected>Container.Filtered</selected>
					<visible>Container.CanFilterAdvanced + !Skin.HasSetting(KioskMode)</visible>
				</control>
				<control type="togglebutton" id="20">
					<description>Update Library</description>
					<include>ButtonCommonValues</include>
					<include>ButtonToggleCommonValues</include>
					<label>653</label>
					<altlabel>13353</altlabel>
					<visible>!Skin.HasSetting(KioskMode)</visible>
				</control>
				<control type="radiobutton" id="16">
					<description>PartyMode</description>
					<include>ButtonCommonValues</include>
					<label>589</label>
					<visible>Container.Content(MusicVideos) + !Skin.HasSetting(KioskMode)</visible>
				</control>
				<control type="radiobutton" id="11">
					<description>Unlock Shares</description>
					<include>ButtonCommonValues</include>
					<label>12333</label>
					<pulseonselect>false</pulseonselect>
					<onclick>MasterMode</onclick>
					<selected>System.IsMaster</selected>
					<visible>System.HasLocks + !Skin.HasSetting(KioskMode)</visible>
				</control>
				<control type="button" id="622">
					<description>Get more</description>
					<include>ButtonCommonValues</include>
					<label>21452</label>
					<onclick>ActivateWindow(addonbrowser,addons://more/video/,return)</onclick>
					<visible>!Skin.HasSetting(KioskMode) + Container.Content(addons)</visible>
				</control>
				<control type="button" id="610">
					<description>PlayerControls</description>
					<include>ButtonCommonValues</include>
					<label>16003</label>
					<onclick>ActivateWindow(playercontrols)</onclick>
					<visible>Player.HasAudio | Player.HasVideo</visible>
				</control>
				<control type="button" id="22">
					<description>now playing</description>
					<include>ButtonCommonValues</include>
					<label>13350</label>
					<onclick>ActivateWindow(videoplaylist)</onclick>
					<visible>!String.IsEqual(Playlist.Length(video),0)</visible>
				</control>
			</control>
		</control>
		<control type="group">
			<include>ContentFade</include>
			<include>Window_OpenClose_Header_Animation</include>
			<animation effect="slide" start="0,0" end="0,-82" time="300" tween="quadratic" easing="out" condition="Control.IsVisible(50) | Control.IsVisible(55) | Control.IsVisible(589) | Control.IsVisible(590) | Control.IsVisible(596)">Conditional</animation>
			<control type="image">
				<left>0</left>
				<top>0</top>
				<width>1920</width>
				<height>82</height>
				<texture border="1">Header.png</texture>
			</control>
			<include condition="!Skin.HasSetting(TopbarDateTime)">CommonDateTime</include>
			<include>CommonFileCount</include>
			<control type="grouplist">
				<include>Breadcrumbs</include>
				<include>Breadcrumbs-Videos</include>
			</control>
		</control>
		<include condition="Skin.HasSetting(NextAired)">NextAiredInfo</include>
		<include condition="Skin.HasSetting(TouchScreenMode)">TouchScreenControls</include>
		<include condition="Skin.HasSetting(DebugMode)">debuginfo</include>
	</controls>
</window>
