<?xml version="1.0" encoding="utf-8"?>
<window>
	<defaultcontrol>95</defaultcontrol>
	<menucontrol>9000</menucontrol>
	<controls>
		<include condition="!Skin.HasSetting(HideVideoBackgrounds)">CommonVideoPlayingBackground</include>
		<control type="multiimage">
			<left>0</left>
			<top>0</top>
			<width>1920</width>
			<height>1080</height>
			<imagepath fallback="special://skin/backgrounds/background-settings.jpg" background="true">$INFO[Skin.String(Custom_Back_Settings_Folder)]</imagepath>
			<aspectratio>scale</aspectratio>
			<timeperimage>5000</timeperimage>
			<randomize>true</randomize>
			<fadetime>2000</fadetime>
			<include condition="Skin.HasSetting(AnimateBackgrounds)">backgroundanimation</include>
			<visible>![Player.HasVideo + !Skin.HasSetting(HideVideoBackgrounds)]</visible>
		</control>
		<include condition="!Skin.HasSetting(HideVisBackgrounds)">CommonVisualizationBackground</include>
		<control type="button" id="5999">
			<description>fake button to steal focus</description>
			<onleft>9000</onleft>
			<onright>9000</onright>
			<texturefocus></texturefocus>
			<texturenofocus></texturenofocus>
			<onclick>noop</onclick>
		</control>
		<control type="image">
			<left>266</left>
			<top>169</top>
			<width>1391</width>
			<height>744</height>
			<texture diffuse="panel-diffuse.png">special://skin/backgrounds/systeminfo.jpg</texture>
			<animation effect="zoom" start="788,458,345,208" end="266,169,1391,744" time="300">WindowOpen</animation>
			<animation effect="zoom" start="266,169,1391,744" end="788,458,345,208" time="300" delay="350">WindowClose</animation>
			<animation effect="slide" start="0,0" end="112,0" time="200" delay="200" tween="quadratic" easing="out" condition="Skin.HasSetting(WideSideMenuButtons) + ControlGroup(9000).HasFocus">Conditional</animation>
			<include>ContentFade</include>
			<visible>![Player.HasVideo + !Skin.HasSetting(HideVideoBackgrounds)]</visible>
		</control>
		<control type="group">
			<include>ContentPanel</include>
			<include>ContentFade</include>
			<animation effect="slide" start="0,0" end="112,0" time="200" delay="200" tween="quadratic" easing="out" condition="Skin.HasSetting(WideSideMenuButtons) + ControlGroup(9000).HasFocus">Conditional</animation>
			<animation effect="fade" start="0" end="100" time="350" delay="350">WindowOpen</animation>
			<animation effect="fade" start="100" end="0" time="350">WindowClose</animation>
			<control type="label" id="40">
				<description>fake filter text label</description>
				<left>300</left>
				<top>202</top>
				<width>1320</width>
				<height>45</height>
				<align>center</align>
				<aligny>center</aligny>
				<label></label>
				<textcolor>blue</textcolor>
				<font>font-32</font>
			</control>
			<control type="image">
				<left>300</left>
				<top>262</top>
				<width>1320</width>
				<height>3</height>
				<texture>separator.png</texture>
			</control>
			<control type="group">
				<left>300</left>
				<top>300</top>
				<control type="label" id="2">
					<description>Label 2</description>
					<left>0</left>
					<top>0</top>
					<width>1320</width>
					<label></label>
					<font>font-20</font>
				</control>
				<control type="label" id="3">
					<description>Label 3</description>
					<left>0</left>
					<top>52</top>
					<width>1320</width>
					<label></label>
					<font>font-20</font>
				</control>
				<control type="label" id="4">
					<description>Label 4</description>
					<left>0</left>
					<top>105</top>
					<width>1320</width>
					<label></label>
					<font>font-20</font>
				</control>
				<control type="label" id="5">
					<description>Label 5</description>
					<left>0</left>
					<top>158</top>
					<width>1320</width>
					<label></label>
					<font>font-20</font>
				</control>
				<control type="label" id="6">
					<description>Label 6</description>
					<left>0</left>
					<top>210</top>
					<width>1320</width>
					<label></label>
					<font>font-20</font>
				</control>
				<control type="label" id="7">
					<description>Label 7</description>
					<left>0</left>
					<top>262</top>
					<width>1320</width>
					<label></label>
					<font>font-20</font>
				</control>
				<control type="label" id="8">
					<description>Label 8</description>
					<left>0</left>
					<top>315</top>
					<width>1320</width>
					<label></label>
					<font>font-20</font>
				</control>
				<control type="label" id="9">
					<description>Label 9</description>
					<left>0</left>
					<top>368</top>
					<width>1320</width>
					<label></label>
					<font>font-20</font>
				</control>
				<control type="label" id="10">
					<description>Label 10</description>
					<left>0</left>
					<top>420</top>
					<width>1320</width>
					<label></label>
					<font>font-20</font>
				</control>
				<control type="label" id="11">
					<description>Label 11</description>
					<left>0</left>
					<top>472</top>
					<width>1320</width>
					<label></label>
					<font>font-20</font>
				</control>
				<control type="label" id="52">
					<description>Kodi Build Version</description>
					<left>0</left>
					<top>525</top>
					<width>1320</width>
					<label>144</label>
					<textcolor>blue</textcolor>
					<shadowcolor>black</shadowcolor>
					<font>font-20</font>
				</control>
				<control type="label">
					<description>Transparency! Version</description>
					<left>0</left>
					<top>555</top>
					<width>1320</width>
					<label>$INFO[System.AddonTitle(skin.transparency)]  $INFO[System.AddonVersion(skin.transparency)]</label>
					<textcolor>blue</textcolor>
					<shadowcolor>black</shadowcolor>
					<font>font-20</font>
				</control>
			</control>
			<control type="textbox" id="30">
				<description>textarea</description>
				<left>300</left>
				<top>300</top>
				<width>1290</width>
				<height>485</height>
				<label></label>
				<font>font-19</font>
				<align>justify</align>
				<textcolor>white</textcolor>
				<shadowcolor>black</shadowcolor>
				<pagecontrol>61</pagecontrol>
				<autoscroll time="3000" delay="16000" repeat="5000">Skin.HasSetting(AutoScroll)</autoscroll>
			</control>
			<control type="scrollbar" id="61">
				<left>1620</left>
				<top>300</top>
				<width>30</width>
				<height>485</height>
				<texturesliderbackground border="0,10,0,10">scrollbar-back.png</texturesliderbackground>
				<texturesliderbar border="0,10,0,10">scrollbar-front-nofocus.png</texturesliderbar>
				<texturesliderbarfocus border="0,10,0,10">scrollbar-front.png</texturesliderbarfocus>
				<textureslidernib>scrollbar-nib-nofocus.png</textureslidernib>
				<textureslidernibfocus>scrollbar-nib.png</textureslidernibfocus>
				<onleft>100</onleft>
				<showonepage>false</showonepage>
				<orientation>vertical</orientation>
				<visible>Control.IsVisible(30)</visible>
			</control>
		</control>
		<control type="group">
			<top>34</top>
			<include>Window_OpenClose_Left_Panel_Animation</include>
			<include>CommonNowPlaying</include>
			<include>ContentFade</include>
			<control type="image">
				<left>-375</left>
				<top>141</top>
				<height>24</height>
				<texture border="0,0,10,0">shadow-top2.png</texture>
				<animation effect="slide" start="0,0" end="375,0" time="400" tween="quadratic" easing="out" condition="ControlGroup(9000).HasFocus">Conditional</animation>
				<include condition="!Skin.HasSetting(WideSideMenuButtons)">ButtonCommonValuesNormal</include>
				<include condition="Skin.HasSetting(WideSideMenuButtons)">ButtonCommonValuesWide</include>
			</control>
			<control type="grouplist" id="9000">
				<include condition="!Skin.HasSetting(WideSideMenuButtons)">Window_OpenClose_Left_Panel_Position_Normal</include>
				<include condition="Skin.HasSetting(WideSideMenuButtons)">Window_OpenClose_Left_Panel_Position_Wide</include>
				<include>SideMenuAnim2</include>
				<onleft>5999</onleft>
				<onright condition="Control.IsVisible(30)">61</onright>
				<onright condition="!Control.IsVisible(30)">5999</onright>
				<itemgap>-2</itemgap>
				<onup>9000</onup>
				<ondown>9000</ondown>
				<control type="button" id="95">
					<description>Button Default Values</description>
					<include>ButtonCommonValues</include>
					<label>20037</label>
					<onback>SetFocus(5999)</onback>
				</control>
				<control type="button" id="94">
					<description>Button Storage</description>
					<include>ButtonCommonValues</include>
					<label>13277</label>
					<onback>SetFocus(5999)</onback>
				</control>
				<control type="button" id="96">
					<description>Button Network</description>
					<include>ButtonCommonValues</include>
					<label>13279</label>
					<onback>SetFocus(5999)</onback>
				</control>
				<control type="button" id="97">
					<description>Button Video</description>
					<include>ButtonCommonValues</include>
					<label>13280</label>
					<onback>SetFocus(5999)</onback>
				</control>
				<control type="button" id="98">
					<description>Button Hardware</description>
					<include>ButtonCommonValues</include>
					<label>13281</label>
					<onback>SetFocus(5999)</onback>
				</control>
				<control type="button" id="99">
					<description>Button PVR</description>
					<include>ButtonCommonValues</include>
					<label>19191</label>
					<onback>SetFocus(5999)</onback>
				</control>
				<control type="button" id="100">
					<description>Button Policy</description>
					<include>ButtonCommonValues</include>
					<label>12389</label>
					<onback>SetFocus(5999)</onback>
				</control>
			</control>
		</control>
		<control type="group">
			<include>Window_OpenClose_Header_Animation</include>
			<control type="image">
				<left>0</left>
				<top>0</top>
				<width>1920</width>
				<height>82</height>
				<texture border="1">Header.png</texture>
			</control>
			<include condition="!Skin.HasSetting(TopbarDateTime)" content="CommonDateTime">
				<param name="left">1100</param>
				<param name="align">right</param>
			</include>
			<control type="grouplist">
				<include>Breadcrumbs</include>
				<include>Breadcrumbs-Settings-SystemInfo</include>
			</control>
		</control>
		<include condition="Skin.HasSetting(TouchScreenMode)">TouchScreenControls</include>
	</controls>
</window>
