<?xml version="1.0" encoding="utf-8"?>
<includes>
	<include name="Item">
		<control type="group">
			<include>Window_OpenClose_Visible_FanartButton_Animation</include>
			<visible>Control.IsVisible(590)</visible>
			<control type="button" id="7026">
				<left>1833</left>
				<top>21</top>
				<width>60</width>
				<height>60</height>
				<label></label>
				<font></font>
				<texturefocus>trailer-focus.png</texturefocus>
				<texturenofocus>trailer-nofocus.png</texturenofocus>
				<onup>9000</onup>
				<ondown>590</ondown>
				<onleft>9000</onleft>
				<onright>9000</onright>
				<onclick condition="Skin.HasSetting(Fullscreen_Trailer)">PlayMedia("$INFO[ListItem.Trailer]")</onclick>
				<onclick condition="!Skin.HasSetting(Fullscreen_Trailer)">PlayMedia("$INFO[ListItem.Trailer]",1)</onclick>
				<visible>!Skin.HasSetting(Hide_Trailer_Icon) + !String.IsEmpty(Listitem.Trailer)</visible>
			</control>
		</control>
		<control type="group" id="7011">
			<animation effect="fade" start="100" end="100" time="250">Hidden</animation>
			<visible>Control.IsVisible(590) + Container.OnNext</visible>
		</control>
		<control type="group" id="7012">
			<animation effect="fade" start="100" end="100" time="250">Hidden</animation>
			<visible>Control.IsVisible(590) + Container.OnPrevious</visible>
		</control>
		<control type="group">
			<left>0</left>
			<top>9</top>
			<include>Window_OpenClose_Animation</include>
			<visible>Control.IsVisible(590)</visible>
			<control type="group">
				<animation type="Conditional" condition="Player.HasVideo" reversible="false">
					<effect type="rotatey" center="960" start="0" end="-90" time="450" tween="cubic" easing="in" />
					<effect type="rotatey" center="960" start="-90" end="90" time="0" delay="450" />
					<effect type="fade" start="0" end="100" time="0" delay="450" />
					<effect type="rotatey" center="960" start="90" end="0" time="450" delay="450" tween="cubic" easing="out" />
				</animation>
				<animation type="Conditional" condition="!Player.HasVideo" reversible="false">
					<effect type="rotatey" center="960" start="0" end="90" time="450" tween="cubic" easing="in" />
					<effect type="rotatey" center="960" start="90" end="-90" time="0" delay="450" />
					<effect type="fade" start="100" end="0" time="0" delay="450" />
					<effect type="rotatey" center="960" start="-90" end="0" time="450" delay="450" tween="cubic" easing="out" />
				</animation>
				<control type="image">
					<left>240</left>
					<top>190</top>
					<width>1440</width>
					<height>508</height>
					<texture diffuse="underlay5-diffuse.png" border="0,10,0,10">underlay4.png</texture>
				</control>
				<control type="videowindow">
					<description>trailer preview</description>
					<left>240</left>
					<top>204</top>
					<width>1440</width>
					<height>482</height>
					<animation effect="fade" start="0" end="100" time="250" delay="900">Visible</animation>
					<visible>!Skin.HasSetting(Fullscreen_Trailer) + [Player.HasVideo + !!Skin.HasSetting(HideVideoBackgrounds)]</visible>
				</control>
			</control>
		</control>
		<control type="group">
			<left>0</left>
			<top>9</top>
			<include>Window_OpenClose_Animation</include>
			<visible>Control.IsVisible(590) + !Skin.HasSetting(HideInfoPanelItemView)</visible>
			<control type="group">
				<animation effect="zoom" start="960,0,1,1080" end="0,0,1920,1080" time="200" delay="2000">Visible</animation>
				<animation effect="zoom" start="0,0,1920,1080" end="0,540,1920,1" time="200">Hidden</animation>
				<animation type="Conditional" condition="Player.HasVideo" reversible="false">
					<effect type="rotatey" center="960" start="0" end="-90" time="450" tween="cubic" easing="in" />
					<effect type="rotatey" center="960" start="-90" end="90" time="0" delay="450" />
					<effect type="fade" start="100" end="0" time="0" delay="450" />
					<effect type="rotatey" center="960" start="90" end="0" time="450" delay="450" tween="cubic" easing="out" />
				</animation>
				<animation type="Conditional" condition="!Player.HasVideo" reversible="false">
					<effect type="rotatey" center="960" start="0" end="90" time="450" tween="cubic" easing="in" />
					<effect type="rotatey" center="960" start="90" end="-90" time="0" delay="450" />
					<effect type="fade" start="0" end="100" time="0" delay="450" />
					<effect type="rotatey" center="960" start="-90" end="0" time="450" delay="450" tween="cubic" easing="out" />
				</animation>
				<visible>Control.IsVisible(590) + ![Container.Content(Movies) + String.IsEmpty(ListItem.Plot)] + !ListItem.IsParentFolder + !Control.IsVisible(7011) + !Control.IsVisible(7012)</visible>
				<control type="image">
					<left>240</left>
					<top>190</top>
					<width>1440</width>
					<height>508</height>
					<texture diffuse="underlay5-diffuse.png" border="0,10,0,10">underlay4.png</texture>
				</control>
				<control type="group">
					<control type="label">
						<left>386</left>
						<top>218</top>
						<width>450</width>
						<height>45</height>
						<font>font-20c</font>
						<textcolor>lightblue</textcolor>
						<shadowcolor>black</shadowcolor>
						<align>left</align>
						<aligny>center</aligny>
						<label>[UPPERCASE][B]$LOCALIZE[572]:[/B][/UPPERCASE]</label>
					</control>
					<control type="label">
						<left>386</left>
						<top>248</top>
						<width>450</width>
						<height>45</height>
						<font>font-20</font>
						<textcolor>white</textcolor>
						<shadowcolor>black</shadowcolor>
						<align>left</align>
						<aligny>center</aligny>
						<label>$INFO[ListItem.Studio]</label>
					</control>
					<control type="label">
						<left>386</left>
						<top>292</top>
						<width>450</width>
						<height>45</height>
						<font>font-20c</font>
						<textcolor>lightblue</textcolor>
						<shadowcolor>black</shadowcolor>
						<align>left</align>
						<aligny>center</aligny>
						<label>$VAR[ViewItemLabel1]</label>
					</control>
					<control type="label">
						<left>386</left>
						<top>322</top>
						<width>450</width>
						<height>45</height>
						<font>font-20</font>
						<textcolor>white</textcolor>
						<shadowcolor>black</shadowcolor>
						<align>left</align>
						<aligny>center</aligny>
						<label>$VAR[ViewItemLabel2]</label>
					</control>
					<control type="label">
						<left>386</left>
						<top>368</top>
						<width>450</width>
						<height>45</height>
						<font>font-20c</font>
						<textcolor>lightblue</textcolor>
						<shadowcolor>black</shadowcolor>
						<align>left</align>
						<aligny>center</aligny>
						<label>$VAR[ViewItemLabel3]</label>
					</control>
					<control type="label">
						<left>386</left>
						<top>398</top>
						<width>450</width>
						<height>45</height>
						<font>font-20</font>
						<textcolor>white</textcolor>
						<shadowcolor>black</shadowcolor>
						<align>left</align>
						<aligny>center</aligny>
						<label>$VAR[ViewItemLabel4]</label>
					</control>
					<control type="label">
						<left>386</left>
						<top>442</top>
						<width>450</width>
						<height>45</height>
						<font>font-20c</font>
						<textcolor>lightblue</textcolor>
						<shadowcolor>black</shadowcolor>
						<align>left</align>
						<aligny>center</aligny>
						<label>$VAR[ViewItemLabel5]</label>
					</control>
					<control type="label">
						<left>386</left>
						<top>472</top>
						<width>450</width>
						<height>45</height>
						<font>font-20</font>
						<textcolor>white</textcolor>
						<shadowcolor>black</shadowcolor>
						<align>left</align>
						<aligny>center</aligny>
						<label>$VAR[ViewItemLabel6]</label>
					</control>
					<control type="label">
						<left>386</left>
						<top>518</top>
						<width>450</width>
						<height>45</height>
						<font>font-20c</font>
						<textcolor>lightblue</textcolor>
						<shadowcolor>black</shadowcolor>
						<align>left</align>
						<aligny>center</aligny>
						<label>[UPPERCASE][B]$LOCALIZE[2050]:[/B][/UPPERCASE]</label>
						<visible>Container.Content(Movies) | Container.Content(Episodes) | Container.Content(MusicVideos)</visible>
					</control>
					<control type="label">
						<left>386</left>
						<top>518</top>
						<width>225</width>
						<height>45</height>
						<font>font-20c</font>
						<textcolor>lightblue</textcolor>
						<shadowcolor>black</shadowcolor>
						<align>left</align>
						<aligny>center</aligny>
						<label>[UPPERCASE][B]$LOCALIZE[33054]:[/B][/UPPERCASE]</label>
						<visible>Container.Content(TVShows)</visible>
					</control>
					<control type="label">
						<left>610</left>
						<top>518</top>
						<width>225</width>
						<height>45</height>
						<font>font-20c</font>
						<textcolor>lightblue</textcolor>
						<shadowcolor>black</shadowcolor>
						<align>left</align>
						<aligny>center</aligny>
						<label>[UPPERCASE][B]$LOCALIZE[20360]:[/B][/UPPERCASE]</label>
						<animation effect="slide" start="0,0" end="-225,0" time="0" condition="Container.Content(Seasons)">Conditional</animation>
						<visible>Container.Content(TVShows) | Container.Content(Seasons)</visible>
					</control>
					<control type="label">
						<left>386</left>
						<top>548</top>
						<width>450</width>
						<height>45</height>
						<font>font-20</font>
						<textcolor>white</textcolor>
						<shadowcolor>black</shadowcolor>
						<align>left</align>
						<aligny>center</aligny>
						<label>$VAR[ViewItemLabel7]</label>
					</control>
					<control type="label">
						<left>386</left>
						<top>548</top>
						<width>225</width>
						<height>45</height>
						<font>font-20</font>
						<textcolor>white</textcolor>
						<shadowcolor>black</shadowcolor>
						<align>left</align>
						<aligny>center</aligny>
						<label>$INFO[ListItem.Property(TotalSeasons)]</label>
						<visible>Container.Content(TVShows)</visible>
					</control>
					<control type="label">
						<left>610</left>
						<top>548</top>
						<width>225</width>
						<height>45</height>
						<font>font-20</font>
						<textcolor>white</textcolor>
						<shadowcolor>black</shadowcolor>
						<align>left</align>
						<aligny>center</aligny>
						<label>$INFO[ListItem.Property(TotalEpisodes)]</label>
						<animation effect="slide" start="0,0" end="-225,0" time="0" condition="Container.Content(Seasons)">Conditional</animation>
						<visible>Container.Content(TVShows) | Container.Content(Seasons)</visible>
					</control>
					<control type="label">
						<left>386</left>
						<top>592</top>
						<width>225</width>
						<height>45</height>
						<font>font-20c</font>
						<textcolor>lightblue</textcolor>
						<shadowcolor>black</shadowcolor>
						<align>left</align>
						<aligny>center</aligny>
						<label>$VAR[ViewItemLabel8]</label>
					</control>
					<control type="label">
						<left>610</left>
						<top>592</top>
						<width>225</width>
						<height>45</height>
						<font>font-20c</font>
						<textcolor>lightblue</textcolor>
						<shadowcolor>black</shadowcolor>
						<align>left</align>
						<aligny>center</aligny>
						<label>$VAR[ViewItemLabel9]</label>
					</control>
					<control type="label">
						<left>386</left>
						<top>622</top>
						<width>225</width>
						<height>45</height>
						<font>font-20</font>
						<textcolor>white</textcolor>
						<shadowcolor>black</shadowcolor>
						<align>left</align>
						<aligny>center</aligny>
						<label>$VAR[ViewItemLabel10]</label>
					</control>
					<control type="label">
						<left>610</left>
						<top>622</top>
						<width>225</width>
						<height>45</height>
						<font>font-20</font>
						<textcolor>white</textcolor>
						<shadowcolor>black</shadowcolor>
						<align>left</align>
						<aligny>center</aligny>
						<label>$VAR[ViewItemLabel11]</label>
					</control>
					<control type="image">
						<left>849</left>
						<top>240</top>
						<width>3</width>
						<height>405</height>
						<texture>separator.png</texture>
					</control>
					<control type="label">
						<left>882</left>
						<top>218</top>
						<width>450</width>
						<height>45</height>
						<font>font-20c</font>
						<textcolor>lightblue</textcolor>
						<shadowcolor>black</shadowcolor>
						<align>left</align>
						<aligny>center</aligny>
						<label>[UPPERCASE][B]$LOCALIZE[207]:[/B][/UPPERCASE]</label>
					</control>
					<control type="textbox">
						<left>882</left>
						<top>273</top>
						<width>645</width>
						<height>381</height>
						<font>font-20</font>
						<textcolor>white</textcolor>
						<shadowcolor>black</shadowcolor>
						<align>justify</align>
						<label>$VAR[ViewItemText1]</label>
						<autoscroll time="2000" delay="18000" repeat="5000">Skin.HasSetting(AutoScroll)</autoscroll>
					</control>
				</control>
			</control>
		</control>
		<control type="image">
			<left>0</left>
			<top>831</top>
			<width>1920</width>
			<height>267</height>
			<texture border="10">underlay4.png</texture>
			<include>Window_OpenClose_Visible_FanartInfo_Animation</include>
			<visible>Control.IsVisible(590)</visible>
		</control>
		<control type="group">
			<visible>Control.IsVisible(590)</visible>
			<control type="image">
				<left>-60</left>
				<top>915</top>
				<width>330</width>
				<height>330</height>
				<texture fallback="$VAR[ArtworkDiscFallback]" diffuse="disc_mask.png" background="true">$VAR[ArtworkDisc]</texture>
				<include>Window_OpenClose_Visible_ItemDisc_Animation</include>
				<visible>Container.Content(Movies) + Control.IsVisible(590) + !ListItem.IsParentFolder</visible>
			</control>
			<control type="image">
				<left>-60</left>
				<top>915</top>
				<width>330</width>
				<height>330</height>
				<texture>disc.png</texture>
				<include>Window_OpenClose_Visible_ItemDisc_Animation</include>
				<visible>[Container.Content(TVShows) | Container.Content(Seasons) | Container.Content(Episodes) | Container.Content(MusicVideos)] + Control.IsVisible(590) + !ListItem.IsParentFolder</visible>
			</control>
		</control>
		<control type="group">
			<include>Window_OpenClose_Visible_FanartInfo_Animation</include>
			<visible>Control.IsVisible(590)</visible>
			<control type="label">
				<left>60</left>
				<top>855</top>
				<width>1425</width>
				<height>52</height>
				<font>font-35</font>
				<textcolor>blue</textcolor>
				<shadowcolor>black</shadowcolor>
				<align>left</align>
				<aligny>center</aligny>
				<label>$VAR[ViewItemLabel12]</label>
			</control>
			<control type="label">
				<left>240</left>
				<top>922</top>
				<width>1245</width>
				<height>30</height>
				<font>font-21</font>
				<textcolor>white</textcolor>
				<shadowcolor>black</shadowcolor>
				<align>left</align>
				<aligny>center</aligny>
				<label>$VAR[ViewItemLabel13]</label>
			</control>
			<control type="label">
				<left>262</left>
				<top>960</top>
				<width>1290</width>
				<height>30</height>
				<font>font-21</font>
				<textcolor>white</textcolor>
				<shadowcolor>black</shadowcolor>
				<align>left</align>
				<aligny>center</aligny>
				<label>[B]$INFO[ListItem.Studio][/B]</label>
			</control>
			<control type="label">
				<left>282</left>
				<top>998</top>
				<width>1380</width>
				<height>30</height>
				<font>font-21</font>
				<textcolor>white</textcolor>
				<shadowcolor>black</shadowcolor>
				<align>left</align>
				<aligny>center</aligny>
				<label>$VAR[ViewItemLabel14]</label>
			</control>
			<control type="label">
				<left>292</left>
				<top>1035</top>
				<width>1500</width>
				<height>30</height>
				<font>font-21</font>
				<textcolor>white</textcolor>
				<shadowcolor>black</shadowcolor>
				<align>left</align>
				<aligny>center</aligny>
				<label>[B]$INFO[ListItem.TagLine][/B]</label>
				<visible>Container.Content(Movies)</visible>
			</control>
		</control>
		<control type="group">
			<left>1875</left>
			<top>405</top>
			<width>296</width>
			<height>472</height>
			<include>Window_OpenClose_Visible_ItemIcon_Animation</include>
			<animation effect="rotatey" start="60" end="60" center="auto" time="0" condition="true">Conditional</animation>
			<camera x="1260" y="540" />
			<visible>Control.IsVisible(590)</visible>
			<control type="image">
				<left>465</left>
				<top>98</top>
				<width>276</width>
				<height>408</height>
				<texture>$INFO[ListItem.Icon]</texture>
				<visible>ListItem.IsParentFolder</visible>
			</control>
			<control type="image">
				<left>465</left>
				<top>554</top>
				<width>276</width>
				<height>408</height>
				<texture flipy="true" diffuse="diffuse_mirror2.png">$INFO[ListItem.Icon]</texture>
				<visible>ListItem.IsParentFolder</visible>
			</control>
			<control type="image">
				<left>465</left>
				<top>126</top>
				<width>276</width>
				<height>408</height>
				<texture background="true" diffuse="poster-diffuse.png">$VAR[IconPoster]</texture>
				<fadetime>IconCrossfadeTime</fadetime>
				<visible>[Container.Content(Movies) | [Container.Content(TVShows) + !Skin.HasSetting(TVShowsPosters)] | Container.Content(Seasons)] + !ListItem.IsParentFolder</visible>
			</control>
			<control type="image">
				<left>465</left>
				<top>554</top>
				<width>276</width>
				<height>408</height>
				<texture flipy="true" diffuse="diffuse_mirror2.png">$VAR[IconPoster]</texture>
				<fadetime>IconCrossfadeTime</fadetime>
				<visible>[Container.Content(Movies) | [Container.Content(TVShows) + !Skin.HasSetting(TVShowsPosters)] | Container.Content(Seasons)] + !ListItem.IsParentFolder</visible>
			</control>
			<control type="image">
				<left>225</left>
				<top>396</top>
				<width>540</width>
				<height>150</height>
				<aspectratio scalediffuse="true">stretch</aspectratio>
				<texture diffuse="thumb-diffuse.png" background="true">$VAR[IconBanner]</texture>
				<fadetime>IconCrossfadeTime</fadetime>
				<visible>[Container.Content(TVShows) + Skin.HasSetting(TVShowsPosters)] + !ListItem.IsParentFolder</visible>
			</control>
			<control type="image">
				<left>225</left>
				<top>538</top>
				<width>540</width>
				<height>150</height>
				<aspectratio scalediffuse="true">stretch</aspectratio>
				<texture flipy="true" diffuse="thumb-diffuse-mirror.png" background="true">$VAR[IconBanner]</texture>
				<fadetime>IconCrossfadeTime</fadetime>
				<visible>[Container.Content(TVShows) + Skin.HasSetting(TVShowsPosters)] + !ListItem.IsParentFolder</visible>
			</control>
			<control type="image">
				<left>412</left>
				<top>351</top>
				<width>348</width>
				<height>202</height>
				<aspectratio scalediffuse="true">keep</aspectratio>
				<texture diffuse="thumb-diffuse.png" background="true">$INFO[ListItem.Icon]</texture>
				<fadetime>IconCrossfadeTime</fadetime>
				<visible>[Container.Content(Episodes) | Container.Content(MusicVideos)] + !ListItem.IsParentFolder</visible>
			</control>
			<control type="image">
				<left>412</left>
				<top>546</top>
				<width>348</width>
				<height>202</height>
				<aspectratio scalediffuse="true">keep</aspectratio>
				<texture flipy="true" diffuse="thumb-diffuse-mirror.png" background="true">$INFO[ListItem.Icon]</texture>
				<fadetime>IconCrossfadeTime</fadetime>
				<visible>[Container.Content(Episodes) | Container.Content(MusicVideos)] + !ListItem.IsParentFolder</visible>
			</control>
			<control type="image">
				<left>465</left>
				<top>90</top>
				<width>296</width>
				<height>472</height>
				<texture fallback="case-sets.png">case$INFO[ListItem.VideoResolution].png</texture>
				<visible>Container.Content(Movies) + !ListItem.IsParentFolder + !Skin.HasSetting(HideMovieCase)</visible>
			</control>
			<control type="image">
				<left>465</left>
				<top>525</top>
				<width>296</width>
				<height>472</height>
				<texture flipy="true" diffuse="diffuse_mirror_case.png" fallback="case-sets.png">case$INFO[ListItem.VideoResolution].png</texture>
				<visible>Container.Content(Movies) + !ListItem.IsParentFolder + !Skin.HasSetting(HideMovieCase)</visible>
			</control>
			<control type="image">
				<left>582</left>
				<top>99</top>
				<width>40</width>
				<height>24</height>
				<texture>movieset.png</texture>
				<animation effect="fade" reversible="false" start="0" end="100" time="300">Visible</animation>
				<visible>Container.Content(Movies) + ListItem.IsFolder + !ListItem.IsParentFolder + String.StartsWith(Container.Folderpath,videodb://)</visible>
			</control>
			<control type="image">
				<left>465</left>
				<top>90</top>
				<width>296</width>
				<height>472</height>
				<texture>case-tv.png</texture>
				<visible>[[Container.Content(TVShows) + !Skin.HasSetting(TVShowsPosters)] | Container.Content(Seasons)] + !Skin.HasSetting(HideTVShowCase) + !ListItem.IsParentFolder</visible>
			</control>
		</control>
		<control type="group">
			<visible>Control.IsVisible(590)</visible>
			<include>Window_OpenClose_Visible_FanartIcon_Animation</include>
			<include condition="Skin.HasSetting(MoviesExtraThumbs)">thumbs-extra-movies</include>
		</control>
		<control type="wraplist" id="590">
			<include>Window_OpenClose_Animation</include>
			<left>0</left>
			<top>450</top>
			<width>1920</width>
			<height>645</height>
			<onup>7026</onup>
			<ondown>60</ondown>
			<onleft>590</onleft>
			<onright>590</onright>
			<viewtype label="31039">list</viewtype>
			<pagecontrol>60</pagecontrol>
			<orientation>horizontal</orientation>
			<scrolltime>250</scrolltime>
			<preloaditems>2</preloaditems>
			<visible>Container.Content(Movies) | Container.Content(TVShows) | Container.Content(Seasons) | Container.Content(Episodes) | Container.Content(MusicVideos)</visible>
			<hitrect x="1533" y="480" w="330" h="600" />
			<itemlayout width="384" height="645" />
			<focusedlayout width="384" height="645">
				<control type="image">
					<left>0</left>
					<top>0</top>
					<width>384</width>
					<height>645</height>
					<texture />
				</control>
			</focusedlayout>
		</control>
	</include>
	<include name="Item-Music">
		<control type="group" id="7011">
			<animation effect="fade" start="100" end="100" time="250">Hidden</animation>
			<visible>Control.IsVisible(595) + Container.OnNext</visible>
		</control>
		<control type="group" id="7012">
			<animation effect="fade" start="100" end="100" time="250">Hidden</animation>
			<visible>Control.IsVisible(595) + Container.OnPrevious</visible>
		</control>
		<control type="group">
			<left>0</left>
			<top>9</top>
			<include>Window_OpenClose_Animation</include>
			<visible>Control.IsVisible(595) + !Skin.HasSetting(HideInfoPanelItemView)</visible>
			<control type="group">
				<animation effect="zoom" start="960,0,1,1080" end="0,0,1920,1080" time="200" delay="2000">Visible</animation>
				<animation effect="zoom" start="0,0,1920,1080" end="0,540,1920,1" time="200">Hidden</animation>
				<visible>Control.IsVisible(595) + !ListItem.IsParentFolder + !Control.IsVisible(7011) + !Control.IsVisible(7012)</visible>
				<control type="image">
					<left>240</left>
					<top>190</top>
					<width>1440</width>
					<height>508</height>
					<texture diffuse="underlay5-diffuse.png" border="0,10,0,10">underlay4.png</texture>
				</control>
				<control type="label">
					<left>386</left>
					<top>218</top>
					<width>450</width>
					<height>45</height>
					<font>font-20c</font>
					<textcolor>lightblue</textcolor>
					<shadowcolor>black</shadowcolor>
					<align>left</align>
					<aligny>center</aligny>
					<label>$VAR[ViewItemLabel15]</label>
				</control>
				<control type="label">
					<left>386</left>
					<top>248</top>
					<width>450</width>
					<height>45</height>
					<font>font-20</font>
					<textcolor>white</textcolor>
					<shadowcolor>black</shadowcolor>
					<align>left</align>
					<aligny>center</aligny>
					<label>$VAR[ViewItemLabel16]</label>
				</control>
				<control type="label">
					<left>386</left>
					<top>292</top>
					<width>450</width>
					<height>45</height>
					<font>font-20c</font>
					<textcolor>lightblue</textcolor>
					<shadowcolor>black</shadowcolor>
					<align>left</align>
					<aligny>center</aligny>
					<label>$VAR[ViewItemLabel17]</label>
				</control>
				<control type="label">
					<left>386</left>
					<top>322</top>
					<width>450</width>
					<height>45</height>
					<font>font-20</font>
					<textcolor>white</textcolor>
					<shadowcolor>black</shadowcolor>
					<align>left</align>
					<aligny>center</aligny>
					<label>$VAR[ViewItemLabel18]</label>
				</control>
				<control type="label">
					<left>386</left>
					<top>368</top>
					<width>450</width>
					<height>45</height>
					<font>font-20c</font>
					<textcolor>lightblue</textcolor>
					<shadowcolor>black</shadowcolor>
					<align>left</align>
					<aligny>center</aligny>
					<label>$VAR[ViewItemLabel19]</label>
				</control>
				<control type="label">
					<left>386</left>
					<top>398</top>
					<width>450</width>
					<height>45</height>
					<font>font-20</font>
					<textcolor>white</textcolor>
					<shadowcolor>black</shadowcolor>
					<align>left</align>
					<aligny>center</aligny>
					<label>$VAR[ViewItemLabel20]</label>
				</control>
				<control type="label">
					<left>386</left>
					<top>442</top>
					<width>450</width>
					<height>45</height>
					<font>font-20c</font>
					<textcolor>lightblue</textcolor>
					<shadowcolor>black</shadowcolor>
					<align>left</align>
					<aligny>center</aligny>
					<label>$VAR[ViewItemLabel21]</label>
				</control>
				<control type="label">
					<left>386</left>
					<top>472</top>
					<width>450</width>
					<height>45</height>
					<font>font-20</font>
					<textcolor>white</textcolor>
					<shadowcolor>black</shadowcolor>
					<align>left</align>
					<aligny>center</aligny>
					<label>$VAR[ViewItemLabel22]</label>
				</control>
				<control type="label">
					<left>386</left>
					<top>518</top>
					<width>225</width>
					<height>45</height>
					<font>font-20c</font>
					<textcolor>lightblue</textcolor>
					<shadowcolor>black</shadowcolor>
					<align>left</align>
					<aligny>center</aligny>
					<label>[UPPERCASE][B]$LOCALIZE[21893]:[/B][/UPPERCASE]</label>
					<visible>Container.Content(Artists)</visible>
				</control>
				<control type="label">
					<left>386</left>
					<top>548</top>
					<width>225</width>
					<height>45</height>
					<font>font-20</font>
					<textcolor>white</textcolor>
					<shadowcolor>black</shadowcolor>
					<align>left</align>
					<aligny>center</aligny>
					<label>$INFO[ListItem.Property(Artist_Born)]</label>
					<visible>Container.Content(Artists)</visible>
				</control>
				<control type="label">
					<left>610</left>
					<top>518</top>
					<width>225</width>
					<height>45</height>
					<font>font-20c</font>
					<textcolor>lightblue</textcolor>
					<shadowcolor>black</shadowcolor>
					<align>left</align>
					<aligny>center</aligny>
					<label>[UPPERCASE][B]$LOCALIZE[21897]:[/B][/UPPERCASE]</label>
					<visible>Container.Content(Artists)</visible>
				</control>
				<control type="label">
					<left>610</left>
					<top>548</top>
					<width>225</width>
					<height>45</height>
					<font>font-20</font>
					<textcolor>white</textcolor>
					<shadowcolor>black</shadowcolor>
					<align>left</align>
					<aligny>center</aligny>
					<label>$INFO[ListItem.Property(Artist_Died)]</label>
					<visible>Container.Content(Artists)</visible>
				</control>
				<control type="label">
					<left>386</left>
					<top>518</top>
					<width>450</width>
					<height>45</height>
					<font>font-20c</font>
					<textcolor>lightblue</textcolor>
					<shadowcolor>black</shadowcolor>
					<align>left</align>
					<aligny>center</aligny>
					<label>$VAR[ViewItemLabel23]</label>
					<visible>!Container.Content(Artists)</visible>
				</control>
				<control type="label">
					<left>386</left>
					<top>548</top>
					<width>450</width>
					<height>45</height>
					<font>font-20</font>
					<textcolor>white</textcolor>
					<shadowcolor>black</shadowcolor>
					<align>left</align>
					<aligny>center</aligny>
					<label>$VAR[ViewItemLabel24]</label>
					<visible>!Container.Content(Artists)</visible>
				</control>
				<control type="label">
					<left>386</left>
					<top>592</top>
					<width>225</width>
					<height>45</height>
					<font>font-20c</font>
					<textcolor>lightblue</textcolor>
					<shadowcolor>black</shadowcolor>
					<align>left</align>
					<aligny>center</aligny>
					<label>$VAR[ViewItemLabel25]</label>
				</control>
				<control type="label">
					<left>386</left>
					<top>622</top>
					<width>225</width>
					<height>45</height>
					<font>font-20</font>
					<textcolor>white</textcolor>
					<shadowcolor>black</shadowcolor>
					<align>left</align>
					<aligny>center</aligny>
					<label>$VAR[ViewItemLabel26]</label>
				</control>
				<control type="label">
					<left>610</left>
					<top>592</top>
					<width>225</width>
					<height>45</height>
					<font>font-20c</font>
					<textcolor>lightblue</textcolor>
					<shadowcolor>black</shadowcolor>
					<align>left</align>
					<aligny>center</aligny>
					<label>$VAR[ViewItemLabel27]</label>
				</control>
				<control type="label">
					<left>610</left>
					<top>622</top>
					<width>225</width>
					<height>45</height>
					<font>font-20</font>
					<textcolor>white</textcolor>
					<shadowcolor>black</shadowcolor>
					<align>left</align>
					<aligny>center</aligny>
					<label>$VAR[ViewItemLabel28]</label>
				</control>
				<control type="image">
					<left>849</left>
					<top>240</top>
					<width>3</width>
					<height>405</height>
					<texture>separator.png</texture>
				</control>
				<control type="label">
					<left>882</left>
					<top>218</top>
					<width>450</width>
					<height>45</height>
					<font>font-20c</font>
					<textcolor>lightblue</textcolor>
					<shadowcolor>black</shadowcolor>
					<align>left</align>
					<aligny>center</aligny>
					<label>$VAR[ViewItemLabel29]</label>
				</control>
				<control type="textbox">
					<left>882</left>
					<top>273</top>
					<width>645</width>
					<height>381</height>
					<font>font-20</font>
					<textcolor>white</textcolor>
					<shadowcolor>black</shadowcolor>
					<align>justify</align>
					<label>$VAR[ViewItemText2]</label>
					<autoscroll time="2000" delay="18000" repeat="5000">Skin.HasSetting(AutoScroll)</autoscroll>
				</control>
			</control>
		</control>
		<control type="image">
			<left>0</left>
			<top>831</top>
			<width>1920</width>
			<height>267</height>
			<texture border="10">underlay4.png</texture>
			<include>Window_OpenClose_Visible_FanartInfo_Animation</include>
			<visible>Control.IsVisible(595)</visible>
		</control>
		<control type="group">
			<visible>Control.IsVisible(595)</visible>
			<control type="image">
				<left>-60</left>
				<top>915</top>
				<width>330</width>
				<height>330</height>
				<texture diffuse="disc_mask.png">disc.png</texture>
				<include>Window_OpenClose_Visible_ItemDisc_Animation</include>
				<visible>Container.Content(Artists)</visible>
			</control>
			<control type="image">
				<left>-60</left>
				<top>915</top>
				<width>330</width>
				<height>330</height>
				<texture diffuse="disc_mask.png" fallback="disc.png" background="true">$VAR[ArtworkDisc]</texture>
				<include>Window_OpenClose_Visible_ItemDisc_Animation</include>
				<visible>Container.Content(Albums) | Container.Content(Songs)</visible>
			</control>
		</control>
		<control type="group">
			<include>Window_OpenClose_Visible_FanartInfo_Animation</include>
			<visible>Control.IsVisible(595)</visible>
			<control type="label">
				<left>60</left>
				<top>855</top>
				<width>1425</width>
				<height>52</height>
				<font>font-35</font>
				<textcolor>blue</textcolor>
				<shadowcolor>black</shadowcolor>
				<align>left</align>
				<aligny>center</aligny>
				<label>$VAR[ViewItemLabel30]</label>
			</control>
			<control type="label">
				<left>240</left>
				<top>922</top>
				<width>1245</width>
				<height>30</height>
				<font>font-21</font>
				<textcolor>white</textcolor>
				<shadowcolor>black</shadowcolor>
				<align>left</align>
				<aligny>center</aligny>
				<label>$VAR[ViewItemLabel31]</label>
			</control>
			<control type="label">
				<left>262</left>
				<top>960</top>
				<width>1290</width>
				<height>30</height>
				<font>font-21</font>
				<textcolor>white</textcolor>
				<shadowcolor>black</shadowcolor>
				<align>left</align>
				<aligny>center</aligny>
				<label>$VAR[ViewItemLabel32]</label>
			</control>
			<control type="label">
				<left>282</left>
				<top>998</top>
				<width>1380</width>
				<height>30</height>
				<font>font-21</font>
				<textcolor>white</textcolor>
				<shadowcolor>black</shadowcolor>
				<align>left</align>
				<aligny>center</aligny>
				<label>$VAR[ViewItemLabel33]</label>
			</control>
			<control type="label">
				<left>292</left>
				<top>1035</top>
				<width>1500</width>
				<height>30</height>
				<font>font-21</font>
				<textcolor>white</textcolor>
				<shadowcolor>black</shadowcolor>
				<align>left</align>
				<aligny>center</aligny>
				<label>$VAR[ViewItemLabel34]</label>
			</control>
		</control>
		<control type="group">
			<left>1758</left>
			<top>405</top>
			<width>408</width>
			<height>408</height>
			<include>Window_OpenClose_Visible_ItemIcon_Animation</include>
			<animation effect="rotatey" start="60" end="60" center="auto" time="0" condition="true">Conditional</animation>
			<camera x="1410" y="540" />
			<visible>Control.IsVisible(595) + Container.Content(Artists)</visible>
			<control type="image">
				<left>465</left>
				<top>126</top>
				<width>408</width>
				<height>408</height>
				<texture background="true" diffuse="thumb-diffuse.png">$INFO[ListItem.Icon]</texture>
				<fadetime>IconCrossfadeTime</fadetime>
			</control>
			<control type="image">
				<left>465</left>
				<top>534</top>
				<width>408</width>
				<height>408</height>
				<texture flipy="true" diffuse="thumb-diffuse-mirror.png">$INFO[ListItem.Icon]</texture>
				<fadetime>IconCrossfadeTime</fadetime>
			</control>
		</control>
		<control type="group">
			<left>1776</left>
			<top>405</top>
			<width>472</width>
			<height>472</height>
			<include>Window_OpenClose_Visible_ItemIcon_Animation</include>
			<animation effect="rotatey" start="60" end="60" center="auto" time="0" condition="true">Conditional</animation>
			<camera x="1410" y="540" />
			<visible>Control.IsVisible(595) + [Container.Content(Albums) | Container.Content(Songs)]</visible>
			<control type="image">
				<left>510</left>
				<top>132</top>
				<width>378</width>
				<height>378</height>
				<texture>$INFO[ListItem.Icon]</texture>
				<fadetime>IconCrossfadeTime</fadetime>
				<visible>ListItem.IsParentFolder</visible>
			</control>
			<control type="image">
				<left>510</left>
				<top>540</top>
				<width>378</width>
				<height>378</height>
				<texture flipy="true" diffuse="diffuse_mirror2.png">$INFO[ListItem.Icon]</texture>
				<fadetime>IconCrossfadeTime</fadetime>
				<visible>ListItem.IsParentFolder</visible>
			</control>
			<control type="image">
				<left>510</left>
				<top>132</top>
				<width>378</width>
				<height>396</height>
				<texture background="true" diffuse="poster-diffuse.png">$INFO[ListItem.Icon]</texture>
				<fadetime>IconCrossfadeTime</fadetime>
				<visible>!ListItem.IsParentFolder</visible>
			</control>
			<control type="image">
				<left>465</left>
				<top>126</top>
				<width>435</width>
				<height>408</height>
				<texture diffuse="cdcase-diffuse.png">cdcase.png</texture>
				<visible>!ListItem.IsParentFolder + !Skin.HasSetting(HideMusicCase)</visible>
			</control>
			<control type="image">
				<left>510</left>
				<top>540</top>
				<width>378</width>
				<height>396</height>
				<texture flipy="true" diffuse="diffuse_mirror2.png" background="true">$INFO[ListItem.Icon]</texture>
				<fadetime>IconCrossfadeTime</fadetime>
				<visible>!ListItem.IsParentFolder</visible>
			</control>
			<control type="image">
				<left>465</left>
				<top>534</top>
				<width>435</width>
				<height>408</height>
				<texture flipy="true" diffuse="diffuse_mirror2.png">cdcase.png</texture>
				<fadetime>IconCrossfadeTime</fadetime>
				<visible>!ListItem.IsParentFolder + !Skin.HasSetting(HideMusicCase)</visible>
			</control>
		</control>
		<control type="wraplist" id="595">
			<include>Window_OpenClose_Animation</include>
			<left>0</left>
			<top>450</top>
			<width>1920</width>
			<height>645</height>
			<onup>9000</onup>
			<ondown>60</ondown>
			<onleft>595</onleft>
			<onright>595</onright>
			<viewtype label="31039">list</viewtype>
			<pagecontrol>60</pagecontrol>
			<orientation>horizontal</orientation>
			<scrolltime>250</scrolltime>
			<preloaditems>2</preloaditems>
			<visible>Container.Content(Artists) | Container.Content(Albums) | Container.Content(Songs)</visible>
			<hitrect x="1533" y="480" w="600" h="600" />
			<itemlayout width="645" height="645" />
			<focusedlayout width="645" height="645">
				<control type="image">
					<left>0</left>
					<top>0</top>
					<width>645</width>
					<height>645</height>
					<texture />
				</control>
			</focusedlayout>
		</control>
	</include>
</includes>
