<?xml version="1.0" encoding="utf-8"?>
<includes>
	<include name="MediaInfo-Movies">
		<control type="list" id="58">
			<visible>Container.Content(Movies) | Container.Content(Episodes) | Container.Content(MusicVideos) | Window.IsVisible(VideoPlaylist)</visible>
			<left>672</left>
			<top>202</top>
			<width>945</width>
			<height>486</height>
			<onleft>9000</onleft>
			<onright>60</onright>
			<onup>58</onup>
			<ondown>58</ondown>
			<viewtype label="544">list</viewtype>
			<pagecontrol>60</pagecontrol>
			<scrolltime>200</scrolltime>
			<preloaditems>2</preloaditems>
			<itemlayout width="945" height="44">
				<control type="image">
					<left>0</left>
					<top>0</top>
					<width>945</width>
					<height>45</height>
					<texture border="7">list-nofocus.png</texture>
					<include>VisibleFadeEffect</include>
				</control>
				<control type="label">
					<left>15</left>
					<top>0</top>
					<width>855</width>
					<height>45</height>
					<font>font-20</font>
					<textcolor>white</textcolor>
					<selectedcolor>blue</selectedcolor>
					<align>left</align>
					<aligny>center</aligny>
					<label>$INFO[ListItem.Label]</label>
				</control>
				<control type="label">
					<left>15</left>
					<top>0</top>
					<width>855</width>
					<height>45</height>
					<font>font-20</font>
					<textcolor>lightblue</textcolor>
					<selectedcolor>blue</selectedcolor>
					<align>right</align>
					<aligny>center</aligny>
					<label>$INFO[ListItem.Label2]</label>
					<animation effect="slide" start="0,0" end="60,0" time="0" condition="[Container.Content(Movies) + Skin.HasSetting(Enable_Movies_Watched_Flags)] | [Container.Content(Episodes) + Skin.HasSetting(Enable_TVShows_Watched_Flags)] | [Container.Content(MusicVideos) + Skin.HasSetting(Enable_MusicVideos_Watched_Flags)]">Conditional</animation>
				</control>
				<control type="image">
					<left>885</left>
					<top>0</top>
					<width>45</width>
					<height>45</height>
					<aspectratio>keep</aspectratio>
					<texture>$VAR[PartlyWatched]</texture>
					<visible>[Container.Content(Movies) + !Skin.HasSetting(Enable_Movies_Watched_Flags)] | [Container.Content(Episodes) + !Skin.HasSetting(Enable_TVShows_Watched_Flags)] | [Container.Content(MusicVideos) + !Skin.HasSetting(Enable_MusicVideos_Watched_Flags)] | Window.IsVisible(VideoPlaylist)</visible>
				</control>
				<control type="image">
					<left>885</left>
					<top>0</top>
					<width>45</width>
					<height>45</height>
					<aspectratio>keep</aspectratio>
					<texture>$INFO[ListItem.Overlay]</texture>
					<visible>[Container.Content(Movies) + !Skin.HasSetting(Enable_Movies_Watched_Flags)] | [Container.Content(Episodes) + !Skin.HasSetting(Enable_TVShows_Watched_Flags)] | [Container.Content(MusicVideos) + !Skin.HasSetting(Enable_MusicVideos_Watched_Flags)] | Window.IsVisible(VideoPlaylist)</visible>
				</control>
			</itemlayout>
			<focusedlayout width="945" height="44">
				<control type="image">
					<left>0</left>
					<top>0</top>
					<width>945</width>
					<height>45</height>
					<texture border="7">list-nofocus.png</texture>
					<include>VisibleFadeEffect</include>
				</control>
				<control type="image">
					<left>0</left>
					<top>0</top>
					<width>945</width>
					<height>45</height>
					<texture border="7">list-focus2.png</texture>
					<visible>Control.HasFocus(58)</visible>
					<include>VisibleFadeEffect</include>
					<include>ListFocusScroll</include>
				</control>
				<control type="label">
					<left>15</left>
					<top>0</top>
					<width>855</width>
					<height>45</height>
					<font>font-20</font>
					<textcolor>white</textcolor>
					<selectedcolor>blue</selectedcolor>
					<align>left</align>
					<aligny>center</aligny>
					<label>$INFO[ListItem.Label]</label>
				</control>
				<control type="label">
					<left>15</left>
					<top>0</top>
					<width>855</width>
					<height>45</height>
					<font>font-20</font>
					<textcolor>lightblue</textcolor>
					<selectedcolor>blue</selectedcolor>
					<align>right</align>
					<aligny>center</aligny>
					<label>$INFO[ListItem.Label2]</label>
					<animation effect="slide" start="0,0" end="60,0" time="0" condition="[Container.Content(Movies) + Skin.HasSetting(Enable_Movies_Watched_Flags)] | [Container.Content(Episodes) + Skin.HasSetting(Enable_TVShows_Watched_Flags)] | [Container.Content(MusicVideos) + Skin.HasSetting(Enable_MusicVideos_Watched_Flags)]">Conditional</animation>
				</control>
				<control type="image">
					<left>885</left>
					<top>0</top>
					<width>45</width>
					<height>45</height>
					<aspectratio>keep</aspectratio>
					<texture>$VAR[PartlyWatched]</texture>
					<visible>[Container.Content(Movies) + !Skin.HasSetting(Enable_Movies_Watched_Flags)] | [Container.Content(Episodes) + !Skin.HasSetting(Enable_TVShows_Watched_Flags)] | [Container.Content(MusicVideos) + !Skin.HasSetting(Enable_MusicVideos_Watched_Flags)] | Window.IsVisible(VideoPlaylist)</visible>
				</control>
				<control type="image">
					<left>885</left>
					<top>0</top>
					<width>45</width>
					<height>45</height>
					<aspectratio>keep</aspectratio>
					<texture>$INFO[ListItem.Overlay]</texture>
					<visible>[Container.Content(Movies) + !Skin.HasSetting(Enable_Movies_Watched_Flags)] | [Container.Content(Episodes) + !Skin.HasSetting(Enable_TVShows_Watched_Flags)] | [Container.Content(MusicVideos) + !Skin.HasSetting(Enable_MusicVideos_Watched_Flags)] | Window.IsVisible(VideoPlaylist)</visible>
				</control>
			</focusedlayout>
		</control>
		<control type="group">
			<left>300</left>
			<top>202</top>
			<visible>Control.IsVisible(58) + Container.Content(Movies)</visible>
			<control type="image">
				<left>30</left>
				<top>480</top>
				<width>294</width>
				<height>417</height>
				<texture flipy="true" diffuse="diffuse_mirror2.png" background="true">$INFO[ListItem.Icon]</texture>
				<visible>!ListItem.IsParentFolder</visible>
			</control>
			<control type="image">
				<left>30</left>
				<top>480</top>
				<width>294</width>
				<height>417</height>
				<texture flipy="true" diffuse="diffuse_mirror2.png" background="true">$VAR[IconPoster]</texture>
				<fadetime>IconCrossfadeTime</fadetime>
				<visible>!ListItem.IsParentFolder</visible>
			</control>
			<control type="image">
				<left>30</left>
				<top>450</top>
				<width>315</width>
				<height>486</height>
				<texture flipy="true" diffuse="diffuse_mirror_case.png" fallback="case-sets.png">case$INFO[ListItem.VideoResolution].png</texture>
				<visible>!ListItem.IsParentFolder + !Skin.HasSetting(HideMovieCase)</visible>
			</control>
			<control type="image">
				<left>30</left>
				<top>45</top>
				<width>294</width>
				<height>417</height>
				<texture background="true">$INFO[ListItem.Icon]</texture>
				<visible>ListItem.IsParentFolder</visible>
			</control>
			<control type="image">
				<left>30</left>
				<top>45</top>
				<width>294</width>
				<height>417</height>
				<texture background="true">$VAR[IconPoster]</texture>
				<fadetime>IconCrossfadeTime</fadetime>
				<visible>!ListItem.IsParentFolder</visible>
			</control>
			<control type="image">
				<left>30</left>
				<top>6</top>
				<width>315</width>
				<height>486</height>
				<texture fallback="case-sets.png">case$INFO[ListItem.VideoResolution].png</texture>
				<visible>!ListItem.IsParentFolder + !Skin.HasSetting(HideMovieCase)</visible>
			</control>
			<control type="image">
				<left>159</left>
				<top>15</top>
				<width>40</width>
				<height>24</height>
				<texture>movieset.png</texture>
				<visible>ListItem.IsFolder + !ListItem.IsParentFolder + String.StartsWith(Container.Folderpath,videodb://)</visible>
			</control>
			<control type="label">
				<description>Year Value</description>
				<left>0</left>
				<top>477</top>
				<width>350</width>
				<height>38</height>
				<label>$INFO[ListItem.Year,[UPPERCASE][B][COLOR=lightblue]$LOCALIZE[562]: [/COLOR][/UPPERCASE][/B]]</label>
				<align>center</align>
				<font>font-23</font>
			</control>
			<control type="image">
				<left>0</left>
				<top>518</top>
				<width>1320</width>
				<height>3</height>
				<texture>separator.png</texture>
			</control>
		</control>
		<control type="group">
			<left>300</left>
			<top>202</top>
			<visible>Control.IsVisible(58) + [Container.Content(Episodes) | Container.Content(MusicVideos)]</visible>
			<control type="image">
				<left>-6</left>
				<top>36</top>
				<width>348</width>
				<height>202</height>
				<aspectratio>keep</aspectratio>
				<texture background="true">$INFO[ListItem.Icon]</texture>
				<bordersize>8</bordersize>
				<visible>ListItem.IsParentFolder</visible>
			</control>
			<control type="image">
				<left>-6</left>
				<top>214</top>
				<width>348</width>
				<height>202</height>
				<aspectratio>keep</aspectratio>
				<texture flipy="true" diffuse="video-diffuse-mirror.png" background="true">$INFO[ListItem.Icon]</texture>
				<bordersize>8</bordersize>
				<visible>ListItem.IsParentFolder</visible>
			</control>
			<control type="image">
				<left>-6</left>
				<top>36</top>
				<width>348</width>
				<height>202</height>
				<aspectratio scalediffuse="false">scale</aspectratio>
				<texture diffuse="video-diffuse.png" background="true">$INFO[ListItem.Icon]</texture>
				<bordertexture border="9">video-shadow.png</bordertexture>
				<bordersize>8</bordersize>
				<fadetime>IconCrossfadeTime</fadetime>
				<visible>!ListItem.IsParentFolder</visible>
			</control>
			<control type="image">
				<left>-6</left>
				<top>214</top>
				<width>348</width>
				<height>202</height>
				<aspectratio scalediffuse="false">scale</aspectratio>
				<texture flipy="true" diffuse="video-diffuse-mirror.png" background="true">$INFO[ListItem.Icon]</texture>
				<bordersize>8</bordersize>
				<fadetime>IconCrossfadeTime</fadetime>
				<visible>!ListItem.IsParentFolder</visible>
			</control>
			<control type="label">
				<left>0</left>
				<top>270</top>
				<width>338</width>
				<height>38</height>
				<label>$VAR[ViewMediaInfoLabel1]</label>
				<align>left</align>
				<aligny>center</aligny>
				<font>font-20c</font>
				<textcolor>lightblue</textcolor>
			</control>
			<control type="label">
				<left>0</left>
				<top>300</top>
				<width>338</width>
				<height>38</height>
				<label fallback="10005">$VAR[ViewMediaInfoLabel2]</label>
				<align>left</align>
				<aligny>center</aligny>
				<font>font-20</font>
			</control>
			<control type="label">
				<left>0</left>
				<top>345</top>
				<width>338</width>
				<height>38</height>
				<label>$VAR[ViewMediaInfoLabel3]</label>
				<align>left</align>
				<aligny>center</aligny>
				<font>font-20c</font>
				<textcolor>lightblue</textcolor>
			</control>
			<control type="label">
				<left>0</left>
				<top>375</top>
				<width>338</width>
				<height>38</height>
				<label fallback="10005">$VAR[ViewMediaInfoLabel4]</label>
				<align>left</align>
				<aligny>center</aligny>
				<font>font-20</font>
			</control>
			<control type="label">
				<description>Studio txt</description>
				<left>0</left>
				<top>420</top>
				<width>338</width>
				<height>38</height>
				<label>[UPPERCASE][B]$LOCALIZE[572]:[/UPPERCASE][/B]</label>
				<align>left</align>
				<aligny>center</aligny>
				<font>font-20c</font>
				<textcolor>lightblue</textcolor>
				<visible>!ListItem.IsParentFolder</visible>
			</control>
			<control type="label">
				<description>Studio Value</description>
				<left>0</left>
				<top>450</top>
				<width>338</width>
				<height>38</height>
				<label fallback="10005">$INFO[ListItem.Studio]</label>
				<align>left</align>
				<aligny>center</aligny>
				<font>font-20</font>
				<visible>!ListItem.IsParentFolder</visible>
			</control>
			<control type="image">
				<left>0</left>
				<top>518</top>
				<width>1320</width>
				<height>3</height>
				<texture>separator.png</texture>
			</control>
		</control>
		<control type="group">
			<left>300</left>
			<top>202</top>
			<visible>Control.IsVisible(58) + Window.IsVisible(VideoPlaylist)</visible>
			<control type="image">
				<left>42</left>
				<top>21</top>
				<width>300</width>
				<height>442</height>
				<aspectratio scalediffuse="true">keep</aspectratio>
				<texture diffuse="gamecase-diffuse.png" background="true">$INFO[ListItem.Icon]</texture>
				<fadetime>IconCrossfadeTime</fadetime>
			</control>
			<control type="label">
				<description>Year Value</description>
				<left>0</left>
				<top>474</top>
				<width>350</width>
				<height>38</height>
				<label>$INFO[ListItem.Year,[UPPERCASE][B][COLOR=lightblue]$LOCALIZE[562]: [/COLOR][/UPPERCASE][/B]]</label>
				<align>center</align>
				<font>font-23</font>
			</control>
			<control type="image">
				<left>0</left>
				<top>518</top>
				<width>1320</width>
				<height>3</height>
				<texture>separator.png</texture>
			</control>
		</control>
		<control type="textbox">
			<description>Description Value for Movies</description>
			<left>300</left>
			<top>756</top>
			<width>1320</width>
			<height>129</height>
			<font>font-20</font>
			<align>justify</align>
			<textcolor>white</textcolor>
			<label>$INFO[ListItem.Plot]</label>
			<autoscroll time="2000" delay="8000" repeat="5000">Skin.HasSetting(AutoScroll)</autoscroll>
			<visible>Control.IsVisible(58) + [Container.Content(Movies) | Container.Content(Episodes) | Container.Content(MusicVideos) | Window.IsVisible(VideoPlaylist)]</visible>
		</control>
	</include>
	<include name="MediaInfo-Movies_Extras">
		<control type="group">
			<visible>Control.IsVisible(58) + [Container.Content(Movies) | Container.Content(Episodes) | Container.Content(MusicVideos) | Window.IsVisible(VideoPlaylist)]</visible>
			<include>Window_OpenClose_Visible_MediaFlags_Animation2</include>
			<control type="image">
				<left>495</left>
				<top>927</top>
				<width>939</width>
				<height>63</height>
				<texture diffuse="underlay2-diffuse.png" border="4">underlay2.png</texture>
				<visible>[!Skin.HasSetting(Enable_Movies_Media_Flags) + Container.Content(Movies)]</visible>
			</control>
			<control type="image">
				<left>495</left>
				<top>927</top>
				<width>939</width>
				<height>63</height>
				<texture diffuse="underlay2-diffuse.png" border="4">underlay2.png</texture>
				<visible>!Skin.HasSetting(Enable_TVShows_Media_Flags) + Container.Content(Episodes)</visible>
			</control>
			<control type="image">
				<left>495</left>
				<top>927</top>
				<width>939</width>
				<height>63</height>
				<texture diffuse="underlay2-diffuse.png" border="4">underlay2.png</texture>
				<visible>!Skin.HasSetting(Enable_MusicVideos_Media_Flags) + Container.Content(MusicVideos)</visible>
			</control>
			<control type="group">
				<left>555</left>
				<top>922</top>
				<width>810</width>
				<height>72</height>
				<include condition="!Skin.HasSetting(Enable_Movies_Media_Flags)">VideoMediaFlags</include>
				<visible>Container.Content(Movies)</visible>
			</control>
			<control type="group">
				<left>555</left>
				<top>922</top>
				<width>810</width>
				<height>72</height>
				<include condition="!Skin.HasSetting(Enable_TVShows_Media_Flags)">VideoMediaFlags</include>
				<visible>Container.Content(Episodes)</visible>
			</control>
			<control type="group">
				<left>555</left>
				<top>922</top>
				<width>810</width>
				<height>72</height>
				<include condition="!Skin.HasSetting(Enable_MusicVideos_Media_Flags)">VideoMediaFlags</include>
				<visible>Container.Content(MusicVideos)</visible>
			</control>
		</control>
	</include>
	<include name="MediaInfo-TVShows">
		<control type="list" id="59">
			<visible>Container.Content(TVShows) | Container.Content(Seasons)</visible>
			<left>990</left>
			<top>213</top>
			<width>630</width>
			<height>662</height>
			<onleft>9000</onleft>
			<onright>60</onright>
			<onup>59</onup>
			<ondown>59</ondown>
			<viewtype label="$LOCALIZE[544]">list</viewtype>
			<pagecontrol>60</pagecontrol>
			<scrolltime>200</scrolltime>
			<preloaditems>2</preloaditems>
			<itemlayout width="630" height="44">
				<control type="image">
					<left>0</left>
					<top>0</top>
					<width>630</width>
					<height>45</height>
					<texture border="7">list-nofocus.png</texture>
					<include>VisibleFadeEffect</include>
				</control>
				<control type="label">
					<left>15</left>
					<top>0</top>
					<width>555</width>
					<height>45</height>
					<font>font-20</font>
					<textcolor>white</textcolor>
					<selectedcolor>blue</selectedcolor>
					<align>left</align>
					<aligny>center</aligny>
					<label>$INFO[ListItem.Label]</label>
				</control>
				<control type="image">
					<left>570</left>
					<top>0</top>
					<width>45</width>
					<height>45</height>
					<aspectratio>keep</aspectratio>
					<texture>$VAR[PartlyWatched]</texture>
					<visible>!Skin.HasSetting(Enable_TVShows_Watched_Flags)</visible>
				</control>
				<control type="image">
					<left>570</left>
					<top>0</top>
					<width>45</width>
					<height>45</height>
					<aspectratio>keep</aspectratio>
					<texture>$INFO[ListItem.Overlay]</texture>
					<visible>!Skin.HasSetting(Enable_TVShows_Watched_Flags)</visible>
				</control>
			</itemlayout>
			<focusedlayout width="630" height="44">
				<control type="image">
					<left>0</left>
					<top>0</top>
					<width>630</width>
					<height>45</height>
					<texture border="7">list-nofocus.png</texture>
					<include>VisibleFadeEffect</include>
				</control>
				<control type="image">
					<left>0</left>
					<top>0</top>
					<width>630</width>
					<height>45</height>
					<texture border="7">list-focus2.png</texture>
					<visible>Control.HasFocus(59)</visible>
					<include>VisibleFadeEffect</include>
					<include>ListFocusScroll</include>
				</control>
				<control type="label">
					<left>15</left>
					<top>0</top>
					<width>555</width>
					<height>45</height>
					<font>font-20</font>
					<textcolor>white</textcolor>
					<selectedcolor>blue</selectedcolor>
					<align>left</align>
					<aligny>center</aligny>
					<label>$INFO[ListItem.Label]</label>
				</control>
				<control type="image">
					<left>570</left>
					<top>0</top>
					<width>45</width>
					<height>45</height>
					<aspectratio>keep</aspectratio>
					<texture>$VAR[PartlyWatched]</texture>
					<visible>!Skin.HasSetting(Enable_TVShows_Watched_Flags)</visible>
				</control>
				<control type="image">
					<left>570</left>
					<top>0</top>
					<width>45</width>
					<height>45</height>
					<aspectratio>keep</aspectratio>
					<texture>$INFO[ListItem.Overlay]</texture>
					<visible>!Skin.HasSetting(Enable_TVShows_Watched_Flags)</visible>
				</control>
			</focusedlayout>
		</control>
		<control type="group">
			<visible>Control.IsVisible(59) + [Container.Content(TVShows) + Skin.HasSetting(TVShowsPosters)]</visible>
			<left>300</left>
			<top>165</top>
			<control type="image">
				<left>-20</left>
				<top>39</top>
				<width>699</width>
				<height>160</height>
				<aspectratio>keep</aspectratio>
				<texture diffuse="banner-diffuse.png" background="true">$INFO[ListItem.Icon]</texture>
				<bordersize>13</bordersize>
				<fadetime>IconCrossfadeTime</fadetime>
				<visible>ListItem.IsParentFolder</visible>
			</control>
			<control type="image">
				<left>-20</left>
				<top>160</top>
				<width>699</width>
				<height>160</height>
				<aspectratio>keep</aspectratio>
				<texture flipy="true" diffuse="banner-diffuse-mirror.png" background="true">$INFO[ListItem.Icon]</texture>
				<bordersize>13</bordersize>
				<fadetime>IconCrossfadeTime</fadetime>
				<visible>ListItem.IsParentFolder</visible>
			</control>
			<control type="image">
				<left>-20</left>
				<top>39</top>
				<width>699</width>
				<height>160</height>
				<aspectratio scalediffuse="false">stretch</aspectratio>
				<texture fallback="DefaultBanner.png" diffuse="banner-diffuse.png" background="true">$VAR[IconBanner]</texture>
				<bordertexture border="13">banner-shadow.png</bordertexture>
				<bordersize>13</bordersize>
				<fadetime>IconCrossfadeTime</fadetime>
				<visible>!ListItem.IsParentFolder</visible>
			</control>
			<control type="image">
				<left>-20</left>
				<top>169</top>
				<width>699</width>
				<height>160</height>
				<aspectratio scalediffuse="false">stretch</aspectratio>
				<texture fallback="DefaultBanner.png" flipy="true" diffuse="banner-diffuse-mirror.png" background="true">$VAR[IconBanner]</texture>
				<bordersize>13</bordersize>
				<fadetime>IconCrossfadeTime</fadetime>
				<visible>!ListItem.IsParentFolder</visible>
			</control>
		</control>
		<control type="group">
			<visible>Control.IsVisible(59) + [Container.Content(TVShows) | Container.Content(Seasons)]</visible>
			<left>300</left>
			<top>165</top>
			<animation effect="slide" start="0,0" end="0,378" time="0" condition="[[Container.Content(TVShows) + !Skin.HasSetting(TVShowsPosters)] | Container.Content(Seasons)]">Conditional</animation>
			<control type="label">
				<description>Seasons txt</description>
				<left>-72</left>
				<top>195</top>
				<width>360</width>
				<height>30</height>
				<label>[UPPERCASE][B]$LOCALIZE[33054]:[/UPPERCASE][/B]</label>
				<align>right</align>
				<aligny>center</aligny>
				<font>font-20c</font>
				<textcolor>lightblue</textcolor>
				<visible>!ListItem.IsParentFolder</visible>
			</control>
			<control type="label">
				<description>Seasons Value</description>
				<left>300</left>
				<top>195</top>
				<width>130</width>
				<height>30</height>
				<label fallback="10005">$INFO[ListItem.Property(TotalSeasons)]</label>
				<align>left</align>
				<aligny>center</aligny>
				<font>font-20</font>
				<visible>!ListItem.IsParentFolder</visible>
			</control>
			<control type="label">
				<description>Episodes txt</description>
				<left>122</left>
				<top>195</top>
				<width>360</width>
				<height>30</height>
				<label>[UPPERCASE][B]$LOCALIZE[20360]:[/UPPERCASE][/B]</label>
				<align>right</align>
				<aligny>center</aligny>
				<font>font-20c</font>
				<textcolor>lightblue</textcolor>
				<visible>!ListItem.IsParentFolder</visible>
			</control>
			<control type="label">
				<description>Episodes Value</description>
				<left>490</left>
				<top>195</top>
				<width>330</width>
				<height>30</height>
				<label fallback="10005">$INFO[ListItem.Property(TotalEpisodes)]</label>
				<align>left</align>
				<aligny>center</aligny>
				<font>font-20</font>
				<visible>!ListItem.IsParentFolder</visible>
			</control>
			<control type="label">
				<left>-22</left>
				<top>255</top>
				<width>360</width>
				<height>30</height>
				<label>$VAR[ViewMediaInfoLabel5]</label>
				<align>right</align>
				<aligny>center</aligny>
				<font>font-20c</font>
				<textcolor>lightblue</textcolor>
			</control>
			<control type="label">
				<left>348</left>
				<top>255</top>
				<width>330</width>
				<height>30</height>
				<label fallback="10005">$VAR[ViewMediaInfoLabel6]</label>
				<align>left</align>
				<aligny>center</aligny>
				<font>font-20</font>
			</control>
			<control type="label">
				<description>Genre txt</description>
				<left>-22</left>
				<top>285</top>
				<width>360</width>
				<height>30</height>
				<label>[UPPERCASE][B]$LOCALIZE[515]:[/UPPERCASE][/B]</label>
				<align>right</align>
				<aligny>center</aligny>
				<font>font-20c</font>
				<textcolor>lightblue</textcolor>
				<visible>!ListItem.IsParentFolder</visible>
			</control>
			<control type="label">
				<description>Genre Value</description>
				<left>348</left>
				<top>285</top>
				<width>330</width>
				<height>30</height>
				<label fallback="10005">$INFO[ListItem.Genre]</label>
				<align>left</align>
				<aligny>center</aligny>
				<font>font-20</font>
				<visible>!ListItem.IsParentFolder</visible>
			</control>
			<control type="label">
				<description>Episodes Value</description>
				<left>0</left>
				<top>315</top>
				<width>660</width>
				<height>30</height>
				<label fallback="10005">[COLOR=lightgrey]($INFO[ListItem.Property(WatchedEpisodes),, $LOCALIZE[16102]] - $INFO[ListItem.Property(UnWatchedEpisodes),, $LOCALIZE[16101]])[/COLOR]</label>
				<align>center</align>
				<aligny>center</aligny>
				<font>font-20</font>
				<visible>!ListItem.IsParentFolder</visible>
			</control>
			<control type="image">
				<left>0</left>
				<top>368</top>
				<width>660</width>
				<height>6</height>
				<texture>separator.png</texture>
				<animation effect="slide" start="0,0" end="0,-186" time="0" condition="[[Container.Content(TVShows) + !Skin.HasSetting(TVShowsPosters)] | Container.Content(Seasons)]">Conditional</animation>
			</control>
		</control>
		<control type="group">
			<visible>Control.IsVisible(59) + [[Container.Content(TVShows) + !Skin.HasSetting(TVShowsPosters)] | Container.Content(Seasons)]</visible>
			<left>453</left>
			<top>210</top>
			<control type="image">
				<left>30</left>
				<top>45</top>
				<width>294</width>
				<height>417</height>
				<texture background="true">$INFO[ListItem.Icon]</texture>
				<visible>ListItem.IsParentFolder</visible>
			</control>
			<control type="image">
				<left>30</left>
				<top>45</top>
				<width>294</width>
				<height>417</height>
				<texture background="true">$VAR[IconPoster]</texture>
				<fadetime>IconCrossfadeTime</fadetime>
				<visible>!ListItem.IsParentFolder</visible>
			</control>
			<control type="image">
				<left>30</left>
				<top>6</top>
				<width>315</width>
				<height>486</height>
				<texture>case-tv.png</texture>
				<visible>!ListItem.IsParentFolder + !Skin.HasSetting(HideTVShowCase)</visible>
			</control>
			<control type="image">
				<left>30</left>
				<top>480</top>
				<width>294</width>
				<height>417</height>
				<texture flipy="true" diffuse="diffuse_mirror2.png" background="true">$INFO[ListItem.Icon]</texture>
				<visible>ListItem.IsParentFolder</visible>
			</control>
			<control type="image">
				<left>30</left>
				<top>480</top>
				<width>294</width>
				<height>417</height>
				<texture flipy="true" diffuse="diffuse_mirror2.png" background="true">$VAR[IconPoster]</texture>
				<fadetime>IconCrossfadeTime</fadetime>
				<visible>!ListItem.IsParentFolder</visible>
			</control>
			<control type="image">
				<left>30</left>
				<top>450</top>
				<width>315</width>
				<height>486</height>
				<texture flipy="true" diffuse="diffuse_mirror_case.png">case-tv.png</texture>
				<visible>!ListItem.IsParentFolder + !Skin.HasSetting(HideTVShowCase)</visible>
			</control>
		</control>
		<control type="textbox">
			<description>Description Value for TVShows</description>
			<left>300</left>
			<top>558</top>
			<width>660</width>
			<height>315</height>
			<font>font-20</font>
			<align>justify</align>
			<textcolor>white</textcolor>
			<label>$INFO[ListItem.Plot]</label>
			<autoscroll time="2000" delay="10000" repeat="5000">Skin.HasSetting(AutoScroll)</autoscroll>
			<visible>Control.IsVisible(59) + Container.Content(TVShows) + Skin.HasSetting(TVShowsPosters)</visible>
		</control>
	</include>
	<include name="MediaInfo-Music">
		<control type="list" id="59">
			<visible>Window.IsVisible(MusicPlaylist) | Container.Content(Artists) | Container.Content(Albums) | Container.Content(Songs) | Container.Content(MusicVideos)</visible>
			<left>675</left>
			<top>213</top>
			<width>945</width>
			<height>486</height>
			<onleft>9000</onleft>
			<onright>60</onright>
			<onup>59</onup>
			<ondown>59</ondown>
			<viewtype label="544">list</viewtype>
			<pagecontrol>60</pagecontrol>
			<scrolltime>200</scrolltime>
			<preloaditems>2</preloaditems>
			<itemlayout width="945" height="44">
				<control type="image">
					<left>0</left>
					<top>0</top>
					<width>945</width>
					<height>45</height>
					<texture border="7">list-nofocus.png</texture>
					<include>VisibleFadeEffect</include>
				</control>
				<control type="label">
					<left>15</left>
					<top>0</top>
					<width>915</width>
					<height>45</height>
					<font>font-20</font>
					<textcolor>white</textcolor>
					<selectedcolor>blue</selectedcolor>
					<align>left</align>
					<aligny>center</aligny>
					<label>$INFO[ListItem.Label]</label>
				</control>
				<control type="label">
					<left>15</left>
					<top>0</top>
					<width>915</width>
					<height>45</height>
					<font>font-20</font>
					<textcolor>white</textcolor>
					<selectedcolor>blue</selectedcolor>
					<align>right</align>
					<aligny>center</aligny>
					<label>$INFO[ListItem.Label2]</label>
				</control>
			</itemlayout>
			<focusedlayout width="945" height="44">
				<control type="image">
					<left>0</left>
					<top>0</top>
					<width>945</width>
					<height>45</height>
					<texture border="7">list-nofocus.png</texture>
					<include>VisibleFadeEffect</include>
				</control>
				<control type="image">
					<left>0</left>
					<top>0</top>
					<width>945</width>
					<height>45</height>
					<texture border="7">list-focus2.png</texture>
					<include>VisibleFadeEffect</include>
					<include>ListFocusScroll</include>
					<visible>Control.HasFocus(59)</visible>
				</control>
				<control type="label">
					<left>15</left>
					<top>0</top>
					<width>915</width>
					<height>45</height>
					<font>font-20</font>
					<textcolor>white</textcolor>
					<selectedcolor>blue</selectedcolor>
					<align>left</align>
					<aligny>center</aligny>
					<label>$INFO[ListItem.Label]</label>
				</control>
				<control type="label">
					<left>15</left>
					<top>0</top>
					<width>915</width>
					<height>45</height>
					<font>font-20</font>
					<textcolor>white</textcolor>
					<selectedcolor>blue</selectedcolor>
					<align>right</align>
					<aligny>center</aligny>
					<label>$INFO[ListItem.Label2]</label>
				</control>
			</focusedlayout>
		</control>
		<control type="group">
			<left>262</left>
			<top>165</top>
			<visible>Control.IsVisible(59) + Container.Content(Artists)</visible>
			<control type="image">
				<left>70</left>
				<top>130</top>
				<width>286</width>
				<height>279</height>
				<texture background="true">$INFO[ListItem.Icon]</texture>
				<visible>ListItem.IsParentFolder</visible>
			</control>
			<control type="image">
				<left>70</left>
				<top>422</top>
				<width>286</width>
				<height>279</height>
				<texture flipy="true" diffuse="diffuse_mirror2.png" background="true">$INFO[ListItem.Icon]</texture>
				<visible>ListItem.IsParentFolder</visible>
			</control>
			<control type="image">
				<left>38</left>
				<top>105</top>
				<width>352</width>
				<height>352</height>
				<texture>thumb-shadow.png</texture>
				<visible>!ListItem.IsParentFolder</visible>
			</control>
			<control type="image">
				<left>38</left>
				<top>440</top>
				<width>352</width>
				<height>352</height>
				<texture flipy="true" diffuse="thumb-diffuse-mirror.png">thumb-shadow.png</texture>
				<visible>!ListItem.IsParentFolder</visible>
			</control>
			<control type="image">
				<left>38</left>
				<top>105</top>
				<width>352</width>
				<height>352</height>
				<aspectratio scalediffuse="false">scale</aspectratio>
				<texture diffuse="thumb-diffuse.png" background="true">$INFO[ListItem.Icon]</texture>
				<bordersize>6</bordersize>
				<fadetime>IconCrossfadeTime</fadetime>
				<visible>!ListItem.IsParentFolder</visible>
			</control>
			<control type="image">
				<left>38</left>
				<top>440</top>
				<width>352</width>
				<height>352</height>
				<aspectratio scalediffuse="false">scale</aspectratio>
				<texture flipy="true" diffuse="thumb-diffuse-mirror.png" background="true">$INFO[ListItem.Icon]</texture>
				<bordersize>6</bordersize>
				<fadetime>IconCrossfadeTime</fadetime>
				<visible>!ListItem.IsParentFolder</visible>
			</control>
			<control type="image">
				<left>38</left>
				<top>558</top>
				<width>1320</width>
				<height>3</height>
				<texture>separator.png</texture>
			</control>
		</control>
		<control type="group">
			<left>262</left>
			<top>165</top>
			<visible>Control.IsVisible(59) + [Container.Content(Albums) | Container.Content(Songs) | Window.IsVisible(MusicPlaylist)]</visible>
			<control type="image">
				<left>70</left>
				<top>130</top>
				<width>286</width>
				<height>279</height>
				<texture background="true">$INFO[ListItem.Icon]</texture>
				<visible>ListItem.IsParentFolder</visible>
			</control>
			<control type="image">
				<left>70</left>
				<top>422</top>
				<width>286</width>
				<height>279</height>
				<texture flipy="true" diffuse="diffuse_mirror2.png" background="true">$INFO[ListItem.Icon]</texture>
				<visible>ListItem.IsParentFolder</visible>
			</control>
			<control type="image">
				<left>70</left>
				<top>130</top>
				<width>286</width>
				<height>279</height>
				<texture background="true">$INFO[ListItem.Icon]</texture>
				<fadetime>IconCrossfadeTime</fadetime>
				<visible>!ListItem.IsParentFolder</visible>
			</control>
			<control type="image">
				<left>38</left>
				<top>124</top>
				<width>330</width>
				<height>291</height>
				<texture>cdcase.png</texture>
				<visible>!ListItem.IsParentFolder + !Skin.HasSetting(HideMusicCase)</visible>
			</control>
			<control type="image">
				<left>70</left>
				<top>422</top>
				<width>286</width>
				<height>279</height>
				<texture flipy="true" diffuse="diffuse_mirror2.png" background="true">$INFO[ListItem.Icon]</texture>
				<visible>!ListItem.IsParentFolder</visible>
				<fadetime>IconCrossfadeTime</fadetime>
			</control>
			<control type="image">
				<left>38</left>
				<top>416</top>
				<width>330</width>
				<height>291</height>
				<texture flipy="true" diffuse="diffuse_mirror2.png">cdcase.png</texture>
				<visible>!ListItem.IsParentFolder + !Skin.HasSetting(HideMusicCase)</visible>
			</control>
			<control type="image">
				<left>38</left>
				<top>558</top>
				<width>1320</width>
				<height>3</height>
				<texture>separator.png</texture>
			</control>
		</control>
		<control type="group">
			<left>262</left>
			<top>165</top>
			<visible>Control.IsVisible(59) + Container.Content(MusicVideos)</visible>
			<control type="image">
				<left>70</left>
				<top>130</top>
				<width>286</width>
				<height>279</height>
				<texture background="true">$INFO[ListItem.Icon]</texture>
				<visible>ListItem.IsParentFolder</visible>
			</control>
			<control type="image">
				<left>70</left>
				<top>422</top>
				<width>286</width>
				<height>279</height>
				<texture flipy="true" diffuse="diffuse_mirror2.png" background="true">$INFO[ListItem.Icon]</texture>
				<visible>ListItem.IsParentFolder</visible>
			</control>
			<control type="image">
				<left>38</left>
				<top>153</top>
				<width>348</width>
				<height>202</height>
				<aspectratio scalediffuse="false">scale</aspectratio>
				<texture diffuse="video-diffuse.png" background="true">$INFO[ListItem.Icon]</texture>
				<bordertexture border="9">video-shadow.png</bordertexture>
				<bordersize>8</bordersize>
				<fadetime>IconCrossfadeTime</fadetime>
				<visible>!ListItem.IsParentFolder</visible>
			</control>
			<control type="image">
				<left>38</left>
				<top>332</top>
				<width>348</width>
				<height>202</height>
				<aspectratio scalediffuse="false">scale</aspectratio>
				<texture flipy="true" diffuse="video-diffuse-mirror.png" background="true">$INFO[ListItem.Icon]</texture>
				<bordersize>8</bordersize>
				<fadetime>IconCrossfadeTime</fadetime>
				<visible>!ListItem.IsParentFolder</visible>
			</control>
			<control type="image">
				<left>38</left>
				<top>558</top>
				<width>1320</width>
				<height>3</height>
				<texture>separator.png</texture>
			</control>
		</control>
		<control type="group">
			<left>188</left>
			<top>735</top>
			<visible>Control.IsVisible(59) + [Container.Content(Artists) | Container.Content(MusicVideos)]</visible>
			<control type="label">
				<left>75</left>
				<top>0</top>
				<width>210</width>
				<height>38</height>
				<label>$VAR[ViewMediaInfoLabel7]</label>
				<align>right</align>
				<aligny>center</aligny>
				<font>font-20c</font>
				<textcolor>lightblue</textcolor>
			</control>
			<control type="label">
				<left>300</left>
				<top>0</top>
				<width>1155</width>
				<height>38</height>
				<label fallback="10005">$VAR[ViewMediaInfoLabel8]</label>
				<align>left</align>
				<aligny>center</aligny>
				<font>font-20</font>
			</control>
			<control type="label">
				<left>75</left>
				<top>38</top>
				<width>210</width>
				<height>38</height>
				<label>$VAR[ViewMediaInfoLabel9]</label>
				<align>right</align>
				<aligny>center</aligny>
				<font>font-20c</font>
				<textcolor>lightblue</textcolor>
			</control>
			<control type="label">
				<left>300</left>
				<top>38</top>
				<width>1155</width>
				<height>38</height>
				<label fallback="10005">$VAR[ViewMediaInfoLabel10]</label>
				<align>left</align>
				<aligny>center</aligny>
				<font>font-20</font>
			</control>
			<control type="label">
				<left>75</left>
				<top>75</top>
				<width>210</width>
				<height>38</height>
				<label>$VAR[ViewMediaInfoLabel11]</label>
				<align>right</align>
				<aligny>center</aligny>
				<font>font-20c</font>
				<textcolor>lightblue</textcolor>
			</control>
			<control type="label">
				<left>300</left>
				<top>75</top>
				<width>1155</width>
				<height>38</height>
				<label fallback="10005">$VAR[ViewMediaInfoLabel12]</label>
				<align>left</align>
				<aligny>center</aligny>
				<font>font-20</font>
			</control>
			<control type="label">
				<left>75</left>
				<top>112</top>
				<width>210</width>
				<height>38</height>
				<label>$VAR[ViewMediaInfoLabel13]</label>
				<align>right</align>
				<aligny>center</aligny>
				<font>font-20c</font>
				<textcolor>lightblue</textcolor>
			</control>
			<control type="label">
				<left>300</left>
				<top>112</top>
				<width>1155</width>
				<height>38</height>
				<label fallback="10005">$VAR[ViewMediaInfoLabel14]</label>
				<align>left</align>
				<aligny>center</aligny>
				<font>font-20</font>
			</control>
		</control>
		<control type="group">
			<left>188</left>
			<top>735</top>
			<visible>Control.IsVisible(59) + [Container.Content(Albums) | Container.Content(Songs)]</visible>
			<control type="label">
				<left>75</left>
				<top>0</top>
				<width>210</width>
				<height>38</height>
				<label>$VAR[ViewMediaInfoLabel15]</label>
				<align>right</align>
				<aligny>center</aligny>
				<font>font-20c</font>
				<textcolor>lightblue</textcolor>
			</control>
			<control type="label">
				<left>300</left>
				<top>0</top>
				<width>720</width>
				<height>38</height>
				<label fallback="10005">$VAR[ViewMediaInfoLabel16]</label>
				<align>left</align>
				<aligny>center</aligny>
				<font>font-20</font>
			</control>
			<control type="label">
				<left>75</left>
				<top>38</top>
				<width>210</width>
				<height>38</height>
				<label>$VAR[ViewMediaInfoLabel17]</label>
				<align>right</align>
				<aligny>center</aligny>
				<font>font-20c</font>
				<textcolor>lightblue</textcolor>
			</control>
			<control type="label">
				<left>300</left>
				<top>38</top>
				<width>720</width>
				<height>38</height>
				<label fallback="10005">$VAR[ViewMediaInfoLabel18]</label>
				<align>left</align>
				<aligny>center</aligny>
				<font>font-20</font>
			</control>
			<control type="label">
				<left>75</left>
				<top>75</top>
				<width>210</width>
				<height>38</height>
				<label>$VAR[ViewMediaInfoLabel19]</label>
				<align>right</align>
				<aligny>center</aligny>
				<font>font-20c</font>
				<textcolor>lightblue</textcolor>
			</control>
			<control type="label">
				<left>300</left>
				<top>75</top>
				<width>720</width>
				<height>38</height>
				<label fallback="10005">$VAR[ViewMediaInfoLabel20]</label>
				<align>left</align>
				<aligny>center</aligny>
				<font>font-20</font>
			</control>
			<control type="label">
				<left>75</left>
				<top>112</top>
				<width>210</width>
				<height>38</height>
				<label>$VAR[ViewMediaInfoLabel21]</label>
				<align>right</align>
				<aligny>center</aligny>
				<font>font-20c</font>
				<textcolor>lightblue</textcolor>
			</control>
			<control type="label">
				<left>300</left>
				<top>112</top>
				<width>720</width>
				<height>38</height>
				<label fallback="10005">$VAR[ViewMediaInfoLabel22]</label>
				<align>left</align>
				<aligny>center</aligny>
				<font>font-20</font>
			</control>
			<control type="label">
				<left>968</left>
				<top>0</top>
				<width>210</width>
				<height>38</height>
				<label>$VAR[ViewMediaInfoLabel23]</label>
				<align>right</align>
				<aligny>center</aligny>
				<font>font-20c</font>
				<textcolor>lightblue</textcolor>
			</control>
			<control type="label">
				<left>1192</left>
				<top>0</top>
				<width>278</width>
				<height>38</height>
				<label fallback="10005">$VAR[ViewMediaInfoLabel24]</label>
				<align>left</align>
				<aligny>center</aligny>
				<font>font-20</font>
			</control>
			<control type="label">
				<left>968</left>
				<top>38</top>
				<width>210</width>
				<height>38</height>
				<label>$VAR[ViewMediaInfoLabel25]</label>
				<align>right</align>
				<aligny>center</aligny>
				<font>font-20c</font>
				<textcolor>lightblue</textcolor>
			</control>
			<control type="label">
				<left>1192</left>
				<top>38</top>
				<width>278</width>
				<height>38</height>
				<label fallback="10005">$VAR[ViewMediaInfoLabel26]</label>
				<align>left</align>
				<aligny>center</aligny>
				<font>font-20</font>
			</control>
			<control type="label">
				<left>968</left>
				<top>75</top>
				<width>210</width>
				<height>38</height>
				<label>$VAR[ViewMediaInfoLabel27]</label>
				<align>right</align>
				<aligny>center</aligny>
				<font>font-20c</font>
				<textcolor>lightblue</textcolor>
			</control>
			<control type="label">
				<left>1192</left>
				<top>75</top>
				<width>278</width>
				<height>38</height>
				<label fallback="10005">$VAR[ViewMediaInfoLabel28]</label>
				<align>left</align>
				<aligny>center</aligny>
				<font>font-20</font>
			</control>
			<control type="label">
				<left>968</left>
				<top>112</top>
				<width>210</width>
				<height>38</height>
				<label>$VAR[ViewMediaInfoLabel29]</label>
				<align>right</align>
				<aligny>center</aligny>
				<font>font-20c</font>
				<textcolor>lightblue</textcolor>
			</control>
			<control type="image">
				<left>1192</left>
				<top>112</top>
				<width>262</width>
				<height>38</height>
				<aspectratio>keep</aspectratio>
				<texture fallback="rating/0.0.png">$INFO[ListItem.Property(Album_Rating),rating/,.png]</texture>
				<visible>Container.Content(Albums)</visible>
			</control>
			<control type="image">
				<left>1192</left>
				<top>112</top>
				<width>262</width>
				<height>38</height>
				<aspectratio>keep</aspectratio>
				<texture fallback="rating/0.0.png">$INFO[ListItem.UserRating,rating/,.0.png]</texture>
				<visible>Container.Content(Songs)</visible>
			</control>
		</control>
	</include>
	<include name="MediaInfo-AddOns">
		<control type="list" id="599">
			<visible>Container.Content(AddOns)</visible>
			<left>672</left>
			<top>202</top>
			<width>945</width>
			<height>486</height>
			<onleft>9000</onleft>
			<onright>60</onright>
			<onup>599</onup>
			<ondown>599</ondown>
			<viewtype label="544">list</viewtype>
			<pagecontrol>60</pagecontrol>
			<scrolltime>200</scrolltime>
			<preloaditems>2</preloaditems>
			<itemlayout width="945" height="44">
				<control type="image">
					<left>0</left>
					<top>0</top>
					<width>945</width>
					<height>45</height>
					<texture border="7">list-nofocus.png</texture>
					<include>VisibleFadeEffect</include>
				</control>
				<control type="label">
					<left>15</left>
					<top>0</top>
					<width>855</width>
					<height>45</height>
					<font>font-20</font>
					<textcolor>white</textcolor>
					<selectedcolor>blue</selectedcolor>
					<align>left</align>
					<aligny>center</aligny>
					<label>$INFO[ListItem.Label]</label>
				</control>
				<control type="label">
					<left>15</left>
					<top>0</top>
					<width>855</width>
					<height>45</height>
					<font>font-20</font>
					<textcolor>lightblue</textcolor>
					<selectedcolor>blue</selectedcolor>
					<align>right</align>
					<aligny>center</aligny>
					<label>$INFO[ListItem.Label2]</label>
				</control>
			</itemlayout>
			<focusedlayout width="945" height="44">
				<control type="image">
					<left>0</left>
					<top>0</top>
					<width>945</width>
					<height>45</height>
					<texture border="7">list-nofocus.png</texture>
					<include>VisibleFadeEffect</include>
				</control>
				<control type="image">
					<left>0</left>
					<top>0</top>
					<width>945</width>
					<height>45</height>
					<texture border="7">list-focus2.png</texture>
					<include>VisibleFadeEffect</include>
					<include>ListFocusScroll</include>
					<visible>Control.HasFocus(599)</visible>
				</control>
				<control type="label">
					<left>15</left>
					<top>0</top>
					<width>855</width>
					<height>45</height>
					<font>font-20</font>
					<textcolor>white</textcolor>
					<selectedcolor>blue</selectedcolor>
					<align>left</align>
					<aligny>center</aligny>
					<label>$INFO[ListItem.Label]</label>
				</control>
				<control type="label">
					<left>15</left>
					<top>0</top>
					<width>855</width>
					<height>45</height>
					<font>font-20</font>
					<textcolor>lightblue</textcolor>
					<selectedcolor>blue</selectedcolor>
					<align>right</align>
					<aligny>center</aligny>
					<label>$INFO[ListItem.Label2]</label>
				</control>
			</focusedlayout>
		</control>
		<control type="group">
			<left>262</left>
			<top>165</top>
			<visible>Control.IsVisible(599)</visible>
			<control type="image">
				<left>70</left>
				<top>130</top>
				<width>286</width>
				<height>279</height>
				<texture background="true">$INFO[ListItem.Icon]</texture>
				<visible>ListItem.IsParentFolder</visible>
			</control>
			<control type="image">
				<left>70</left>
				<top>422</top>
				<width>286</width>
				<height>279</height>
				<texture flipy="true" diffuse="diffuse_mirror2.png" background="true">$INFO[ListItem.Icon]</texture>
				<visible>ListItem.IsParentFolder</visible>
			</control>
			<control type="image">
				<left>38</left>
				<top>105</top>
				<width>352</width>
				<height>352</height>
				<aspectratio scalediffuse="false">scale</aspectratio>
				<texture diffuse="thumb-diffuse.png" background="true" fallback="DefaultAddon.png">$INFO[ListItem.Icon]</texture>
				<bordersize>6</bordersize>
				<fadetime>IconCrossfadeTime</fadetime>
				<visible>!ListItem.IsParentFolder</visible>
			</control>
			<control type="image">
				<left>38</left>
				<top>440</top>
				<width>352</width>
				<height>352</height>
				<aspectratio scalediffuse="false">scale</aspectratio>
				<texture flipy="true" diffuse="thumb-diffuse-mirror.png" background="true" fallback="DefaultAddon.png">$INFO[ListItem.Icon]</texture>
				<bordersize>6</bordersize>
				<fadetime>IconCrossfadeTime</fadetime>
				<visible>!ListItem.IsParentFolder</visible>
			</control>
			<control type="image">
				<left>38</left>
				<top>558</top>
				<width>1320</width>
				<height>3</height>
				<texture>separator.png</texture>
			</control>
		</control>
		<control type="group">
			<left>188</left>
			<top>735</top>
			<visible>Control.IsVisible(599) + !String.IsEmpty(ListItem.AddonName)</visible>
			<control type="label">
				<description>Author txt</description>
				<left>75</left>
				<top>0</top>
				<width>210</width>
				<height>38</height>
				<label>[UPPERCASE][B]$LOCALIZE[21863]:[/UPPERCASE][/B]</label>
				<align>right</align>
				<aligny>center</aligny>
				<font>font-20c</font>
				<textcolor>lightblue</textcolor>
			</control>
			<control type="label">
				<description>Author Value</description>
				<left>300</left>
				<top>0</top>
				<width>375</width>
				<height>38</height>
				<label>$INFO[ListItem.AddonCreator]</label>
				<align>left</align>
				<aligny>center</aligny>
				<font>font-20</font>
			</control>
			<control type="label">
				<description>Type txt</description>
				<left>75</left>
				<top>38</top>
				<width>210</width>
				<height>38</height>
				<label>[UPPERCASE][B]$LOCALIZE[146][/UPPERCASE][/B]</label>
				<align>right</align>
				<aligny>center</aligny>
				<font>font-20c</font>
				<textcolor>lightblue</textcolor>
			</control>
			<control type="label">
				<description>Type Value</description>
				<left>300</left>
				<top>38</top>
				<width>375</width>
				<height>38</height>
				<label>$INFO[ListItem.AddonType]</label>
				<align>left</align>
				<aligny>center</aligny>
				<font>font-20</font>
			</control>
			<control type="label">
				<description>Version txt</description>
				<left>75</left>
				<top>75</top>
				<width>210</width>
				<height>38</height>
				<label>[UPPERCASE][B]$LOCALIZE[24051][/UPPERCASE][/B]</label>
				<align>right</align>
				<aligny>center</aligny>
				<font>font-20c</font>
				<textcolor>lightblue</textcolor>
			</control>
			<control type="label">
				<description>Version Value</description>
				<left>300</left>
				<top>75</top>
				<width>375</width>
				<height>38</height>
				<label>$INFO[ListItem.AddonVersion]</label>
				<align>left</align>
				<aligny>center</aligny>
				<font>font-20</font>
			</control>
			<control type="textbox">
				<description>Description Value</description>
				<left>675</left>
				<top>3</top>
				<width>758</width>
				<height>154</height>
				<label>$INFO[ListItem.AddonDescription]</label>
				<font>font-19</font>
				<align>center</align>
				<textcolor>white</textcolor>
				<autoscroll time="2000" delay="8000" repeat="5000">Skin.HasSetting(AutoScroll)</autoscroll>
			</control>
		</control>
		<control type="group">
			<left>188</left>
			<top>735</top>
			<visible>Control.IsVisible(599) + String.IsEqual(ListItem.Path,addons://)</visible>
			<control type="label">
				<description>textarea</description>
				<left>82</left>
				<top>3</top>
				<width>1380</width>
				<height>154</height>
				<label>[B]$LOCALIZE[31061] $INFO[Window.Property(Updated)][/B]</label>
				<font>font-19</font>
				<align>center</align>
				<aligny>center</aligny>
				<textcolor>white</textcolor>
				<shadowcolor>black</shadowcolor>
			</control>
		</control>
	</include>
</includes>
