<?xml version="1.0" encoding="utf-8"?>
<includes>
	<include name="Jukebox">
		<control type="group">
			<visible>Control.IsVisible(591)</visible>
			<control type="image">
				<left>0</left>
				<top>0</top>
				<width>1920</width>
				<height>1080</height>
				<texture>black.png</texture>
				<animation effect="fade" start="0" end="60" time="0" condition="true">Conditional</animation>
			</control>
			<control type="image">
				<left>-276</left>
				<top>-696</top>
				<width>2472</width>
				<height>2472</height>
				<texture>jukebox-background.jpg</texture>
				<animation effect="fade" start="0" end="80" time="1000" reversible="true">Visible</animation>
				<animation effect="fade" start="80" end="0" time="500" reversible="true">Hidden</animation>
				<animation effect="rotate" end="-3600" center="auto" time="1000000" loop="true" reversible="false" condition="Player.Playing">Conditional</animation>
				<visible>Player.Playing</visible>
			</control>
			<control type="image">
				<left>586</left>
				<top>234</top>
				<width>729</width>
				<height>364</height>
				<texture>jukebox-fanart-fallback.png</texture>
			</control>
			<control type="image">
				<description>artist level fanart</description>
				<left>614</left>
				<top>231</top>
				<width>690</width>
				<height>390</height>
				<texture background="true">$INFO[ListItem.Property(Fanart_Image)]</texture>
				<aspectratio>scale</aspectratio>
				<fadetime>FanartCrossfadeTime</fadetime>
				<include>VisibleFadeEffect4</include>
				<visible>!Player.HasAudio</visible>
			</control>
			<control type="image">
				<description>musicplayer fanart</description>
				<left>614</left>
				<top>231</top>
				<width>690</width>
				<height>390</height>
				<texture background="true">$INFO[MusicPlayer.Property(Fanart_Image)]</texture>
				<aspectratio>scale</aspectratio>
				<fadetime>FanartCrossfadeTime</fadetime>
				<include>VisibleFadeEffect4</include>
				<visible>Player.HasAudio</visible>
			</control>
			<include condition="!Skin.HasSetting(CDArt)">cdart-jukebox</include>
			<control type="image">
				<left>810</left>
				<top>585</top>
				<width>300</width>
				<height>300</height>
				<texture diffuse="disc_mask.png" background="true">disc.png</texture>
				<aspectratio>keep</aspectratio>
				<include>cdartspinjukebox</include>
				<visible>Player.HasAudio + Skin.HasSetting(CDArt)</visible>
			</control>
			<control type="image">
				<left>651</left>
				<top>608</top>
				<width>198</width>
				<height>198</height>
				<texture>jukebox-icon-fallback.png</texture>
			</control>
			<control type="image">
				<left>651</left>
				<top>608</top>
				<width>198</width>
				<height>198</height>
				<texture background="true">$INFO[ListItem.Icon]</texture>
				<fadetime>IconCrossfadeTime</fadetime>
			</control>
			<control type="image">
				<left>651</left>
				<top>608</top>
				<width>198</width>
				<height>198</height>
				<texture background="true">$INFO[MusicPlayer.Cover]</texture>
				<fadetime>IconCrossfadeTime</fadetime>
				<visible>Player.HasAudio</visible>
			</control>
			<control type="image">
				<left>480</left>
				<top>492</top>
				<width>18</width>
				<height>294</height>
				<texture>jukebox-water-left.png</texture>
				<animation effect="slide" start="0,0" end="0,294" time="5000" loop="true" reversible="false" condition="Player.Playing">Conditional</animation>
			</control>
			<control type="image">
				<left>480</left>
				<top>786</top>
				<width>18</width>
				<height>294</height>
				<texture>jukebox-water-left.png</texture>
				<animation effect="slide" start="0,0" end="0,294" time="5000" loop="true" reversible="false" condition="Player.Playing">Conditional</animation>
			</control>
			<control type="image">
				<left>1425</left>
				<top>794</top>
				<width>21</width>
				<height>286</height>
				<texture>jukebox-water-right.png</texture>
				<animation effect="slide" start="0,0" end="0,-286" time="5000" loop="true" reversible="false" condition="Player.Playing">Conditional</animation>
			</control>
			<control type="image">
				<left>1425</left>
				<top>1080</top>
				<width>21</width>
				<height>286</height>
				<texture>jukebox-water-right.png</texture>
				<animation effect="slide" start="0,0" end="0,-286" time="5000" loop="true" reversible="false" condition="Player.Playing">Conditional</animation>
			</control>
			<control type="image">
				<left>468</left>
				<top>84</top>
				<width>984</width>
				<height>984</height>
				<texture>jukebox-ring.png</texture>
			</control>
			<control type="image">
				<left>468</left>
				<top>84</top>
				<width>984</width>
				<height>984</height>
				<texture>jukebox-ring.png</texture>
				<aspectratio>keep</aspectratio>
				<animation effect="rotate" end="3600" center="auto" time="500000" loop="true" reversible="false" condition="Player.Playing">Conditional</animation>
			</control>
			<control type="image">
				<left>600</left>
				<top>852</top>
				<width>720</width>
				<height>230</height>
				<texture>jukebox-panel.png</texture>
			</control>
		</control>
		<control type="panel" id="591">
			<left>600</left>
			<top>852</top>
			<width>720</width>
			<height>230</height>
			<onleft>591</onleft>
			<onright>591</onright>
			<onup>1001</onup>
			<ondown>9000</ondown>
			<viewtype label="31040">list</viewtype>
			<pagecontrol>60</pagecontrol>
			<orientation>horizontal</orientation>
			<scrolltime>200</scrolltime>
			<visible>Container.Content(Artists) | Container.Content(Albums) | Container.Content(Songs)</visible>
			<itemlayout width="360" height="76">
				<control type="image">
					<left>0</left>
					<top>0</top>
					<width>360</width>
					<height>76</height>
					<texture>jukebox-card-nofocus.png</texture>
				</control>
				<control type="label">
					<left>15</left>
					<top>10</top>
					<width>330</width>
					<height>22</height>
					<font>font-15</font>
					<textcolor>black</textcolor>
					<selectedcolor>verydarkblue</selectedcolor>
					<align>center</align>
					<aligny>center</aligny>
					<label>$INFO[ListItem.Label]</label>
				</control>
				<control type="label">
					<left>15</left>
					<top>45</top>
					<width>330</width>
					<height>22</height>
					<font>font-15</font>
					<textcolor>black</textcolor>
					<selectedcolor>verydarkblue</selectedcolor>
					<align>center</align>
					<aligny>center</aligny>
					<label>$INFO[ListItem.Label2]</label>
				</control>
			</itemlayout>
			<focusedlayout width="360" height="76">
				<control type="image">
					<left>0</left>
					<top>0</top>
					<width>360</width>
					<height>76</height>
					<texture>jukebox-card-focus.png</texture>
				</control>
				<control type="label">
					<left>15</left>
					<top>10</top>
					<width>330</width>
					<height>22</height>
					<font>font-15</font>
					<textcolor>black</textcolor>
					<selectedcolor>verydarkblue</selectedcolor>
					<align>center</align>
					<aligny>center</aligny>
					<label>$INFO[ListItem.Label]</label>
				</control>
				<control type="label">
					<left>15</left>
					<top>45</top>
					<width>330</width>
					<height>22</height>
					<font>font-15</font>
					<textcolor>black</textcolor>
					<selectedcolor>verydarkblue</selectedcolor>
					<align>center</align>
					<aligny>center</aligny>
					<label>$INFO[ListItem.Label2]</label>
				</control>
			</focusedlayout>
		</control>
		<control type="group">
			<visible>Control.IsVisible(591)</visible>
			<control type="image">
				<left>0</left>
				<top>0</top>
				<width>1920</width>
				<height>1080</height>
				<texture>jukebox.png</texture>
			</control>
			<control type="group">
				<visible>Player.Playing</visible>
				<control type="image">
					<left>804</left>
					<top>0</top>
					<width>308</width>
					<height>225</height>
					<texture>jukebox-light-top.png</texture>
					<animation effect="fade" start="0" end="100" time="1400" pulse="true" tween="bounce" reversible="false" condition="Player.Playing">Conditional</animation>
					<animation effect="fade" start="100" end="0" time="300">Hidden</animation>
				</control>
				<control type="image">
					<left>360</left>
					<top>18</top>
					<width>1203</width>
					<height>645</height>
					<texture>jukebox-light-upper.png</texture>
					<animation effect="fade" start="0" end="70" time="600" delay="600" pulse="true" reversible="false" condition="Player.Playing">Conditional</animation>
					<animation effect="fade" start="100" end="0" time="300">Hidden</animation>
				</control>
				<control type="image">
					<left>490</left>
					<top>126</top>
					<width>930</width>
					<height>482</height>
					<texture>jukebox-light-inner.png</texture>
					<animation effect="fade" start="0" end="60" time="800" delay="1200" pulse="true" reversible="false" condition="Player.Playing">Conditional</animation>
					<animation effect="fade" start="100" end="0" time="300">Hidden</animation>
				</control>
				<control type="image">
					<left>510</left>
					<top>646</top>
					<width>36</width>
					<height>36</height>
					<texture>jukebox-light.png</texture>
					<animation effect="slide" start="0," end="-120,0" time="2000" pulse="true" reversible="false" condition="Player.Playing">Conditional</animation>
					<animation effect="fade" start="100" end="0" time="300">Hidden</animation>
				</control>
				<control type="image">
					<left>510</left>
					<top>714</top>
					<width>36</width>
					<height>36</height>
					<texture>jukebox-light.png</texture>
					<animation effect="slide" start="0," end="-120,0" time="2000" pulse="true" reversible="false" condition="Player.Playing">Conditional</animation>
					<animation effect="fade" start="100" end="0" time="300">Hidden</animation>
				</control>
				<control type="image">
					<left>1372</left>
					<top>650</top>
					<width>36</width>
					<height>36</height>
					<texture>jukebox-light.png</texture>
					<animation effect="slide" start="0," end="120,0" time="2000" pulse="true" reversible="false" condition="Player.Playing">Conditional</animation>
					<animation effect="fade" start="100" end="0" time="300">Hidden</animation>
				</control>
				<control type="image">
					<left>1372</left>
					<top>720</top>
					<width>36</width>
					<height>36</height>
					<texture>jukebox-light.png</texture>
					<animation effect="slide" start="0," end="120,0" time="2000" pulse="true" reversible="false" condition="Player.Playing">Conditional</animation>
					<animation effect="fade" start="100" end="0" time="300">Hidden</animation>
				</control>
				<control type="image">
					<left>386</left>
					<top>776</top>
					<width>94</width>
					<height>304</height>
					<texture>jukebox-light-bottomleft2.png</texture>
					<animation effect="fade" start="0" end="100" time="1100" pulse="true" reversible="false" condition="Player.Playing">Conditional</animation>
					<animation effect="fade" start="100" end="0" time="300">Hidden</animation>
				</control>
				<control type="image">
					<left>500</left>
					<top>786</top>
					<width>50</width>
					<height>294</height>
					<texture>jukebox-light-bottomleft1.png</texture>
					<animation effect="fade" start="0" end="100" time="1300" pulse="true" reversible="false" condition="Player.Playing">Conditional</animation>
					<animation effect="fade" start="100" end="0" time="300">Hidden</animation>
				</control>
				<control type="image">
					<left>1372</left>
					<top>790</top>
					<width>52</width>
					<height>290</height>
					<texture>jukebox-light-bottomright1.png</texture>
					<animation effect="fade" start="0" end="100" time="1800" pulse="true" reversible="false" condition="Player.Playing">Conditional</animation>
					<animation effect="fade" start="100" end="0" time="300">Hidden</animation>
				</control>
				<control type="image">
					<left>1446</left>
					<top>784</top>
					<width>88</width>
					<height>296</height>
					<texture>jukebox-light-bottomright2.png</texture>
					<animation effect="fade" start="0" end="100" time="1000" pulse="true" reversible="false" condition="Player.Playing">Conditional</animation>
					<animation effect="fade" start="100" end="0" time="300">Hidden</animation>
				</control>
			</control>
		</control>
		<control type="group">
			<left>957</left>
			<top>651</top>
			<animation effect="fade" time="50" delay="300">Hidden</animation>
			<visible>Control.IsVisible(591) + !Player.HasAudio</visible>
			<control type="label">
				<left>0</left>
				<top>0</top>
				<width>300</width>
				<height>45</height>
				<font>font-16d</font>
				<textcolor>darkblue</textcolor>
				<align>left</align>
				<aligny>center</aligny>
				<label>$INFO[ListItem.Title] </label>
			</control>
			<control type="label">
				<left>0</left>
				<top>30</top>
				<width>300</width>
				<height>45</height>
				<font>font-16d</font>
				<textcolor>darkblue</textcolor>
				<align>left</align>
				<aligny>center</aligny>
				<label>$INFO[ListItem.Artist] </label>
			</control>
			<control type="label">
				<left>0</left>
				<top>60</top>
				<width>300</width>
				<height>45</height>
				<font>font-16d</font>
				<textcolor>darkblue</textcolor>
				<align>left</align>
				<aligny>center</aligny>
				<label>$INFO[ListItem.Album] </label>
			</control>
		</control>
		<control type="group">
			<left>957</left>
			<top>651</top>
			<animation effect="fade" time="50" delay="300">Hidden</animation>
			<visible>Control.IsVisible(591) + Player.HasAudio</visible>
			<control type="label">
				<left>0</left>
				<top>0</top>
				<width>300</width>
				<height>45</height>
				<font>font-16d</font>
				<textcolor>darkblue</textcolor>
				<align>left</align>
				<aligny>center</aligny>
				<label>$INFO[MusicPlayer.Title] </label>
			</control>
			<control type="label">
				<left>0</left>
				<top>30</top>
				<width>300</width>
				<height>45</height>
				<font>font-16d</font>
				<textcolor>darkblue</textcolor>
				<align>left</align>
				<aligny>center</aligny>
				<label>$INFO[MusicPlayer.Artist] </label>
			</control>
			<control type="label">
				<left>0</left>
				<top>60</top>
				<width>300</width>
				<height>45</height>
				<font>font-16d</font>
				<textcolor>darkblue</textcolor>
				<align>left</align>
				<aligny>center</aligny>
				<label>$INFO[MusicPlayer.Album] </label>
			</control>
			<control type="progress">
				<description>Progressbar</description>
				<left>0</left>
				<top>105</top>
				<width>288</width>
				<height>4</height>
				<texturebg>jukebox-progress-back.png</texturebg>
				<midtexture>jukebox-progress-mid.png</midtexture>
				<info>Player.Progress</info>
			</control>
			<control type="slider" id="888">
				<description>Slider</description>
				<left>0</left>
				<top>105</top>
				<width>288</width>
				<height>4</height>
				<action>seek</action>
			</control>
		</control>
		<control type="group">
			<left>873</left>
			<top>630</top>
			<visible>Control.IsVisible(591)</visible>
			<control type="togglebutton" id="1001">
				<left>0</left>
				<top>0</top>
				<width>50</width>
				<height>32</height>
				<texturefocus>jukebox-button-pause-focus.png</texturefocus>
				<texturenofocus>jukebox-button-pause-nofocus.png</texturenofocus>
				<alttexturefocus>jukebox-button-play-focus.png</alttexturefocus>
				<alttexturenofocus>jukebox-button-play-nofocus.png</alttexturenofocus>
				<usealttexture>Player.Paused | Player.Forwarding | Player.Rewinding</usealttexture>
				<onleft>9000</onleft>
				<onright>9000</onright>
				<onup>9000</onup>
				<ondown>1002</ondown>
				<onclick>PlayerControl(Play)</onclick>
			</control>
			<control type="button" id="1002">
				<left>0</left>
				<top>38</top>
				<width>50</width>
				<height>32</height>
				<texturefocus>jukebox-button-previous-focus.png</texturefocus>
				<texturenofocus>jukebox-button-previous-nofocus.png</texturenofocus>
				<onleft>9000</onleft>
				<onright>9000</onright>
				<onup>1001</onup>
				<ondown>1003</ondown>
				<onclick>PlayerControl(Previous)</onclick>
			</control>
			<control type="button" id="1003">
				<left>0</left>
				<top>75</top>
				<width>50</width>
				<height>32</height>
				<texturefocus>jukebox-button-next-focus.png</texturefocus>
				<texturenofocus>jukebox-button-next-nofocus.png</texturenofocus>
				<onleft>9000</onleft>
				<onright>9000</onright>
				<onup>1002</onup>
				<ondown>1004</ondown>
				<onclick>PlayerControl(Next)</onclick>
			</control>
			<control type="button" id="1004">
				<left>0</left>
				<top>112</top>
				<width>50</width>
				<height>32</height>
				<texturefocus>jukebox-button-stop-focus.png</texturefocus>
				<texturenofocus>jukebox-button-stop-nofocus.png</texturenofocus>
				<onleft>9000</onleft>
				<onright>9000</onright>
				<onup>1003</onup>
				<ondown>591</ondown>
				<onclick>PlayerControl(Stop)</onclick>
			</control>
		</control>
	</include>
</includes>
