<?xml version="1.0" encoding="utf-8"?>
<includes>
	<include name="Fanart-PVRChannels">
		<control type="list" id="50">
			<left>300</left>
			<top>213</top>
			<width>532</width>
			<include condition="!Skin.HasSetting(FanartShort) + !Skin.HasSetting(FanartLong)">FanartNormal</include>
			<include condition="Skin.HasSetting(FanartShort)">FanartShort</include>
			<include condition="Skin.HasSetting(FanartLong)">FanartLong</include>
			<onleft>9000</onleft>
			<onright>60</onright>
			<onup>50</onup>
			<ondown>50</ondown>
			<viewtype label="31030">list</viewtype>
			<pagecontrol>60</pagecontrol>
			<scrolltime>200</scrolltime>
			<preloaditems>2</preloaditems>
			<itemlayout width="532" height="44">
				<control type="progress">
					<description>Progressbar</description>
					<left>0</left>
					<top>0</top>
					<width>532</width>
					<height>44</height>
					<colordiffuse>60FFFFFF</colordiffuse>
					<texturebg>Empty.png</texturebg>
					<midtexture>ProgressFront.png</midtexture>
					<info>ListItem.Progress</info>
				</control>
				<control type="image">
					<left>0</left>
					<top>0</top>
					<width>532</width>
					<height>45</height>
					<texture border="7">list-nofocus.png</texture>
					<include>VisibleFadeEffect</include>
				</control>
				<control type="label">
					<left>15</left>
					<top>0</top>
					<width>502</width>
					<height>45</height>
					<font>font-20</font>
					<textcolor>white</textcolor>
					<selectedcolor>blue</selectedcolor>
					<align>left</align>
					<aligny>center</aligny>
					<label>$INFO[ListItem.ChannelNumberLabel,,. ]$INFO[ListItem.Label]</label>
				</control>
			</itemlayout>
			<focusedlayout width="532" height="44">
				<control type="progress">
					<description>Progressbar</description>
					<left>0</left>
					<top>0</top>
					<width>532</width>
					<height>44</height>
					<colordiffuse>60FFFFFF</colordiffuse>
					<texturebg>Empty.png</texturebg>
					<midtexture>ProgressFront.png</midtexture>
					<info>ListItem.Progress</info>
				</control>
				<control type="image">
					<left>0</left>
					<top>0</top>
					<width>532</width>
					<height>45</height>
					<texture border="7">list-nofocus.png</texture>
					<include>VisibleFadeEffect</include>
				</control>
				<control type="image">
					<left>0</left>
					<top>0</top>
					<width>532</width>
					<height>45</height>
					<texture border="7">list-focus2.png</texture>
					<visible>Control.HasFocus(50)</visible>
					<include>VisibleFadeEffect</include>
					<include>ListFocusScroll</include>
				</control>
				<control type="label">
					<left>15</left>
					<top>0</top>
					<width>502</width>
					<height>45</height>
					<font>font-20</font>
					<textcolor>white</textcolor>
					<selectedcolor>blue</selectedcolor>
					<align>left</align>
					<aligny>center</aligny>
					<label>$INFO[ListItem.ChannelNumberLabel,,. ]$INFO[ListItem.Label]</label>
				</control>
			</focusedlayout>
		</control>
	</include>
	<include name="Fanart-PVRChannels_Extras">
		<control type="group">
			<visible>Control.IsVisible(50)</visible>
			<include>Window_OpenClose_Visible_FanartInfo_Animation</include>
			<control type="image">
				<left>0</left>
				<top>840</top>
				<width>1312</width>
				<height>222</height>
				<texture border="10">underlay.png</texture>
			</control>
			<control type="label">
				<left>338</left>
				<top>858</top>
				<width>954</width>
				<height>45</height>
				<font>font-30</font>
				<textcolor>blue</textcolor>
				<shadowcolor>black</shadowcolor>
				<align>left</align>
				<aligny>center</aligny>
				<label>$INFO[ListItem.Title]</label>
			</control>
			<control type="textbox">
				<description>Description Value</description>
				<left>338</left>
				<top>910</top>
				<width>954</width>
				<height>124</height>
				<font>font-19</font>
				<align>justify</align>
				<textcolor>white</textcolor>
				<label>$INFO[ListItem.Plot]</label>
				<autoscroll time="2000" delay="8000" repeat="5000">Skin.HasSetting(AutoScroll)</autoscroll>
			</control>
		</control>
		<control type="group">
			<visible>Control.IsVisible(50)</visible>
			<include>Window_OpenClose_Visible_FanartIcon_Animation</include>
			<control type="image">
				<left>12</left>
				<top>758</top>
				<width>315</width>
				<height>315</height>
				<aspectratio scalediffuse="true">keep</aspectratio>
				<texture diffuse="thumb-diffuse.png" background="true">$INFO[Listitem.Icon]</texture>
				<bordersize>6</bordersize>
				<fadetime>IconCrossfadeTime</fadetime>
			</control>
		</control>
	</include>
	<include name="Grid-PVRGuideEPG">
		<control type="epggrid" id="10">
			<description>EPG Grid</description>
			<left>52</left>
			<top>70</top>
			<width>1792</width>
			<height>805</height>
			<onleft>9000</onleft>
			<onright>60</onright>
			<onup>10</onup>
			<ondown>10</ondown>
			<viewtype label="19069">list</viewtype>
			<pagecontrol>60</pagecontrol>
			<scrolltime>350</scrolltime>
			<timeblocks>40</timeblocks>
			<rulerunit>6</rulerunit>
			<progresstexture border="0,3,8,3">epg-marker.png</progresstexture>
			<rulerdatelayout height="40" width="1792">
				<control type="label" id="2">
					<left>0</left>
					<top>5</top>
					<width>1792</width>
					<height>40</height>
					<font>font-19</font>
					<align>center</align>
					<textcolor>blue</textcolor>
					<label>$INFO[ListItem.Label]</label>
				</control>
			</rulerdatelayout>
			<rulerlayout height="44" width="60">
				<control type="image" id="1">
					<left>0</left>
					<top>0</top>
					<width>60</width>
					<height>44</height>
					<texture border="3">guide.png</texture>
				</control>
				<control type="label" id="2">
					<left>15</left>
					<top>0</top>
					<width>51</width>
					<height>44</height>
					<font>font-19</font>
					<aligny>center</aligny>
					<selectedcolor>blue</selectedcolor>
					<align>left</align>
					<label>[B]$INFO[ListItem.Label][/B]</label>
				</control>
				<control type="image">
					<left>0</left>
					<top>0</top>
					<width>315</width>
					<height>42</height>
					<visible>ListItem.Property(DateLabel)</visible>
					<texture>ruler-side-horiz.png</texture>
					<colordiffuse>77AAD9FF</colordiffuse>
				</control>
				<control type="image">
					<left>0</left>
					<top>0</top>
					<width>1</width>
					<height>44</height>
					<visible>!ListItem.Property(DateLabel)</visible>
					<texture>ruler-side-vert.png</texture>
				</control>
			</rulerlayout>
			<channellayout height="90" width="315">
				<control type="image" id="1">
					<left>0</left>
					<top>0</top>
					<width>315</width>
					<height>90</height>
					<texture border="3">guide.png</texture>
				</control>
				<control type="image">
					<left>0</left>
					<top>90</top>
					<width>315</width>
					<height>1</height>
					<texture>ruler-side-horiz.png</texture>
				</control>
				<control type="image">
					<left>3</left>
					<top>15</top>
					<width>60</width>
					<height>60</height>
					<texture background="true">$INFO[ListItem.Icon]</texture>
					<aspectratio>keep</aspectratio>
				</control>
				<control type="label" id="1">
					<left>72</left>
					<top>1</top>
					<width>240</width>
					<height>90</height>
					<font>font-20bc</font>
					<aligny>center</aligny>
					<selectedcolor>blue</selectedcolor>
					<align>right</align>
					<label>$INFO[ListItem.ChannelNumberLabel,,.] $INFO[ListItem.ChannelName]</label>
					<scroll>false</scroll>
				</control>
			</channellayout>
			<focusedchannellayout height="90" width="315">
				<control type="image" id="1">
					<left>0</left>
					<top>0</top>
					<width>315</width>
					<height>90</height>
					<texture border="3">guide.png</texture>
				</control>
				<control type="image">
					<left>0</left>
					<top>90</top>
					<width>315</width>
					<height>1</height>
					<texture>ruler-side-horiz.png</texture>
					<colordiffuse>AAFFFFFF</colordiffuse>
				</control>
				<control type="image" id="1">
					<left>0</left>
					<top>0</top>
					<width>315</width>
					<height>90</height>
					<texture border="3">list-focus2.png</texture>
					<animation effect="fade" start="70" end="100" time="750" pulse="true" condition="true">Conditional</animation>
				</control>
				<control type="image">
					<left>3</left>
					<top>15</top>
					<width>60</width>
					<height>60</height>
					<texture background="true">$INFO[ListItem.Icon]</texture>
					<aspectratio>keep</aspectratio>
				</control>
				<control type="label" id="1">
					<left>72</left>
					<top>1</top>
					<width>240</width>
					<height>90</height>
					<font>font-20bc</font>
					<aligny>center</aligny>
					<selectedcolor>blue</selectedcolor>
					<align>right</align>
					<label>$INFO[ListItem.ChannelNumberLabel,,.] $INFO[ListItem.ChannelName]</label>
					<scroll>false</scroll>
				</control>
			</focusedchannellayout>
			<itemlayout width="60" height="90">
				<control type="image" id="2">
					<width>60</width>
					<height>90</height>
					<left>0</left>
					<top>0</top>
					<aspectratio>stretch</aspectratio>
					<texture border="3">$INFO[ListItem.Property(GenreType),epg-,.png]</texture>
				</control>
				<control type="label" id="1">
					<left>9</left>
					<top>0</top>
					<width>45</width>
					<height>90</height>
					<font>font-20</font>
					<aligny>center</aligny>
					<selectedcolor>blue</selectedcolor>
					<align>left</align>
					<label>$INFO[ListItem.Label]</label>
					<scroll>false</scroll>
				</control>
				<control type="image">
					<left>8</left>
					<top>58</top>
					<width>30</width>
					<height>30</height>
					<texture>pvr_record.png</texture>
					<visible>ListItem.IsRecording</visible>
				</control>
				<control type="image">
					<left>8</left>
					<top>58</top>
					<width>30</width>
					<height>30</height>
					<texture>pvr_schedule.png</texture>
					<visible>ListItem.HasTimer</visible>
				</control>
			</itemlayout>
			<focusedlayout width="60" height="90">
				<control type="image" id="2">
					<width>60</width>
					<height>90</height>
					<left>0</left>
					<top>0</top>
					<aspectratio>stretch</aspectratio>
					<texture border="3">$INFO[ListItem.Property(GenreType),epg-,.png]</texture>
				</control>
				<control type="image" id="2">
					<width>60</width>
					<height>90</height>
					<left>0</left>
					<top>0</top>
					<texture border="7">guide-focus.png</texture>
					<animation effect="fade" start="100" end="70" time="750" pulse="true" condition="true">Conditional</animation>
				</control>
				<control type="label" id="1">
					<left>9</left>
					<top>0</top>
					<width>45</width>
					<height>90</height>
					<font>font-20</font>
					<aligny>center</aligny>
					<selectedcolor>blue</selectedcolor>
					<align>left</align>
					<label>$INFO[ListItem.Label]</label>
					<scroll>false</scroll>
				</control>
				<control type="image">
					<left>8</left>
					<top>58</top>
					<width>30</width>
					<height>30</height>
					<texture>pvr_record.png</texture>
					<visible>ListItem.IsRecording</visible>
				</control>
				<control type="image">
					<left>8</left>
					<top>58</top>
					<width>30</width>
					<height>30</height>
					<texture>pvr_schedule.png</texture>
					<visible>ListItem.HasTimer</visible>
				</control>
			</focusedlayout>
		</control>
		<control type="group">
			<visible>Control.IsVisible(10)</visible>
			<control type="label">
				<left>60</left>
				<top>876</top>
				<width>1800</width>
				<height>45</height>
				<font>font-23</font>
				<align>center</align>
				<aligny>center</aligny>
				<textcolor>lightblue</textcolor>
				<label>[B]$INFO[ListItem.Label][/B]</label>
			</control>
			<control type="label">
				<left>60</left>
				<top>910</top>
				<width>1800</width>
				<height>45</height>
				<font>font-23</font>
				<align>center</align>
				<aligny>center</aligny>
				<label>[B]$INFO[ListItem.Date]  -  $INFO[ListItem.ChannelName][/B]</label>
			</control>
			<control type="scrollbar" id="60">
				<left>1854</left>
				<top>134</top>
				<width>30</width>
				<height>721</height>
				<texturesliderbackground border="0,10,0,10">scrollbar-back.png</texturesliderbackground>
				<texturesliderbar border="0,10,0,10">scrollbar-front-nofocus.png</texturesliderbar>
				<texturesliderbarfocus border="0,10,0,10">scrollbar-front.png</texturesliderbarfocus>
				<textureslidernib>scrollbar-nib-nofocus.png</textureslidernib>
				<textureslidernibfocus>scrollbar-nib.png</textureslidernibfocus>
				<onleft>10</onleft>
				<onright>9000</onright>
				<showonepage>false</showonepage>
				<orientation>vertical</orientation>
			</control>
		</control>
	</include>
	<include name="Grid-PVRGuideEPG_Extras">
		<control type="group">
			<left>90</left>
			<visible>Control.IsVisible(10)</visible>
			<include>Window_OpenClose_Visible_FanartInfo_Animation</include>
			<control type="image">
				<left>-90</left>
				<top>960</top>
				<width>1920</width>
				<height>120</height>
				<texture border="10">underlay4.png</texture>
			</control>
			<!-- <control type="button" id="999">
				<left>120</left>
				<top>994</top>
				<width>60</width>
				<height>60</height>
				<label />
				<font />
				<onclick>Skin.ToggleSetting(EpgLegend)</onclick>
				<texturefocus>osd-info-focus.png</texturefocus>
				<texturenofocus>osd-info-nofocus.png</texturenofocus>
				<pulseonselect>true</pulseonselect>
				<onleft>10</onleft>
				<onright>10</onright>
				<onup>10</onup>
				<ondown>10</ondown>
			</control> -->
			<control type="textbox">
				<left>210</left>
				<top>987</top>
				<width>1320</width>
				<height>66</height>
				<label>$INFO[ListItem.Plot]</label>
				<autoscroll time="3000" delay="10000" repeat="5000">Skin.HasSetting(AutoScroll)</autoscroll>
				<visible>!Skin.HasSetting(EpgLegend)</visible>
			</control>
			<!-- <control type="group">
				<visible>Skin.HasSetting(EpgLegend)</visible>
				<control type="image">
					<left>210</left>
					<top>980</top>
					<width>22</width>
					<height>22</height>
					<texture>epg-32.png</texture>
				</control>
				<control type="label">
					<description>News Genre</description>
					<left>240</left>
					<top>978</top>
					<width>345</width>
					<height>22</height>
					<font>font-19</font>
					<label>19516</label>
					<align>left</align>
					<aligny>center</aligny>
					<textcolor>white</textcolor>
				</control>
				<control type="image">
					<left>585</left>
					<top>980</top>
					<width>22</width>
					<height>22</height>
					<texture>epg-16.png</texture>
				</control>
				<control type="label">
					<description>Movie Genre</description>
					<left>615</left>
					<top>978</top>
					<width>345</width>
					<height>22</height>
					<font>font-19</font>
					<label>19500</label>
					<align>left</align>
					<aligny>center</aligny>
					<textcolor>white</textcolor>
				</control>
				<control type="image">
					<left>960</left>
					<top>980</top>
					<width>22</width>
					<height>22</height>
					<texture>epg-176.png</texture>
				</control>
				<control type="label">
					<description>Special Genre</description>
					<left>990</left>
					<top>978</top>
					<width>345</width>
					<height>22</height>
					<font>font-19</font>
					<label>19549</label>
					<align>left</align>
					<aligny>center</aligny>
					<textcolor>white</textcolor>
				</control>
				<control type="image">
					<left>1335</left>
					<top>980</top>
					<width>22</width>
					<height>22</height>
					<texture>epg-48.png</texture>
				</control>
				<control type="label">
					<description>News Genre</description>
					<left>1365</left>
					<top>978</top>
					<width>345</width>
					<height>22</height>
					<font>font-19</font>
					<label>19532</label>
					<align>left</align>
					<aligny>center</aligny>
					<textcolor>white</textcolor>
				</control>
				<control type="image">
					<left>210</left>
					<top>1008</top>
					<width>22</width>
					<height>22</height>
					<texture>epg-64.png</texture>
				</control>
				<control type="label">
					<description>Sports Genre</description>
					<left>240</left>
					<top>1006</top>
					<width>345</width>
					<height>22</height>
					<font>font-19</font>
					<label>19548</label>
					<align>left</align>
					<aligny>center</aligny>
					<textcolor>white</textcolor>
				</control>
				<control type="image">
					<left>585</left>
					<top>1008</top>
					<width>22</width>
					<height>22</height>
					<texture>epg-80.png</texture>
				</control>
				<control type="label">
					<description>Children Genre</description>
					<left>615</left>
					<top>1006</top>
					<width>345</width>
					<height>22</height>
					<font>font-19</font>
					<label>19564</label>
					<align>left</align>
					<aligny>center</aligny>
					<textcolor>white</textcolor>
				</control>
				<control type="image">
					<left>960</left>
					<top>1008</top>
					<width>22</width>
					<height>22</height>
					<texture>epg-144.png</texture>
				</control>
				<control type="label">
					<description>Educational/Science Genre</description>
					<left>990</left>
					<top>1006</top>
					<width>345</width>
					<height>22</height>
					<font>font-19</font>
					<label>19628</label>
					<align>left</align>
					<aligny>center</aligny>
					<textcolor>white</textcolor>
				</control>
				<control type="image">
					<left>1335</left>
					<top>1008</top>
					<width>22</width>
					<height>22</height>
					<texture>epg-96.png</texture>
				</control>
				<control type="label">
					<description>Music Genre</description>
					<left>1365</left>
					<top>1006</top>
					<width>345</width>
					<height>22</height>
					<font>font-19</font>
					<label>19580</label>
					<align>left</align>
					<aligny>center</aligny>
					<textcolor>white</textcolor>
				</control>
				<control type="image">
					<left>210</left>
					<top>1036</top>
					<width>22</width>
					<height>22</height>
					<texture>epg-112.png</texture>
				</control>
				<control type="label">
					<description>Arts Genre</description>
					<left>240</left>
					<top>1035</top>
					<width>345</width>
					<height>22</height>
					<font>font-19</font>
					<label>19596</label>
					<align>left</align>
					<aligny>center</aligny>
					<textcolor>white</textcolor>
				</control>
				<control type="image">
					<left>585</left>
					<top>1036</top>
					<width>22</width>
					<height>22</height>
					<texture>epg-160.png</texture>
				</control>
				<control type="label">
					<description>Leisure/Hobbies Genre</description>
					<left>615</left>
					<top>1035</top>
					<width>345</width>
					<height>22</height>
					<font>font-19</font>
					<label>19644</label>
					<align>left</align>
					<aligny>center</aligny>
					<textcolor>white</textcolor>
				</control>
				<control type="image">
					<left>960</left>
					<top>1036</top>
					<width>22</width>
					<height>22</height>
					<texture>epg-128.png</texture>
				</control>
				<control type="label">
					<description>Social Genre</description>
					<left>990</left>
					<top>1035</top>
					<width>345</width>
					<height>22</height>
					<font>font-19</font>
					<label>19612</label>
					<align>left</align>
					<aligny>center</aligny>
					<textcolor>white</textcolor>
				</control>
				<control type="image">
					<left>1335</left>
					<top>1036</top>
					<width>22</width>
					<height>22</height>
					<texture>epg-0.png</texture>
				</control>
				<control type="label">
					<description>Other/Unknown Genre</description>
					<left>1365</left>
					<top>1035</top>
					<width>345</width>
					<height>22</height>
					<font>font-19</font>
					<label>19499</label>
					<align>left</align>
					<aligny>center</aligny>
					<textcolor>white</textcolor>
				</control>
			</control> -->
		</control>
	</include>
	<include name="MediaInfo-PVRRecordings">
		<control type="list" id="58">
			<left>300</left>
			<top>213</top>
			<width>1320</width>
			<height>495</height>
			<onup>58</onup>
			<ondown>58</ondown>
			<onleft>9000</onleft>
			<onright>60</onright>
			<viewtype label="535">list</viewtype>
			<pagecontrol>60</pagecontrol>
			<scrolltime>200</scrolltime>
			<preloaditems>2</preloaditems>
			<itemlayout width="1320" height="44">
				<control type="image">
					<left>0</left>
					<top>0</top>
					<width>1320</width>
					<height>45</height>
					<texture border="7">list-nofocus.png</texture>
					<include>VisibleFadeEffect</include>
				</control>
				<control type="label">
					<left>15</left>
					<top>0</top>
					<width>1215</width>
					<height>45</height>
					<font>font-20</font>
					<textcolor>white</textcolor>
					<selectedcolor>blue</selectedcolor>
					<align>left</align>
					<aligny>center</aligny>
					<label>$INFO[ListItem.Label]</label>
				</control>
				<control type="label">
					<left>15</left>
					<top>0</top>
					<width>1215</width>
					<height>45</height>
					<font>font-20</font>
					<textcolor>lightblue</textcolor>
					<selectedcolor>blue</selectedcolor>
					<align>right</align>
					<aligny>center</aligny>
					<label>$INFO[ListItem.Date]</label>
				</control>
				<control type="image">
					<left>1260</left>
					<top>0</top>
					<width>45</width>
					<height>45</height>
					<aspectratio>keep</aspectratio>
					<texture>$INFO[ListItem.Overlay]</texture>
				</control>
			</itemlayout>
			<focusedlayout width="1320" height="44">
				<control type="image">
					<left>0</left>
					<top>0</top>
					<width>1320</width>
					<height>45</height>
					<texture border="7">list-nofocus.png</texture>
					<include>VisibleFadeEffect</include>
				</control>
				<control type="image">
					<left>0</left>
					<top>0</top>
					<width>1320</width>
					<height>45</height>
					<texture border="7">list-focus2.png</texture>
					<visible>Control.HasFocus(58)</visible>
					<include>VisibleFadeEffect</include>
					<include>ListFocusScroll</include>
				</control>
				<control type="label">
					<left>15</left>
					<top>0</top>
					<width>1215</width>
					<height>45</height>
					<font>font-20</font>
					<textcolor>white</textcolor>
					<selectedcolor>blue</selectedcolor>
					<align>left</align>
					<aligny>center</aligny>
					<label>$INFO[ListItem.Label]</label>
				</control>
				<control type="label">
					<left>15</left>
					<top>0</top>
					<width>1215</width>
					<height>45</height>
					<font>font-20</font>
					<textcolor>lightblue</textcolor>
					<selectedcolor>blue</selectedcolor>
					<align>right</align>
					<aligny>center</aligny>
					<label>$INFO[ListItem.Date]</label>
				</control>
				<control type="image">
					<left>1260</left>
					<top>0</top>
					<width>45</width>
					<height>45</height>
					<aspectratio>keep</aspectratio>
					<texture>$INFO[ListItem.Overlay]</texture>
				</control>
			</focusedlayout>
		</control>
		<control type="group">
			<left>300</left>
			<top>202</top>
			<visible>Control.IsVisible(58)</visible>
			<control type="image">
				<left>0</left>
				<top>518</top>
				<width>1320</width>
				<height>3</height>
				<texture>separator.png</texture>
			</control>
		</control>
		<control type="textbox">
			<description>Description Value for Recordings</description>
			<left>300</left>
			<top>756</top>
			<width>1320</width>
			<height>129</height>
			<font>font-20</font>
			<align>justify</align>
			<textcolor>white</textcolor>
			<label>$INFO[ListItem.Plot]</label>
			<autoscroll time="2000" delay="8000" repeat="5000">Skin.HasSetting(AutoScroll)</autoscroll>
			<visible>Control.IsVisible(58)</visible>
		</control>
	</include>
	<include name="FullList-PVRSearch">
		<control type="list" id="52">
			<left>300</left>
			<top>213</top>
			<width>1320</width>
			<height>654</height>
			<onup>52</onup>
			<ondown>52</ondown>
			<onleft>9000</onleft>
			<onright>60</onright>
			<viewtype label="535">list</viewtype>
			<pagecontrol>60</pagecontrol>
			<scrolltime>200</scrolltime>
			<preloaditems>2</preloaditems>
			<itemlayout width="1320" height="44">
				<control type="image">
					<left>0</left>
					<top>0</top>
					<width>1320</width>
					<height>45</height>
					<texture border="7">list-nofocus.png</texture>
					<include>VisibleFadeEffect</include>
				</control>
				<control type="image">
					<left>15</left>
					<top>6</top>
					<width>60</width>
					<height>33</height>
					<texture background="true">$INFO[ListItem.Icon]</texture>
					<aspectratio>keep</aspectratio>
				</control>
				<control type="label">
					<left>90</left>
					<top>0</top>
					<width>270</width>
					<height>45</height>
					<font>font-20</font>
					<textcolor>lightblue</textcolor>
					<selectedcolor>blue</selectedcolor>
					<align>left</align>
					<aligny>center</aligny>
					<label>$INFO[ListItem.ChannelName]</label>
				</control>
				<control type="label">
					<left>375</left>
					<top>0</top>
					<width>600</width>
					<height>45</height>
					<font>font-20</font>
					<textcolor>blue</textcolor>
					<selectedcolor>blue</selectedcolor>
					<align>left</align>
					<aligny>center</aligny>
					<label>$INFO[ListItem.Date]</label>
				</control>
				<control type="label">
					<left>660</left>
					<top>0</top>
					<width>600</width>
					<height>45</height>
					<font>font-20</font>
					<textcolor>white</textcolor>
					<selectedcolor>blue</selectedcolor>
					<align>right</align>
					<aligny>center</aligny>
					<label>$INFO[ListItem.Label]</label>
				</control>
				<control type="image">
					<left>1275</left>
					<top>6</top>
					<width>33</width>
					<height>33</height>
					<texture>pvr_record.png</texture>
					<visible>ListItem.IsRecording</visible>
				</control>
				<control type="image">
					<left>1275</left>
					<top>6</top>
					<width>33</width>
					<height>33</height>
					<texture>pvr_schedule.png</texture>
					<visible>ListItem.HasTimer</visible>
				</control>
			</itemlayout>
			<focusedlayout width="1320" height="44">
				<control type="image">
					<left>0</left>
					<top>0</top>
					<width>1320</width>
					<height>45</height>
					<texture border="7">list-nofocus.png</texture>
					<include>VisibleFadeEffect</include>
				</control>
				<control type="image">
					<left>0</left>
					<top>0</top>
					<width>1320</width>
					<height>45</height>
					<texture border="7">list-focus2.png</texture>
					<include>VisibleFadeEffect</include>
					<include>ListFocusScroll</include>
					<visible>Control.HasFocus(52)</visible>
				</control>
				<control type="image">
					<left>15</left>
					<top>6</top>
					<width>60</width>
					<height>33</height>
					<texture background="true">$INFO[ListItem.Icon]</texture>
					<aspectratio>keep</aspectratio>
				</control>
				<control type="label">
					<left>90</left>
					<top>0</top>
					<width>270</width>
					<height>45</height>
					<font>font-20</font>
					<textcolor>lightblue</textcolor>
					<selectedcolor>blue</selectedcolor>
					<align>left</align>
					<aligny>center</aligny>
					<label>$INFO[ListItem.ChannelName]</label>
				</control>
				<control type="label">
					<left>375</left>
					<top>0</top>
					<width>600</width>
					<height>45</height>
					<font>font-20</font>
					<textcolor>blue</textcolor>
					<selectedcolor>blue</selectedcolor>
					<align>left</align>
					<aligny>center</aligny>
					<label>$INFO[ListItem.Date]</label>
				</control>
				<control type="label">
					<left>660</left>
					<top>0</top>
					<width>600</width>
					<height>45</height>
					<font>font-20</font>
					<textcolor>white</textcolor>
					<selectedcolor>blue</selectedcolor>
					<align>right</align>
					<aligny>center</aligny>
					<label>$INFO[ListItem.Label]</label>
				</control>
				<control type="image">
					<left>1275</left>
					<top>6</top>
					<width>33</width>
					<height>33</height>
					<texture>pvr_record.png</texture>
					<visible>ListItem.IsRecording</visible>
				</control>
				<control type="image">
					<left>1275</left>
					<top>6</top>
					<width>33</width>
					<height>33</height>
					<texture>pvr_schedule.png</texture>
					<visible>ListItem.HasTimer</visible>
				</control>
			</focusedlayout>
		</control>
	</include>
	<include name="FullList-PVRTimers">
		<control type="list" id="52">
			<left>300</left>
			<top>213</top>
			<width>1320</width>
			<height>654</height>
			<onup>52</onup>
			<ondown>52</ondown>
			<onleft>9000</onleft>
			<onright>60</onright>
			<viewtype label="535">list</viewtype>
			<pagecontrol>60</pagecontrol>
			<scrolltime>200</scrolltime>
			<itemlayout width="1320" height="44">
				<control type="image">
					<left>0</left>
					<top>0</top>
					<width>1320</width>
					<height>45</height>
					<texture border="7">list-nofocus.png</texture>
					<include>VisibleFadeEffect</include>
				</control>
				<control type="label">
					<left>15</left>
					<top>0</top>
					<width>390</width>
					<height>45</height>
					<font>font-20</font>
					<textcolor>white</textcolor>
					<selectedcolor>blue</selectedcolor>
					<align>left</align>
					<aligny>center</aligny>
					<label>$INFO[ListItem.Label]</label>
				</control>
				<control type="label">
					<left>405</left>
					<top>0</top>
					<width>600</width>
					<height>45</height>
					<font>font-20</font>
					<textcolor>blue</textcolor>
					<selectedcolor>blue</selectedcolor>
					<align>left</align>
					<aligny>center</aligny>
					<label>$INFO[ListItem.Date]</label>
				</control>
				<control type="label">
					<left>1005</left>
					<top>0</top>
					<width>300</width>
					<height>45</height>
					<font>font-20</font>
					<textcolor>lightblue</textcolor>
					<selectedcolor>blue</selectedcolor>
					<align>right</align>
					<aligny>center</aligny>
					<label>$INFO[ListItem.Comment]</label>
				</control>
			</itemlayout>
			<focusedlayout width="1320" height="44">
				<control type="image">
					<left>0</left>
					<top>0</top>
					<width>1320</width>
					<height>45</height>
					<texture border="7">list-nofocus.png</texture>
					<include>VisibleFadeEffect</include>
				</control>
				<control type="image">
					<left>0</left>
					<top>0</top>
					<width>1320</width>
					<height>45</height>
					<texture border="7">list-focus2.png</texture>
					<visible>Control.HasFocus(52)</visible>
					<include>VisibleFadeEffect</include>
					<include>ListFocusScroll</include>
				</control>
				<control type="label">
					<left>15</left>
					<top>0</top>
					<width>390</width>
					<height>45</height>
					<font>font-20</font>
					<textcolor>white</textcolor>
					<selectedcolor>blue</selectedcolor>
					<align>left</align>
					<aligny>center</aligny>
					<label>$INFO[ListItem.Label]</label>
				</control>
				<control type="label">
					<left>405</left>
					<top>0</top>
					<width>600</width>
					<height>45</height>
					<font>font-20</font>
					<textcolor>blue</textcolor>
					<selectedcolor>blue</selectedcolor>
					<align>left</align>
					<aligny>center</aligny>
					<label>$INFO[ListItem.Date]</label>
				</control>
				<control type="label">
					<left>1005</left>
					<top>0</top>
					<width>300</width>
					<height>45</height>
					<font>font-20</font>
					<textcolor>lightblue</textcolor>
					<selectedcolor>blue</selectedcolor>
					<align>right</align>
					<aligny>center</aligny>
					<label>$INFO[ListItem.Comment]</label>
				</control>
			</focusedlayout>
		</control>
	</include>
	<include name="FullList-PVRTimers_Extras">
		<control type="group">
			<visible>Control.IsVisible(52)</visible>
			<include>Window_OpenClose_Visible_MediaFlags_Animation</include>
			<control type="image">
				<left>495</left>
				<top>927</top>
				<width>939</width>
				<height>63</height>
				<texture diffuse="underlay2-diffuse.png" border="4">underlay2.png</texture>
				<visible>PVR.HasTimer</visible>
			</control>
			<control type="image">
				<left>292</left>
				<top>914</top>
				<width>194</width>
				<height>160</height>
				<aspectratio scalediffuse="false" align="center">keep</aspectratio>
				<texture diffuse="thumb-diffuse.png" background="true">$INFO[Listitem.Icon]</texture>
				<bordersize>6</bordersize>
				<fadetime>IconCrossfadeTime</fadetime>
			</control>
			<control type="label">
				<description>Next timer date</description>
				<left>450</left>
				<top>934</top>
				<width>1020</width>
				<height>52</height>
				<font>font-20</font>
				<align>center</align>
				<aligny>center</aligny>
				<textcolor>white</textcolor>
				<label>$INFO[PVR.NextTimer]</label>
				<visible>PVR.HasTimer</visible>
			</control>
		</control>
	</include>
</includes>
