<?xml version="1.0" encoding="UTF-8" standalone="yes"?>
<addon id="plugin.video.black.lince" name="[COLORred]black [COLORgrey] lince[/COLOR]" version="1.3" provider-name="[COLOR orange]@by_black_eagle[/COLOR]">
  <extension point="xbmc.python.pluginsource"
			library="default.py">
		<provides>video</provides>
  </extension>
  <extension point="xbmc.addon.metadata">
		<summary>Canais de Televisão, desportos e mais...</summary>
		<description lang="en">[COLOR yellow]black[/COLOR] [COLORorange]lince[/COLOR] [COLORorange]é um addon da familia BlackEagle Team.TODOS OS LINKS ESTÃO DISPONIVEIS NA INTERNET![/COLOR]</description>
		<platform>all</platform>
		<assets>
       <icon>icon.png</icon>
       <fanart>fanart.jpg</fanart>
       <screenshot>resources/screenshots/1.jpg</screenshot>
       <screenshot>resources/screenshots/2.jpg</screenshot>
       <screenshot>resources/screenshots/3.jpg</screenshot>
    </assets>
    </extension>
</addon>
