<?xml version="1.0" encoding="UTF-8" standalone="yes"?>
<addon id="plugin.video.Dwight_Farrokh_Lista" name="[COLORred] Dwight_[COLORgold]Farrokh_Lista[/COLOR]" version="2.8" provider-name="[COLORred] Dwight_[COLORgold]Farrokh_Lista[/COLOR]+[COLORgold]by_black_eagle[/COLOR]">
  <extension point="xbmc.python.pluginsource"
			library="default.py">
		<provides>video</provides>
  </extension>
	 <extension point="xbmc.addon.metadata">
         <summary>Canais de Televisão, desportos e mais...</summary>
		<description lang="en">[COLOR red]Dwight_[/COLOR] [COLORorange]Farrokh_Lista[/COLOR] [COLORorange]é um addon homenagem Dwight_Farrokh_Lista .TODOS OS LINKS ESTÃO DISPONIVEIS NA INTERNET![/COLOR]</description>
		<platform>all</platform>
		<assets>
       <icon>icon.png</icon>
       <fanart>fanart.jpg</fanart>
       <screenshot>resources/screenshots/1.jpg</screenshot>
       <screenshot>resources/screenshots/2.jpg</screenshot>
       <screenshot>resources/screenshots/3.jpg</screenshot>
    </assets>
</extension>
</addon>