<?xml version="1.0" encoding="UTF-8" standalone="yes"?>
<addon id="plugin.video.eagle.vod" name="[COLOR maroon]Eagle[/COLOR] [COLOR gold]Vod[/COLOR]" version="0.2" provider-name="[COLOR orange]@by_blak_eagle[/COLOR]">
    <requires>
		<import addon="xbmc.python" version="3.0.0"/>
		<import addon="script.module.requests" version="2.25.1+matrix.1"/>
	</requires>
	<extension point="xbmc.python.pluginsource" library="addon.py">
		<provides>video</provides>
	</extension>
	<extension point="xbmc.addon.metadata">
		<platform>all</platform>
		<summary lang="en">[COLORred]  VOD, SÉRIES[/COLOR] </summary>
		<description lang="en">[COLOR red]Eagle[/COLOR] [COLORorange]Vod[/COLOR] [COLORorange]é um addon da familia blackeagle.TODOS OS LINKS ESTÃO DISPONIVEIS NA INTERNET![/COLOR]</description>
		<platform>all</platform>
		<assets>
       <icon>icon.png</icon>
       <fanart>fanart.jpg</fanart>
       <screenshot>resources/screenshots/1.jpg</screenshot>
       <screenshot>resources/screenshots/2.jpg</screenshot>
       <screenshot>resources/screenshots/3.jpg</screenshot>
    </assets>
	</extension>
</addon>
