<?xml version="1.0" encoding="UTF-8" standalone="yes"?>
<addon id="script.module.jurialmunkey" name="jurialmunkey common" provider-name="jurialmunkey" version="0.2.11">
  <requires>
    <import addon="xbmc.python" version="3.0.1"/>
    <import addon="script.module.requests" version="2.9.1"/>
    <import addon="script.module.infotagger" version="0.0.5" />
  </requires>
  <extension point="xbmc.python.module" library="resources/modules" />
  <extension point="xbmc.addon.metadata">
    <description lang="en_GB">Common code required by TMDbHelper and other related jurialmunkey add-ons</description>
    <license>GPL-3.0-or-later</license>
    <website>https://github.com/jurialmunkey/script.module.jurialmunkey</website>
    <assets>
      <icon>icon.png</icon>
    </assets>
  </extension>
</addon>
