<?xml version="1.0" encoding="UTF-8"?>
<window>
	<defaultcontrol always="true">50</defaultcontrol>
	<menucontrol>9000</menucontrol>
	<views>50</views>
	<controls>
		<include>CommonBackground</include>
		<include>CommonPageCount</include>
		<control type="group">
		<left>30</left>
		<control type="image">
		    <left>-2</left>
		    <top>17</top>
		    <width>98.6%</width>
		    <height>10.6%</height>
		    <texture>homeshadow_1.png</texture>
		  </control>
		 <control type="image">
		     <left>0</left>
		     <top>20</top>
		     <width>98.4%</width>
		     <height>10%</height>
		     <texture colordiffuse="black">backgrounds/bg_fade_2.png</texture>
			 <bordertexture colordiffuse="$INFO[Skin.String(color.500)]">backgrounds/bg_fade_3.png</bordertexture>
			 <bordersize>2</bordersize>
		  </control>
		  <control type="image">
		     <left>-2</left>
		     <top>947</top>
		     <width>98.6%</width>
		     <height>10.6%</height>
		     <texture>homeshadow_2.png</texture>
		  </control>
		 <control type="image">
		     <left>0</left>
		     <top>950</top>
		     <width>98.4%</width>
		     <height>10%</height>
		     <texture colordiffuse="black">backgrounds/bg_fade_2.png</texture>
			 <bordertexture colordiffuse="$INFO[Skin.String(color.500)]">backgrounds/bg_fade_3.png</bordertexture>
			 <bordersize>2</bordersize>
		 </control>
		<control type="image">
		    <left>57</left>
		    <top>157</top>
		    <width>1756</width>
			<height>761</height>
		    <texture>homeshadow_2.png</texture>
		 </control>
		 <control type="image">
		    <left>60</left>
		    <top>160</top>
		    <width>1750</width>
			<height>755</height>
		    <texture colordiffuse="black">backgrounds/bg_fade_2.png</texture>
			<bordertexture colordiffuse="$INFO[Skin.String(color.500)]">backgrounds/bg_fade_3.png</bordertexture>
			<bordersize>2</bordersize>
		  </control>
	    </control>
		 <control type="group">
		  <include>Window_OpenClose_Animation</include>
		  <visible>!Skin.HasSetting(Clock)</visible>
			<control type="image">
				<right>62</right>
				<top>45</top>
				<width>250</width>
				<height>60</height>
				<texture colordiffuse="FF2E2E2E">backgrounds/bg_fade_7.png</texture>
				<bordertexture colordiffuse="$INFO[Skin.String(color.500)]">backgrounds/bg_fade_4.png</bordertexture>
			    <bordersize>2</bordersize>
			</control>
			<control type="label">
				<right>177</right>
				<top>45</top>
				<width>200</width>
				<height>60</height>
				<align>right</align>
				<aligny>center</aligny>
				<font>fontContextMenu</font>
				<textcolor>white</textcolor>
				<label>$INFO[System.Time(hh:mm)]</label>
			</control>
			<control type="label">
				<right>107</right>
				<top>45</top>
				<width>70</width>
				<height>60</height>
				<align>left</align>
				<aligny>center</aligny>
				<font>fontContextMenu</font>
				<textcolor>white</textcolor>
				<label>:$INFO[System.Time(ss)]</label>
			</control>
			<control type="image">
				<left>60</left>
				<top>45</top>
				<width>250</width>
				<height>60</height>
				<texture colordiffuse="FF2E2E2E">backgrounds/bg_fade_7.png</texture>
			    <bordertexture colordiffuse="$INFO[Skin.String(color.500)]">backgrounds/bg_fade_4.png</bordertexture>
				<bordersize>2</bordersize>
			</control>
			<control type="label">
				<left>111</left>
				<top>45</top>
				<width>360</width>
				<height>60</height>
				<align>left</align>
				<aligny>center</aligny>
				<font>fontContextMenu</font>
				<textcolor>white</textcolor>
				<label>$INFO[System.Date(dd:mm:yyyy]</label>
			</control>
		</control>
		<control type="group">
			<visible>Skin.HasSetting(Touchmode)</visible>
			<control type="image">
				<left>180</left>
				<top>110r</top>
				<width>70</width>
				<height>70</height>
				<texture colordiffuse="FF2E2E2E">backgrounds/bg_fade_7.png</texture>
				<bordertexture colordiffuse="$INFO[Skin.String(color.500)]">backgrounds/bg_fade_4.png</bordertexture>
				<bordersize>2</bordersize>
			</control>
			<control type="button">
				<description>Back push button</description>
				<left>175</left>
				<top>115r</top>
				<width>80</width>
				<height>80</height>
				<label></label>
				<font/>
				<onclick>back</onclick>
				<texturefocus colordiffuse="$INFO[Skin.String(color.500)]">icons/back.png</texturefocus>
				<texturenofocus colordiffuse="FFFFFFFF">icons/back.png</texturenofocus>
			</control>
			<control type="image">
				<right>70</right>
				<top>110r</top>
				<width>70</width>
				<height>70</height>
				<texture colordiffuse="FF2E2E2E">backgrounds/bg_fade_7.png</texture>
				<bordertexture colordiffuse="$INFO[Skin.String(color.500)]">backgrounds/bg_fade_4.png</bordertexture>
				<bordersize>2</bordersize>
			</control>
			<control type="button">
				<description>Home push button</description>
				<right>65</right>
				<top>115r</top>
				<width>80</width>
				<height>80</height>
				<label></label>
				<font/>
				<onclick>ActivateWindow(home)</onclick>
				<texturefocus colordiffuse="$INFO[Skin.String(color.500)]">icons/home.png</texturefocus>
				<texturenofocus colordiffuse="FFFFFFFF">icons/home.png</texturenofocus>
			</control>
		</control>
		<control type="group">
			<include condition="String.IsEqual(Skin.AspectRatio,4:3)">TallListPVRSlide</include>
			<include condition="!String.IsEqual(Skin.AspectRatio,4:3)">ShortListPVRSlide</include>
			<centerleft>50%</centerleft>
			<centertop>50%</centertop>
			<width>1650</width>
			<include>Window_OpenClose_Animation</include>
			<description>TV Search group</description>
			<visible>Control.IsVisible(50)</visible>
			<include>VisibleFadeEffect</include>
			<control type="group">
				<top>5</top>
				<!--title background-->
				<control type="image">
					<left>4</left>
					<top>0</top>
					<width>1650</width>
					<height>60</height>
					<texture background="true" colordiffuse="FF0F0F0F">backgrounds/white.png</texture>
				</control>
				<control type="label">
					<description>Channel label</description>
					<left>20</left>
					<top>0</top>
					<width>330</width>
					<height>60</height>
					<font>button.bold</font>
					<textcolor>white</textcolor>
					<aligny>center</aligny>
					<label>19148</label>
				</control>
				<control type="label">
					<description>Title header label</description>
					<left>360</left>
					<top>0</top>
					<width>450</width>
					<height>60</height>
					<font>button.bold</font>
					<textcolor>white</textcolor>
					<aligny>center</aligny>
					<label>369</label>
				</control>
				<control type="label">
					<description>Time label</description>
					<left>1125</left>
					<top>0</top>
					<width>450</width>
					<height>60</height>
					<font>button.bold</font>
					<textcolor>white</textcolor>
					<aligny>center</aligny>
					<label>21820</label>
				</control>
				<control type="label">
					<description>Status header label</description>
					<left>1470</left>
					<top>0</top>
					<width>180</width>
					<height>60</height>
					<font>button.bold</font>
					<textcolor>white</textcolor>
					<aligny>center</aligny>
					<label>126</label>
				</control>
				<control type="list" id="50">
					<left>0</left>
					<top>70</top>
					<width>1654</width>
					<include condition="String.IsEqual(Skin.AspectRatio,4:3)">TallListPVR</include>
					<include condition="!String.IsEqual(Skin.AspectRatio,4:3)">ShortListPVR</include>
					<onup>50</onup>
					<ondown>50</ondown>
					<onleft>104</onleft>
					<onright>77</onright>
					<pagecontrol>77</pagecontrol>
					<scrolltime>200</scrolltime>
					<itemlayout height="70">
						<!--title background-->
						<control type="image">
							<left>4</left>
							<top>0</top>
							<width>1650</width>
							<height>60</height>
							<texture colordiffuse="FF2E2E2E">backgrounds/bg_fade_7.png</texture>
							<bordertexture colordiffuse="$INFO[Skin.String(color.500)]">backgrounds/bg_fade_3.png</bordertexture>
			                <bordersize>2</bordersize>
						</control>
						<control type="group">
							<left>4</left>
							<top>0</top>
							<visible>String.IsEmpty(ListItem.Date)</visible>
							<control type="label">
								<left>85</left>
								<top>0</top>
								<width>975</width>
								<height>60</height>
								<font>label</font>
								<aligny>center</aligny>
								<textcolor>white</textcolor>
								<selectedcolor>$INFO[Skin.String(color.500)]</selectedcolor>
								<info>ListItem.Label</info>
							</control>
						</control>
						<control type="group">
							<visible>!String.IsEmpty(ListItem.Date)</visible>
							<control type="image">
								<left>15</left>
								<top>8</top>
								<width>55</width>
								<height>45</height>
								<texture border="1">$INFO[ListItem.Icon]</texture>
								<aspectratio>keep</aspectratio>
								<visible>!String.IsEmpty(ListItem.Icon)</visible>
							</control>
							<control type="label">
								<left>85</left>
								<top>0</top>
								<width>265</width>
								<height>60</height>
								<font>label</font>
								<aligny>center</aligny>
								<textcolor>white</textcolor>
								<selectedcolor>$INFO[Skin.String(color.500)]</selectedcolor>
								<info>ListItem.ChannelName</info>
								<visible>!String.IsEmpty(ListItem.Icon)</visible>
							</control>
							<control type="label">
								<left>15</left>
								<top>0</top>
								<width>335</width>
								<height>60</height>
								<font>label</font>
								<aligny>center</aligny>
								<textcolor>white</textcolor>
								<selectedcolor>$INFO[Skin.String(color.500)]</selectedcolor>
								<info>ListItem.ChannelName</info>
								<visible>String.IsEmpty(ListItem.Icon)</visible>
							</control>
							<control type="label">
								<left>360</left>
								<top>0</top>
								<width>680</width>
								<height>60</height>
								<font>label</font>
								<aligny>center</aligny>
								<textcolor>white</textcolor>
								<selectedcolor>$INFO[Skin.String(color.500)]</selectedcolor>
								<info>ListItem.Label</info>
							</control>
							<control type="label">
								<left>1050</left>
								<top>0</top>
								<width>405</width>
								<height>60</height>
								<font>label</font>
								<aligny>center</aligny>
								<textcolor>white</textcolor>
								<selectedcolor>$INFO[Skin.String(color.500)]</selectedcolor>
								<info>ListItem.Date</info>
							</control>
							<control type="image">
								<left>1470</left>
								<top>10</top>
								<width>45</width>
								<height>40</height>
								<texture colordiffuse="$INFO[Skin.String(color.500)]">PVR-IsRecording.png</texture>
								<visible>ListItem.IsRecording</visible>
							</control>
							<control type="label">
								<left>1522</left>
								<top>0</top>
								<width>120</width>
								<height>60</height>
								<font>secondary.info.light</font>
								<aligny>center</aligny>
								<textcolor>white</textcolor>
								<selectedcolor>$INFO[Skin.String(color.500)]</selectedcolor>
								<label>19043</label>
								<visible>ListItem.IsRecording</visible>
							</control>
							<control type="image">
								<left>1470</left>
								<top>15</top>
								<width>30</width>
								<height>30</height>
								<texture colordiffuse="$INFO[Skin.String(color.500)]">PVR-HasTimer.png</texture>
								<visible>ListItem.HasTimer + !ListItem.IsRecording</visible>
							</control>
							<control type="label">
								<left>1515</left>
								<top>0</top>
								<width>120</width>
								<height>60</height>
								<font>secondary.info.light</font>
								<aligny>center</aligny>
								<textcolor>white</textcolor>
								<selectedcolor>$INFO[Skin.String(color.500)]</selectedcolor>
								<label>31510</label>
								<visible>ListItem.HasTimer + !ListItem.IsRecording</visible>
							</control>
							<control type="image">
								<left>1470</left>
								<top>10</top>
								<width>45</width>
								<height>40</height>
								<texture colordiffuse="$INFO[Skin.String(color.500)]">PVR-HasRecording.png</texture>
								<visible>ListItem.HasRecording + !ListItem.IsRecording + !ListItem.HasTimer</visible>
							</control>
						</control>
					</itemlayout>
					<focusedlayout height="70">
						<!--background-->
						<control type="image">
							<left>4</left>
							<top>0</top>
							<width>1650</width>
							<height>60</height>
							<texture background="true" colordiffuse="$INFO[Skin.String(color.500)]">backgrounds/white.png</texture>
						</control>
						<!--background nib-->
						<control type="image">
							<left>0</left>
							<top>0</top>
							<width>4</width>
							<height>60</height>
							<texture background="true" colordiffuse="$INFO[Skin.String(color.500)]">backgrounds/white.png</texture>
						</control>
						<control type="group">
							<left>4</left>
							<top>0</top>
							<visible>String.IsEmpty(ListItem.Date)</visible>
							<control type="label">
								<left>85</left>
								<top>0</top>
								<width>975</width>
								<height>60</height>
								<font>label</font>
								<aligny>center</aligny>
								<textcolor>white</textcolor>
								<selectedcolor>$INFO[Skin.String(color.500)]</selectedcolor>
								<info>ListItem.Label</info>
							</control>
						</control>
						<control type="group">
							<visible>!String.IsEmpty(ListItem.Date)</visible>
							<control type="image">
								<left>15</left>
								<top>8</top>
								<width>55</width>
								<height>45</height>
								<texture border="1">$INFO[ListItem.Icon]</texture>
								<aspectratio>keep</aspectratio>
								<visible>!String.IsEmpty(ListItem.Icon)</visible>
							</control>
							<control type="label">
								<left>85</left>
								<top>0</top>
								<width>265</width>
								<height>60</height>
								<font>label</font>
								<aligny>center</aligny>
								<textcolor>white</textcolor>
								<selectedcolor>$INFO[Skin.String(color.500)]</selectedcolor>
								<info>ListItem.ChannelName</info>
								<visible>!String.IsEmpty(ListItem.Icon)</visible>
							</control>
							<control type="label">
								<left>15</left>
								<top>0</top>
								<width>335</width>
								<height>60</height>
								<font>label</font>
								<aligny>center</aligny>
								<textcolor>white</textcolor>
								<selectedcolor>$INFO[Skin.String(color.500)]</selectedcolor>
								<info>ListItem.ChannelName</info>
								<visible>String.IsEmpty(ListItem.Icon)</visible>
							</control>
							<control type="label">
								<left>360</left>
								<top>0</top>
								<width>680</width>
								<height>60</height>
								<font>label</font>
								<aligny>center</aligny>
								<textcolor>white</textcolor>
								<selectedcolor>$INFO[Skin.String(color.500)]</selectedcolor>
								<info>ListItem.Label</info>
							</control>
							<control type="label">
								<left>1050</left>
								<top>0</top>
								<width>405</width>
								<height>60</height>
								<font>label</font>
								<aligny>center</aligny>
								<textcolor>white</textcolor>
								<selectedcolor>$INFO[Skin.String(color.500)]</selectedcolor>
								<info>ListItem.Date</info>
							</control>
							<control type="image">
								<left>1470</left>
								<top>10</top>
								<width>45</width>
								<height>40</height>
								<texture colordiffuse="$INFO[Skin.String(color.500)]">PVR-IsRecording.png</texture>
								<visible>ListItem.IsRecording</visible>
							</control>
							<control type="label">
								<left>1522</left>
								<top>0</top>
								<width>120</width>
								<height>60</height>
								<font>secondary.info.light</font>
								<aligny>center</aligny>
								<textcolor>white</textcolor>
								<selectedcolor>$INFO[Skin.String(color.500)]</selectedcolor>
								<label>19043</label>
								<visible>ListItem.IsRecording</visible>
							</control>
							<control type="image">
								<left>1470</left>
								<top>15</top>
								<width>30</width>
								<height>30</height>
								<texture colordiffuse="$INFO[Skin.String(color.500)]">PVR-HasTimer.png</texture>
								<visible>ListItem.HasTimer + !ListItem.IsRecording</visible>
							</control>
							<control type="label">
								<left>1515</left>
								<top>0</top>
								<width>120</width>
								<height>60</height>
								<font>secondary.info.light</font>
								<aligny>center</aligny>
								<textcolor>white</textcolor>
								<selectedcolor>$INFO[Skin.String(color.500)]</selectedcolor>
								<label>31510</label>
								<visible>ListItem.HasTimer + !ListItem.IsRecording</visible>
							</control>
							<control type="image">
								<left>1470</left>
								<top>10</top>
								<width>45</width>
								<height>40</height>
								<texture colordiffuse="$INFO[Skin.String(color.500)]">PVR-HasRecording.png</texture>
								<visible>ListItem.HasRecording + !ListItem.IsRecording + !ListItem.HasTimer</visible>
							</control>
						</control>
					</focusedlayout>
				</control>
				<!--scrollbar-->
				<control type="scrollbar" id="77">
					<left>1660</left>
					<top>70</top>
					<bottom>5</bottom>
					<onleft>50</onleft>
					<onright>104</onright>
					<orientation>vertical</orientation>
				</control>
			</control>
		</control>
		<include>CommonNowPlaying</include>
		<include>BehindDialogFadeOut</include>
		<include>ScrollOffsetLabel</include>
		<control type="image">
			<left>0</left>
			<top>0</top>
			<width>100%</width>
			<height>100%</height>
			<texture>black-back.png</texture>
			<animation effect="fade" time="400">Visible</animation>
			<animation effect="fade" time="200">Hidden</animation>
			<visible>Window.IsActive(FileBrowser) | Window.IsActive(PVRGuideInfo) | Window.IsActive(PVRRecordingInfo) | Window.IsActive(PVRTimerSetting) | Window.IsActive(PVRGroupManager) | Window.IsActive(PVRGuideSearch)</visible>
		</control>
		<include>PVRSideBlade</include>
	</controls>
</window>
