<?xml version="1.0" encoding="UTF-8"?>
<colors>
	<color name="white">FFd7ffcc</color>
	<color name="black">FF000000</color>
	<color name="verylightgrey">FFC8C8C8</color>
	<color name="lightgrey">FF999999</color>
	<color name="grey">FF787878</color>
	<color name="darkgrey">FF505050</color>
	<color name="lightblue">FF0fd451</color>
	<color name="blue">FFb3d40f</color>
	<color name="darkblue">FFd40fb3</color>
	<color name="verydarkblue">FFd41f0f</color>
	<color name="red">FFFF3F3F</color>
	<color name="rss_headline">FF4DBAFF</color>
</colors>
