<?xml version="1.0" encoding="UTF-8"?>
<window>
	<defaultcontrol always="true">50</defaultcontrol>
	<menucontrol>9000</menucontrol>
	<views>50,550</views>
	<controls>
		<!--all content-->
		<control type="group">
			<!--backgrounds (e.g. fanart-->
			<control type="group">
				<include>CommonBackground</include>
			</control>
			<!--views-->
			<control type="group">
				<include>VisibleFadeEffect</include>
				<include>CommonRootView</include>
				<!-- view id = 50 -->
				<include>AddonInfoListView1</include>
				<!-- view id = 550 -->
		    </control>
			 <!--breadcrumbs-->
	      <control type="label">
			  <left>650</left>
			  <top>35</top>
			  <width>600</width>
			  <height>80</height>
			  <align>center</align>
			  <aligny>center</aligny>
			  <font>label</font>
			  <textcolor>white</textcolor>
			  <label>$INFO[Container.FolderName]</label>
		   </control> 
		  <control type="group">
		  <visible>!Skin.HasSetting(Clock)</visible>
			<control type="image">
				<right>62</right>
				<top>45</top>
				<width>250</width>
				<height>60</height>
				<texture colordiffuse="FF2E2E2E">backgrounds/bg_fade_7.png</texture>
				<bordertexture colordiffuse="$INFO[Skin.String(color.500)]">backgrounds/bg_fade_4.png</bordertexture>
			    <bordersize>2</bordersize>
			</control>
			<control type="label">
				<right>177</right>
				<top>45</top>
				<width>200</width>
				<height>60</height>
				<align>right</align>
				<aligny>center</aligny>
				<font>fontContextMenu</font>
				<textcolor>white</textcolor>
				<label>$INFO[System.Time(hh:mm)]</label>
			</control>
			<control type="label">
				<right>107</right>
				<top>45</top>
				<width>70</width>
				<height>60</height>
				<align>left</align>
				<aligny>center</aligny>
				<font>fontContextMenu</font>
				<textcolor>white</textcolor>
				<label>:$INFO[System.Time(ss)]</label>
			</control>
			<control type="image">
				<left>60</left>
				<top>45</top>
				<width>250</width>
				<height>60</height>
				<texture colordiffuse="FF2E2E2E">backgrounds/bg_fade_7.png</texture>
			    <bordertexture colordiffuse="$INFO[Skin.String(color.500)]">backgrounds/bg_fade_4.png</bordertexture>
				<bordersize>2</bordersize>
			</control>
			<control type="label">
				<left>111</left>
				<top>45</top>
				<width>360</width>
				<height>60</height>
				<align>left</align>
				<aligny>center</aligny>
				<font>fontContextMenu</font>
				<textcolor>white</textcolor>
				<label>$INFO[System.Date(dd:mm:yyyy]</label>
			</control>
		</control>
		<control type="group">
			<visible>Skin.HasSetting(Touchmode)</visible>
			<control type="image">
				<left>180</left>
				<top>110r</top>
				<width>70</width>
				<height>70</height>
				<texture colordiffuse="FF2E2E2E">backgrounds/bg_fade_7.png</texture>
				<bordertexture colordiffuse="$INFO[Skin.String(color.500)]">backgrounds/bg_fade_4.png</bordertexture>
				<bordersize>2</bordersize>
			</control>
			<control type="button">
				<description>Back push button</description>
				<left>175</left>
				<top>115r</top>
				<width>80</width>
				<height>80</height>
				<label></label>
				<font/>
				<onclick>back</onclick>
				<texturefocus colordiffuse="$INFO[Skin.String(color.500)]">icons/back.png</texturefocus>
				<texturenofocus colordiffuse="FFFFFFFF">icons/back.png</texturenofocus>
			</control>
			<control type="image">
				<right>70</right>
				<top>110r</top>
				<width>70</width>
				<height>70</height>
				<texture colordiffuse="FF2E2E2E">backgrounds/bg_fade_7.png</texture>
				<bordertexture colordiffuse="$INFO[Skin.String(color.500)]">backgrounds/bg_fade_4.png</bordertexture>
				<bordersize>2</bordersize>
			</control>
			<control type="button">
				<description>Home push button</description>
				<right>65</right>
				<top>115r</top>
				<width>80</width>
				<height>80</height>
				<label></label>
				<font/>
				<onclick>ActivateWindow(home)</onclick>
				<texturefocus colordiffuse="$INFO[Skin.String(color.500)]">icons/home.png</texturefocus>
				<texturenofocus colordiffuse="FFFFFFFF">icons/home.png</texturenofocus>
			  </control>
		    </control>
			<!--dialog fade-->
			<include>BehindDialogFadeOut</include>
			<!--view options-->
			<control type="group">
				<left>-383</left>
				<include>SideBladeLeft</include>
				<control type="group">
					<top>100</top>
					<bottom>0</bottom>
					<!--buttons grouplist-->
					<control type="grouplist" id="9000">
						<left>10</left>
						<width>375</width>
						<height>100%</height>
						<onleft>9000</onleft>
						<onright>50</onright>
						<onup>9000</onup>
						<ondown>9000</ondown>
						<onback>50</onback>
						<itemgap>0</itemgap>
						<!--control type="label" id="200">
							<width>375</width>
							<height>52</height>
							<font>font12</font>
							<label>31006</label>
							<textcolor>blue</textcolor>
							<align>center</align>
							<aligny>center</aligny>
						</control-->
						<!--view as-->
						<control type="button" id="2">
							<textwidth>352</textwidth>
							<include>ButtonCommonValues</include>
							<label></label>
						</control>
						<!--sort by-->
						<control type="button" id="3">
							<include>ButtonCommonValues</include>
							<label>103</label>
						</control>
						<!--ascending/descending-->
						<control type="togglebutton" id="4">
							<include>ButtonCommonValues</include>
							<label>31051</label>
							<altlabel>31050</altlabel>
							<usealttexture>Container.SortDirection(Ascending)</usealttexture>
						</control>
						<!--choose colour-->
						<control type="button" id="33">
							<label>$LOCALIZE[31919]</label>
							<include>ButtonCommonValues</include>
							<onclick>SetFocus(50)</onclick>
							<onclick>ActivateWindow(1100)</onclick>
						</control>
						<!--control type="label" id="201">
							<width>375</width>
							<height>52</height>
							<font>font12</font>
							<label>31026</label>
							<textcolor>blue</textcolor>
							<align>center</align>
							<aligny>center</aligny>
						</control-->
						<!--hide foreign addons-->
						<control type="radiobutton" id="7">
							<include>ButtonCommonValues</include>
							<label>25001</label>
						</control>
						<!--hide incompatible-->
						<control type="radiobutton" id="8">
							<include>ButtonCommonValues</include>
							<label>24999</label>
						</control>
						<!--check for updates-->
						<control type="button" id="9">
							<include>ButtonCommonValues</include>
							<label>24034</label>
						</control>
						<!--settings-->
						<control type="button" id="5">
							<include>ButtonCommonValues</include>
							<label>10004</label>
						</control>
						<include>CommonNowPlaying_Controls</include>
					</control>
				</control>
			</control>
		</control>
	</controls>
</window>