<?xml version="1.0" encoding="UTF-8"?>
<window>
	<defaultcontrol>5</defaultcontrol>
	<controls>
		<control type="group">
			<visible>Skin.HasSetting(Touchmode)</visible>
			<control type="image">
				<left>60</left>
				<top>110r</top>
				<width>70</width>
				<height>70</height>
				<texture colordiffuse="FF2E2E2E">backgrounds/bg_fade_7.png</texture>
				<bordertexture colordiffuse="$INFO[Skin.String(color.500)]">backgrounds/bg_fade_4.png</bordertexture>
				<bordersize>2</bordersize>
			</control>
			<control type="button">
				<description>Back push button</description>
				<left>55</left>
				<top>115r</top>
				<width>80</width>
				<height>80</height>
				<label></label>
				<font/>
				<onclick>back</onclick>
				<texturefocus colordiffuse="$INFO[Skin.String(color.500)]">icons/back.png</texturefocus>
				<texturenofocus colordiffuse="FFFFFFFF">icons/back.png</texturenofocus>
			</control>
		</control>
		<control type="group">
			<left>60</left>
			<centertop>50%</centertop>
			<width>1800</width>
			<height>783</height>
			<control type="image">
				<left>-3</left>
				<top>-3</top>
				<width>1806</width>
				<height>656</height>
				<texture>homeshadow_2.png</texture>
			</control>
			<control type="image">
				<left>0</left>
				<top>0</top>
				<width>1800</width>
				<height>650</height>
				<texture colordiffuse="black">backgrounds/bg_fade_2.png</texture>
				<bordertexture colordiffuse="$INFO[Skin.String(color.500)]">backgrounds/bg_fade_5.png</bordertexture>
				<bordersize>2</bordersize>
			</control>
			<control type="image">
				<left>-3</left>
				<top>652</top>
				<width>1806</width>
				<height>121</height>
				<texture>homeshadow_1.png</texture>
			</control>
			<control type="image">
				<left>0</left>
				<top>655</top>
				<width>1800</width>
				<height>115</height>
				<texture colordiffuse="black">backgrounds/bg_fade_2.png</texture>
				<bordertexture colordiffuse="$INFO[Skin.String(color.500)]">backgrounds/bg_fade_6.png</bordertexture>
				<bordersize>2</bordersize>
			</control>
			<!--main content-->
			<control type="group">
				<!--title-->
				<control type="label" id="2">
					<left>0</left>
					<top>5</top>
					<width>1800</width>
					<height>60</height>
					<font>info.title</font>
					<align>center</align>
					<aligny>center</aligny>
					<textcolor>$INFO[Skin.String(color.500)]</textcolor>
					<textcolor>$INFO[Skin.String(color.500)]</textcolor>
					<label></label>
				</control>
				<!--options-->
				<control type="grouplist" id="5">
					<description>control area</description>
					<left>345</left>
					<top>100</top>
					<bottom>140</bottom>
					<width>1110</width>
					<itemgap>0</itemgap>
					<pagecontrol>60</pagecontrol>
					<onleft>9001</onleft>
					<onright>60</onright>
					<onup>5</onup>
					<ondown>9001</ondown>
				</control>
				<control type="grouplist" id="9001">
					<centerleft>50%</centerleft>
					<top>100r</top>
					<width>1000</width>
					<height>60</height>
					<align>justify</align>
					<orientation>horizontal</orientation>
					<onleft>9001</onleft>
					<onright>9001</onright>
					<onup>5</onup>
					<ondown>5</ondown>
					<!--ok button-->
					<include content="AnimatedCircleButtonGroup">
						<param name="button-id" value="28" />
						<param name="button-width" value="130" />
						<param name="button-texture" value="yesbutton" />
						<param name="button-onup" value="5" />
						<param name="button-ondown" value="5" />
						<param name="button-onleft" value="30" />
						<param name="button-onright" value="29" />
					</include>
					<!--cancel button-->
					<include content="AnimatedCircleButtonGroup">
						<param name="button-id" value="29" />
						<param name="button-width" value="180" />
						<param name="button-texture" value="nobutton" />
						<param name="button-onup" value="5" />
						<param name="button-ondown" value="5" />
						<param name="button-onleft" value="28" />
						<param name="button-onright" value="30" />
					</include>
					<!--default button-->
					<include content="AnimatedCircleButtonGroup">
						<param name="button-id" value="30" />
						<param name="button-width" value="180" />
						<param name="button-texture" value="settingsbutton" />
						<param name="button-onup" value="5" />
						<param name="button-ondown" value="5" />
						<param name="button-onleft" value="29" />
						<param name="button-onright" value="28" />
					</include>
				</control>
			</control>
		</control>
		<!--button-->
		<control type="button" id="7">
			<left>0</left>
			<top>0</top>
		</control>
		<!--radio button-->
		<control type="radiobutton" id="8">
			<left>0</left>
			<top>0</top>
		</control>
		<!--spin control-->
		<control type="spincontrolex" id="9">
			<left>0</left>
			<top>0</top>
			<reverse>yes</reverse>
		</control>
		<!--separator-->
		<control type="image" id="11">
			<height>0</height>
			<texture></texture>
			<visible>false</visible>
		</control>
		<!--edit-->
		<control type="edit" id="12">
			<left>0</left>
			<top>0</top>
		</control>
		<!--slider-->
		<control type="sliderex" id="13">
			<left>0</left>
			<top>0</top>
		</control>
		<!--label-->
		<control type="label" id="14">
			<left>0</left>
			<top>0</top>
			<height>60</height>
			<font>button.bold</font>
			<textcolor>$INFO[Skin.String(color.500)]</textcolor>
			<textoffsetx>5</textoffsetx>
			<aligny>center</aligny>
		</control>
	</controls>
</window>