<?xml version="1.0" encoding="UTF-8"?>
<window>
	<defaultcontrol always="true">11</defaultcontrol>
	<controls>
		<!--all content-->
		<control type="group">
			<left>0r</left>
			<top>4%</top>
			<width>700</width>
			<height>92%</height>
			<visible>!Window.IsActive(ShutdownMenu)</visible>
			<include content="SideBladeRight">
				<param name="dialog-glowwidth" value="700" />
				<param name="subtitle-visible" value="true" />
				<param name="background-fade" value="true" />
			</include>
			<!--main content-->
			<control type="group">
				<!--title tv-->
				<control type="label">
					<left>45</left>
					<top>15</top>
					<width>600</width>
					<height>60</height>
					<font>menu.title</font>
					<align>center</align>
					<aligny>center</aligny>
					<textcolor>$INFO[Skin.String(color.500)]</textcolor>
					<label>$LOCALIZE[19222] - $INFO[VideoPlayer.ChannelName]</label>
					<visible>!pvr.IsPlayingRadio</visible>
				</control>
				<!--title radio-->
				<control type="label">
					<left>45</left>
					<top>15</top>
					<width>600</width>
					<height>60</height>
					<font>menu.title</font>
					<align>center</align>
					<aligny>center</aligny>
					<textcolor>white</textcolor>
					<label>$LOCALIZE[19222] - $INFO[MusicPlayer.ChannelName]</label>
					<visible>pvr.IsPlayingRadio</visible>
				</control>
				<!--secondary title-->
				<control type="label">
					<left>45</left>
					<top>90</top>
					<width>600</width>
					<height>50</height>
					<font>kai.secondary</font>
					<align>center</align>
					<aligny>center</aligny>
					<textcolor>white</textcolor>
					<label>$INFO[Container(11).ListItem.StartDate] • $INFO[Container(11).NumItems] $LOCALIZE[31025] ($LOCALIZE[31024] $INFO[Container(11).CurrentPage]/$INFO[Container(11).NumPages])</label>
				</control>
				<control type="list" id="11">
					<left>45</left>
					<top>195</top>
					<bottom>15</bottom>
					<width>600</width>
					<onleft>60</onleft>
					<onright>60</onright>
					<onup>11</onup>
					<ondown>11</ondown>
					<viewtype label="535">list</viewtype>
					<pagecontrol>60</pagecontrol>
					<scrolltime>200</scrolltime>
					<itemlayout height="52" width="615">
						<control type="label">
							<left>15</left>
							<top>0</top>
							<width>150</width>
							<height>45</height>
							<font>label</font>
							<selectedcolor>selected</selectedcolor>
							<align>left</align>
							<aligny>center</aligny>
							<label>$INFO[ListItem.StartTime]</label>
						</control>
						<control type="image">
							<left>180</left>
							<top>8</top>
							<width>45</width>
							<height>30</height>
							<texture>PVR-IsRecording.png</texture>
							<aspectratio>keep</aspectratio>
							<visible>ListItem.IsRecording</visible>
						</control>
						<control type="image">
							<left>180</left>
							<top>8</top>
							<width>30</width>
							<height>30</height>
							<texture>PVR-HasTimer.png</texture>
							<aspectratio>keep</aspectratio>
							<visible>ListItem.HasTimer + !ListItem.IsRecording</visible>
						</control>
						<control type="image">
							<left>90</left>
							<top>10</top>
							<width>24</width>
							<height>24</height>
							<texture>PVR-HasRecording.png</texture>
							<aspectratio>keep</aspectratio>
							<visible>ListItem.HasRecording + !ListItem.IsRecording + !ListItem.HasTimer</visible>
						</control>
						<control type="label">
							<left>150</left>
							<top>0</top>
							<width>435</width>
							<height>45</height>
							<font>label</font>
							<selectedcolor>selected</selectedcolor>
							<align>right</align>
							<aligny>center</aligny>
							<label>$INFO[ListItem.Label]</label>
							<visible>![ListItem.IsRecording | ListItem.HasTimer]</visible>
						</control>
						<control type="label">
							<left>225</left>
							<top>0</top>
							<width>360</width>
							<height>45</height>
							<font>label</font>
							<selectedcolor>selected</selectedcolor>
							<align>right</align>
							<aligny>center</aligny>
							<label>$INFO[ListItem.Label]</label>
							<visible>ListItem.IsRecording | ListItem.HasTimer</visible>
						</control>
					</itemlayout>
					<focusedlayout height="52" width="615">
						<control type="image">
							<left>0</left>
							<top>0</top>
							<width>615</width>
							<height>45</height>
							<texture colordiffuse="$INFO[Skin.String(color.500)]">backgrounds/white.png</texture>
						</control>
						<control type="label">
							<left>15</left>
							<top>0</top>
							<width>150</width>
							<height>45</height>
							<font>label</font>
							<textcolor>white</textcolor>
							<selectedcolor>$INFO[Skin.String(color.500)]</selectedcolor>
							<shadowcolor>black</shadowcolor>
							<align>left</align>
							<aligny>center</aligny>
							<label>$INFO[ListItem.StartTime]</label>
						</control>
						<control type="image">
							<left>180</left>
							<top>8</top>
							<width>45</width>
							<height>30</height>
							<texture>PVR-IsRecording.png</texture>
							<aspectratio>keep</aspectratio>
							<visible>ListItem.IsRecording</visible>
						</control>
						<control type="image">
							<left>180</left>
							<top>8</top>
							<width>30</width>
							<height>30</height>
							<texture>PVR-HasTimer.png</texture>
							<aspectratio>keep</aspectratio>
							<visible>ListItem.HasTimer + !ListItem.IsRecording</visible>
						</control>
						<control type="image">
							<left>90</left>
							<top>10</top>
							<width>24</width>
							<height>24</height>
							<texture>PVR-HasRecording.png</texture>
							<aspectratio>keep</aspectratio>
							<visible>ListItem.HasRecording + !ListItem.IsRecording + !ListItem.HasTimer</visible>
						</control>
						<control type="label">
							<left>150</left>
							<top>0</top>
							<width>435</width>
							<height>45</height>
							<font>label</font>
							<textcolor>white</textcolor>
							<selectedcolor>$INFO[Skin.String(color.500)]</selectedcolor>
							<shadowcolor>black</shadowcolor>
							<align>right</align>
							<aligny>center</aligny>
							<label>$INFO[ListItem.Label]</label>
							<visible>![ListItem.IsRecording | ListItem.HasTimer]</visible>
						</control>
						<control type="label">
							<left>225</left>
							<top>0</top>
							<width>360</width>
							<height>45</height>
							<font>label</font>
							<textcolor>white</textcolor>
							<selectedcolor>$INFO[Skin.String(color.500)]</selectedcolor>
							<shadowcolor>black</shadowcolor>
							<align>right</align>
							<aligny>center</aligny>
							<label>$INFO[ListItem.Label]</label>
							<visible>ListItem.IsRecording | ListItem.HasTimer</visible>
						</control>
					</focusedlayout>
				</control>
				<control type="scrollbar" id="60">
					<left>18</left>
					<top>193</top>
					<bottom>15</bottom>
					<onleft>11</onleft>
					<onright>11</onright>
				</control>
			</control>
		</control>
	</controls>
</window>
