<?xml version="1.0" encoding="UTF-8"?>
<window>
	<defaultcontrol always="true">9000</defaultcontrol>
	<onload>RunScript(script.skinshortcuts,type=buildxml&amp;mainmenuID=9000&amp;group=mainmenu&amp;options=noGroups)</onload>
	<onload condition="Skin.HasSetting(StopVideoOnBack) + !Player.HasAudio">PlayerControl(Stop)</onload>
	<onload condition="!Skin.HasSetting(SkinHelper.EnableMusicArt)">Skin.SetBool(SkinHelper.EnableMusicArt)</onload>
	<controls>
		<include>CommonBackground</include>
		<include>Window_OpenClose_Animation</include>
		<visible>!Skin.HasSetting(Clock)</visible>
		<control type="group">
			<width>1920</width>
			<centerleft>50%</centerleft>
			<include>skinshortcuts-template-widget</include>
		<control type="group">
		<visible>!Skin.HasSetting(Weatherinfo) + !String.IsEmpty(Weather.Plugin)</visible>
			<control type="label">
				<left>790</left>
				<top>31</top>
				<width>450</width>
				<height>27</height>
				<align>left</align>
				<aligny>center</aligny>
				<font>title</font>
				<textcolor>white</textcolor>
				<label>Temperature :</label>
				<scroll></scroll>
			</control>
			<control type="label">
				<left>1020</left>
				<top>27</top>
				<width>100</width>
				<height>35</height>
				<align>left</align>
				<aligny>center</aligny>
				<font>title</font>
				<textcolor>white</textcolor>
				<label>$INFO[Window(Weather).Property(Current.Temperature)]$INFO[System.TemperatureUnits]</label>
			</control>
			<control type="image">
				<left>1107</left>
				<top>22</top>
				<width>45</width>
				<height>45</height>
				<aspectratio>keep</aspectratio>
				<texture>$INFO[Weather.ConditionsIcon]</texture>
			  </control>
		    </control>
			<control type="group">
				<left>0</left>
				<top>34%</top>
				<!--menus-->
				<control type="group">
					<top>-290</top>
					<!--Top main menu background-->
					<control type="image">
						<visible>!Skin.HasSetting(Touchmode)</visible>
						<left>22</left>
						<top>-63</top>
						<width>1875</width>
						<height>80</height>
						<texture colordiffuse="black">backgrounds/bg_fade_21.png</texture>
				        <bordertexture colordiffuse="$INFO[Skin.String(color.500)]">backgrounds/bg_fade_3.png</bordertexture>
				        <bordersize>2</bordersize>
					</control>
					<control type="image">
						<visible>Skin.HasSetting(Touchmode)</visible>
						<left>22</left>
						<top>-63</top>
						<width>1875</width>
						<height>80</height>
						<texture colordiffuse="black">backgrounds/bg_fade_21.png</texture>
				        <bordertexture colordiffuse="$INFO[Skin.String(color.500)]">backgrounds/bg_fade_3.png</bordertexture>
				        <bordersize>2</bordersize>
					</control>
					<!--Top bar-->
					<control type="image">
						<visible>!Skin.HasSetting(Touchmode)</visible>
						<left>38</left>
						<top>-50</top>
						<width>1844</width>
						<height>54</height>
						<texture colordiffuse="black">backgrounds/bg_home.png</texture>
				        <bordertexture colordiffuse="$INFO[Skin.String(color.500)]">backgrounds/bg_fade_3.png</bordertexture>
				        <bordersize>2</bordersize>
					</control>
					<control type="image">
						<visible>Skin.HasSetting(Touchmode)</visible>
						<left>38</left>
						<top>-50</top>
						<width>1844</width>
						<height>54</height>
						<texture colordiffuse="black">backgrounds/bg_home.png</texture>
				        <bordertexture colordiffuse="$INFO[Skin.String(color.500)]">backgrounds/bg_fade_3.png</bordertexture>
				        <bordersize>2</bordersize>
					</control>
					<!--main menu-->
					<control type="image">
						<visible>!Skin.HasSetting(Touchmode)</visible>
						<left>22</left>
						<top>533</top>
						<width>1875</width>
						<height>112</height>
						<texture colordiffuse="black">backgrounds/bg_fade_21.png</texture>
				        <bordertexture colordiffuse="$INFO[Skin.String(color.500)]">backgrounds/bg_fade_3.png</bordertexture>
				        <bordersize>2</bordersize>
					</control>
					<control type="image">
						<visible>Skin.HasSetting(Touchmode)</visible>
						<left>22</left>
						<top>533</top>
						<width>1875</width>
						<height>112</height>
						<texture colordiffuse="black">backgrounds/bg_fade_21.png</texture>
				        <bordertexture colordiffuse="$INFO[Skin.String(color.500)]">backgrounds/bg_fade_3.png</bordertexture>
				        <bordersize>2</bordersize>
					</control>
					<!--  main menu background bottom-->
					<control type="image">
						<visible>!Skin.HasSetting(Touchmode)</visible>
						<left>22</left>
						<top>906</top>
						<width>1874</width>
						<height>80</height>
						<texture colordiffuse="black">backgrounds/bg_fade_21.png</texture>
				        <bordertexture colordiffuse="$INFO[Skin.String(color.500)]">backgrounds/bg_fade_3.png</bordertexture>
				        <bordersize>2</bordersize>
					</control>
					<control type="image">
						<visible>Skin.HasSetting(Touchmode)</visible>
						<left>22</left>
						<top>906</top>
						<width>1874</width>
						<height>80</height>
						<texture colordiffuse="black">backgrounds/bg_fade_21.png</texture>
				        <bordertexture colordiffuse="$INFO[Skin.String(color.500)]">backgrounds/bg_fade_3.png</bordertexture>
				        <bordersize>2</bordersize>
				   </control>
				   <!--bottom clock bar-->
					<control type="image">
						<visible>!Skin.HasSetting(Touchmode)</visible>
						<left>38</left>
						<top>919</top>
						<width>1843</width>
						<height>54</height>
						<texture colordiffuse="black">backgrounds/bg_home.png</texture>
				        <bordertexture colordiffuse="$INFO[Skin.String(color.500)]">backgrounds/bg_fade_3.png</bordertexture>
				        <bordersize>2</bordersize>
					</control>
					<control type="image">
						<visible>Skin.HasSetting(Touchmode)</visible>
						<left>37</left>
						<top>919</top>
						<width>1842</width>
						<height>54</height>
						<texture colordiffuse="black">backgrounds/bg_home.png</texture>
				        <bordertexture colordiffuse="$INFO[Skin.String(color.500)]">backgrounds/bg_fade_3.png</bordertexture>
				        <bordersize>2</bordersize>
				   </control>	
				   <control type="group">
				   <left></left>	
                   <!--sub menus-->
	               <control type="group">
		           <!--sub menu background-->
	               <control type="image">
		               <visible>!Skin.HasSetting(Touchmode)</visible>
		               <left>22</left>
		               <top>-204</top>
		               <width>1873</width>
		               <height>114</height>
		               <texture colordiffuse="FF0F0F0F">backgrounds/bg_fade_21.png</texture>
		               <bordertexture colordiffuse="$INFO[Skin.String(color.500)]">backgrounds/bg_fade_3.png</bordertexture>
		               <bordersize>2</bordersize>
		              </control>
	                 <control type="image">
		                <visible>Skin.HasSetting(Touchmode)</visible>
		                <left>22</left>
		                <top>-204</top>
		                <width>1873</width>
		                <height>114</height>
		                <texture colordiffuse="FF0F0F0F">backgrounds/bg_fade_21.png</texture>
		                <bordertexture colordiffuse="$INFO[Skin.String(color.500)]">backgrounds/bg_fade_3.png</bordertexture>
		                <bordersize>2</bordersize>
		              </control>
					 <!--Menu three background-->
					 <control type="image">
		               <visible>!Skin.HasSetting(Touchmode)</visible>
		                <left>22</left>
		                <top>-79</top>
		                <width>1873</width>
		                <height>114</height>
		                <texture colordiffuse="FF0F0F0F">backgrounds/bg_fade_21.png</texture>
		                <bordertexture colordiffuse="$INFO[Skin.String(color.500)]">backgrounds/bg_fade_3.png</bordertexture>
		                <bordersize>2</bordersize>
		              </control>
	                 <control type="image">
		                <visible>Skin.HasSetting(Touchmode)</visible>
		                <left>22</left>
		                <top>-79</top>
		                <width>1873</width>
		                <height>114</height>
		                <texture colordiffuse="FF0F0F0F">backgrounds/bg_fade_21.png</texture>
		                <bordertexture colordiffuse="$INFO[Skin.String(color.500)]">backgrounds/bg_fade_3.png</bordertexture>
		                <bordersize>2</bordersize>
		             </control>
	                </control> 
					 
					<include condition="!Skin.HasSetting(AutoHideHomepageSubmenu)">skinshortcuts-template-submenu</include>
					<include condition="Skin.HasSetting(AutoHideHomepageSubmenu)">HomeSubMenu</include>
					<top>860</top>
                   </control>
					<!--main menu-->
					<control type="fixedlist" id="9000">                                                  
						<visible>!Skin.HasSetting(Touchmode)</visible>
						<left>38</left>
						<top>548</top>
						<width>1847</width>
						<height>92</height>
						<onleft>9000</onleft>
						<onright>9000</onright>
						<onup>9003</onup>
		                <ondown>9901</ondown>
					    <pagecontrol></pagecontrol>
						<scrolltime>300</scrolltime>
						<focusposition>0</focusposition>
						<movement>4</movement>
						<orientation>Horizontal</orientation>
						<itemlayout height="82" width="373">
						   <control type="image">
								<left>0</left>
								<top>0</top>
								<width>353</width>
								<height>82</height>
								<texture colordiffuse="black">backgrounds/bg_home.png</texture>
				                <bordertexture colordiffuse="$INFO[Skin.String(color.500)]">backgrounds/bg_fade_3.png</bordertexture>
				                <bordersize>2</bordersize>
							</control>
							<!--label-->
							<control type="label">
								<left>9</left>
								<top>0</top>
								<width>340</width>
								<height>87</height>
								<font>main.menu2</font>
								<textcolor>black</textcolor>
								<align>center</align>
								<aligny>center</aligny>
								<label>$INFO[ListItem.Label]</label>
							</control>
							<control type="label">
								<left>10</left>
								<top>0</top>
								<width>340</width>
								<height>82</height>
								<font>main.menu2</font>
								<textcolor>white</textcolor>
								<shadowcolor>black</shadowcolor>
								<align>center</align>
								<aligny>center</aligny>
								<label>$INFO[ListItem.Label]</label>
							</control>
						 </itemlayout>
						 <focusedlayout height="82" width="373">
						    <control type="image">
								<left>0</left>
								<top>0</top>
								<width>353</width>
								<height>82</height>
								<texture colordiffuse="black">backgrounds/bg_home.png</texture>
				                <bordertexture colordiffuse="$INFO[Skin.String(color.500)]">backgrounds/bg_fade_3.png</bordertexture>
				                <bordersize>2</bordersize>
								<animation effect="fade" start="100" end="38" time="300" tween="sine" easing="inout" condition="!Control.HasFocus(9000)">Conditional</animation>
							</control>
							<control type="label">
								<left>8</left>
								<top>0</top>
								<width>342</width>
								<height>87</height>
								<font>main.menu2</font>
								<textcolor>black</textcolor>
								<align>center</align>
								<aligny>center</aligny>
								<label>$INFO[ListItem.Label]</label>
								<visible>!Control.HasFocus(9000)</visible>
							</control>
							<control type="label">
								<left>10</left>
								<top>0</top>
								<width>340</width>
								<height>82</height>
								<font>main.menu2</font>
								<textcolor>FF9E9E9E</textcolor>
								<shadowcolor>black</shadowcolor>
								<align>center</align>
								<aligny>center</aligny>
								<label>$INFO[ListItem.Label]</label>
								<visible>!Control.HasFocus(9000)</visible>
							</control>
							<control type="image">
								<left>0</left>
								<top>0</top>
								<width>353</width>
								<height>82</height>
								<texture colordiffuse="$INFO[Skin.String(color.500)]">backgrounds/white.png</texture>
								<bordertexture>black</bordertexture>
								<visible>Control.HasFocus(9000)</visible>
							</control>
							<control type="image">
				                <left>0</left>
				                <top>0</top>
				                <width>40</width>
				                <height>82</height>
				                <texture>side_shadow_1.png</texture>
							    <visible>Control.HasFocus(9000)</visible>
			                </control>
			              <control type="image">
				                <left>314</left>
				                <top>0</top>
				                <width>40</width>
				                <height>82</height>
				                <texture>side_shadow.png</texture>
							    <visible>Control.HasFocus(9000)</visible>
			                 </control>
							 <control type="label">
								<left>9</left>
								<top>0</top>
								<width>340</width>
								<height>87</height>
								<font>main.menu2</font>
								<textcolor>black</textcolor>
								<align>center</align>
								<aligny>center</aligny>
								<label>$INFO[ListItem.Label]</label>
								<visible>Control.HasFocus(9000)</visible>
							</control>
							<control type="label">
								<left>10</left>
								<top>0</top>
								<width>340</width>
								<height>82</height>
								<font>main.menu2</font>
								<textcolor>white</textcolor>
								<shadowcolor>black</shadowcolor>
								<align>center</align>
								<aligny>center</aligny>
								<label>$INFO[ListItem.Label]</label>
								<visible>Control.HasFocus(9000)</visible>
							</control>
						</focusedlayout>
						<content>
							<include>skinshortcuts-mainmenu</include>
						</content>
					</control>
					<!--TouchMode-->
					<control type="fixedlist" id="9000">
						<visible>Skin.HasSetting(Touchmode)</visible>
						<left>38</left>
						<top>548</top>
						<width>1847</width>
						<height>92</height>
						<onleft>9000</onleft>
						<onright>9000</onright>
						<onup>9003</onup>
		                <ondown>9901</ondown>
		                <pagecontrol />
						<scrolltime>300</scrolltime>
						<focusposition>0</focusposition>
						<movement>4</movement>
						<orientation>Horizontal</orientation>
						<itemlayout height="82" width="373">
						    <control type="image">
								<left>0</left>
								<top>0</top>
								<width>353</width>
								<height>82</height>
								<texture colordiffuse="black">backgrounds/bg_home.png</texture>
				                <bordertexture colordiffuse="$INFO[Skin.String(color.500)]">backgrounds/bg_fade_3.png</bordertexture>
				                <bordersize>2</bordersize>
							</control>
							<!--label-->
							<control type="label">
								<left>9</left>
								<top>0</top>
								<width>340</width>
								<height>87</height>
								<font>main.menu2</font>
								<textcolor>black</textcolor>
								<align>center</align>
								<aligny>center</aligny>
								<label>$INFO[ListItem.Label]</label>
							</control>
							<control type="label">
								<left>10</left>
								<top>0</top>
								<width>340</width>
								<height>82</height>
								<font>main.menu2</font>
								<textcolor>white</textcolor>
								<shadowcolor>black</shadowcolor>
								<align>center</align>
								<aligny>center</aligny>
								<label>$INFO[ListItem.Label]</label>
							</control>
						 </itemlayout>
						<focusedlayout height="80" width="373">
						     <control type="image">
								<left>0</left>
								<top>0</top>
								<width>353</width>
								<height>82</height>
								<texture colordiffuse="black">backgrounds/bg_home.png</texture>
				                <bordertexture colordiffuse="$INFO[Skin.String(color.500)]">backgrounds/bg_fade_3.png</bordertexture>
				                <bordersize>2</bordersize>
								<animation effect="fade" start="100" end="38" time="300" tween="sine" easing="inout" condition="!Control.HasFocus(9000)">Conditional</animation>
							</control>
							<control type="label">
								<left>8</left>
								<top>0</top>
								<width>342</width>
								<height>87</height>
								<font>main.menu2</font>
								<textcolor>black</textcolor>
								<align>center</align>
								<aligny>center</aligny>
								<label>$INFO[ListItem.Label]</label>
								<visible>!Control.HasFocus(9000)</visible>
							</control>
							<control type="label">
								<left>10</left>
								<top>0</top>
								<width>340</width>
								<height>82</height>
								<font>main.menu2</font>
								<textcolor>FF9E9E9E</textcolor>
								<shadowcolor>black</shadowcolor>
								<align>center</align>
								<aligny>center</aligny>
								<label>$INFO[ListItem.Label]</label>
								<visible>!Control.HasFocus(9000)</visible>
							</control>
							<control type="image">
								<left>0</left>
								<top>0</top>
								<width>353</width>
								<height>82</height>
								<texture colordiffuse="$INFO[Skin.String(color.500)]">backgrounds/white.png</texture>
								<bordertexture>black</bordertexture>
								<visible>Control.HasFocus(9000)</visible>
							</control>
							<control type="image">
				                <left>0</left>
				                <top>0</top>
				                <width>40</width>
				                <height>82</height>
				                <texture>side_shadow_1.png</texture>
							    <visible>Control.HasFocus(9000)</visible>
			                </control>
			              <control type="image">
				               <left>314</left>
				               <top>0</top>
				               <width>40</width>
				               <height>82</height>
				               <texture>side_shadow.png</texture>
							   <visible>Control.HasFocus(9000)</visible>
			                 </control>
							<control type="label">
								<left>9</left>
								<top>0</top>
								<width>340</width>
								<height>87</height>
								<font>main.menu2</font>
								<textcolor>black</textcolor>
								<align>center</align>
								<aligny>center</aligny>
								<label>$INFO[ListItem.Label]</label>
								<visible>Control.HasFocus(9000)</visible>
							</control>
							<control type="label">
								<left>10</left>
								<top>0</top>
								<width>340</width>
								<height>82</height>
								<font>main.menu2</font>
								<textcolor>white</textcolor>
								<shadowcolor>black</shadowcolor>
								<align>center</align>
								<aligny>center</aligny>
								<label>$INFO[ListItem.Label]</label>
								<visible>Control.HasFocus(9000)</visible>
							</control>
						</focusedlayout>
						<content>
							<include>skinshortcuts-mainmenu</include>
						</content>
					</control>
				</control>
			</control>
		</control>
		
		<!--MAIN MENU LAYOUT 3-->
		 <control type="group">
			<left>37</left>
			<top>743</top>
			<onup>9000</onup>
			<ondown>90010</ondown>
			<include>WindowOpenCloseAnimation</include>
			<control type="image">
				<left>0</left>
                <top>130</top>
				<width>354</width>
				<height>82</height>
				<texture colordiffuse="black">backgrounds/bg_home.png</texture>
				<bordertexture colordiffuse="$INFO[Skin.String(color.500)]">backgrounds/bg_fade_3.png</bordertexture>
			    <bordersize>2</bordersize>
			</control>
			<control type="button" id="20">
				<description>Power push button</description>
				<left>0</left>
				<top>130</top>
				<width>354</width>
				<height>82</height>
				<onclick>ActivateWindow(ShutdownMenu)</onclick>
				<onright>21</onright>
				<onup>9000</onup>
				<ondown>9000</ondown>
			</control>
			 <control type="label">
				<left>119</left>
				<top>150</top>
				<width>354</width>
				<height>44</height>
				<align>left</align>
				<aligny>center</aligny>
			    <font>menu.title</font>
				<textcolor>black</textcolor>
				<label>Power</label>
			</control>
			<control type="label">
				<left>120</left>
				<top>150</top>
				<width>351</width>
				<height>38</height>
				<align>left</align>
				<aligny>center</aligny>
				<font>menu.title</font>
				<textcolor>red</textcolor>
				<label>Power</label>
			</control>
			<control type="image">
				<left>0</left>
			    <top>130</top>
				<width>40</width>
			    <height>82</height>
			    <texture>side_shadow_1.png</texture>
			    <visible>Control.HasFocus(20)</visible>
		     </control>
		   <control type="image">
				<left>315</left>
			    <top>130</top>
			    <width>40</width>
			    <height>82</height>
			    <texture>side_shadow.png</texture>
			    <visible>Control.HasFocus(20)</visible>
			  </control>
			<control type="image">
				<left>371</left>
                <top>130</top>
				<width>354</width>
				<height>82</height>
				<texture colordiffuse="black">backgrounds/bg_home.png</texture>
				<bordertexture colordiffuse="$INFO[Skin.String(color.500)]">backgrounds/bg_fade_3.png</bordertexture>
			    <bordersize>2</bordersize>
			</control>
			<control type="button" id="21">
				<description>Favourites push button</description>
				<left>371</left>
				<top>130</top>
				<width>354</width>
				<height>82</height>
				<onclick>ActivateWindow(Favouritesbrowser)</onclick>
				<onleft>20</onleft>
				<onright>22</onright>
				<onup>9000</onup>
				<ondown>9000</ondown>
			</control>
			 <control type="label">
				<left>450</left>
				<top>150</top>
				<width>351</width>
				<height>44</height>
				<align>left</align>
				<aligny>center</aligny>
				<font>menu.title</font>
				<textcolor>black</textcolor>
				<label>Favourites</label>
			</control>
			<control type="label">
				<left>451</left>
				<top>150</top>
				<width>351</width>
				<height>38</height>
				<align>left</align>
				<aligny>center</aligny>
				<font>menu.title</font>
				<textcolor>blue</textcolor>
				<shadowcolor></shadowcolor>
				<label>Favourites</label>
			</control>
			<control type="image">
				<left>371</left>
			    <top>130</top>
				<width>40</width>
			    <height>82</height>
			    <texture>side_shadow_1.png</texture>
			    <visible>Control.HasFocus(21)</visible>
		     </control>
		   <control type="image">
				<left>685</left>
			    <top>130</top>
			    <width>40</width>
			    <height>82</height>
			    <texture>side_shadow.png</texture>
			    <visible>Control.HasFocus(21)</visible>
			  </control>
			<control type="image">
				 <left>743</left>
				 <top>130</top>
				 <width>354</width>
				 <height>82</height>
			     <texture colordiffuse="black">backgrounds/bg_home.png</texture>
				 <bordertexture colordiffuse="$INFO[Skin.String(color.500)]">backgrounds/bg_fade_3.png</bordertexture>
			     <bordersize>2</bordersize>
			  </control>
			  <control type="button" id="22">
				<description>Addons push button</description>
				<left>743</left>
				<top>130</top>
				<width>354</width>
				<height>82</height>
				<onclick>ActivateWindow(AddonBrowser)</onclick>
				<onleft>21</onleft>
				<onright>23</onright>
				<onup>9000</onup>
				<ondown>9000</ondown>
			</control>
			 <control type="label">
				<left>850</left>
				<top>150</top>
				<width>353</width>
				<height>44</height>
				<align>left</align>
				<aligny>center</aligny>
				<font>menu.title</font>
				<textcolor>black</textcolor>
				<label>Addons</label>
			</control>
			<control type="label">
				<left>851</left>
				<top>150</top>
				<width>351</width>
				<height>38</height>
				<align>left</align>
				<aligny>center</aligny>
                <font>menu.title</font>
				<textcolor>blue</textcolor>
				<shadowcolor></shadowcolor>
				<label>Addons</label>
			</control>
			<control type="image">
				<left>743</left>
			    <top>130</top>
				<width>40</width>
			    <height>82</height>
			    <texture>side_shadow_1.png</texture>
			    <visible>Control.HasFocus(22)</visible>
		     </control>
		   <control type="image">
				<left>1057</left>
			    <top>130</top>
			    <width>40</width>
			    <height>82</height>
			    <texture>side_shadow.png</texture>
			    <visible>Control.HasFocus(22)</visible>
			 </control>
		    <control type="image">
				<left>1114.5</left>
                <top>130</top>
				<width>354</width>
				<height>82</height>
				<texture colordiffuse="black">backgrounds/bg_home.png</texture>
				<bordertexture colordiffuse="$INFO[Skin.String(color.500)]">backgrounds/bg_fade_3.png</bordertexture>
			    <bordersize>2</bordersize>
			</control>
			<control type="button" id="23">
				<description>Search push button</description>
				<left>1114</left>
				<top>130</top>
				<width>354</width>
				<height>82</height>
				<onclick>ActivateWindow(1111)</onclick>
				<onleft>22</onleft>
				<onright>24</onright>
				<onup>9000</onup>
			</control>
			 <control type="label">
				<left>1230</left>
				<top>150</top>
				<width>454</width>
				<height>44</height>
				<align>left</align>
				<aligny>center</aligny>
				<font>menu.title</font>
				<textcolor>black</textcolor>
				<label>Search</label>
			</control>
			<control type="label">
				<left>1230</left>
				<top>150</top>
				<width>450</width>
				<height>38</height>
				<align>left</align>
				<aligny>center</aligny>
			    <font>menu.title</font>
				<textcolor>blue</textcolor>
				<shadowcolor></shadowcolor>
				<label>Search</label>
			</control>
			<control type="image">
				<left>1114</left>
			    <top>130</top>
				<width>40</width>
			    <height>82</height>
			    <texture>side_shadow_1.png</texture>
			    <visible>Control.HasFocus(23)</visible>
		     </control>
		   <control type="image">
				<left>1429</left>
			    <top>130</top>
			    <width>40</width>
			    <height>82</height>
			    <texture>side_shadow.png</texture>
			    <visible>Control.HasFocus(23)</visible>
			 </control>
			<control type="image">
				<left>1486.5</left>
                <top>130</top>
				<width>354</width>
				<height>82</height>
				<texture colordiffuse="black">backgrounds/bg_home.png</texture>
				<bordertexture colordiffuse="$INFO[Skin.String(color.500)]">backgrounds/bg_fade_3.png</bordertexture>
			    <bordersize>2</bordersize>
			</control>
			<control type="button" id="24">
				<description>Settings push button</description>
				<left>1486</left>
				<top>130</top>
				<width>354</width>
				<height>82</height>
				<onclick>ActivateWindow(SkinSettings)</onclick>
				<onleft>23</onleft>
				<onright>20</onright>
				<onup>9000</onup>
			</control>
			 <control type="label">
				<left>1592</left>
				<top>150</top>
				<width>453</width>
				<height>44</height>
				<align>left</align>
				<aligny>center</aligny>
				<font>menu.title</font>
				<textcolor>black</textcolor>
				<label>Settings</label>
			</control>
			<control type="label">
				<left>1593</left>
				<top>150</top>
				<width>450</width>
				<height>38</height>
				<align>left</align>
				<aligny>center</aligny>
				<font>menu.title</font>
				<textcolor>blue</textcolor>
				<shadowcolor></shadowcolor>
				<label>Settings</label>
			</control>
			<control type="image">
				<left>1486</left>
			    <top>130</top>
				<width>40</width>
			    <height>82</height>
			    <texture>side_shadow_1.png</texture>
			    <visible>Control.HasFocus(24)</visible>
		     </control>
		   <control type="image">
				<left>1801</left>
			    <top>130</top>
			    <width>40</width>
			    <height>82</height>
			    <texture>side_shadow.png</texture>
			    <visible>Control.HasFocus(24)</visible>
		   </control>
		</control>
		<!-- Clock / Date / Weather -->
		<control type="group">
		<include>WindowOpenCloseAnimation</include>
		    <control type="label">
			  <left>800</left>
			  <top>25</top>
			  <width>450</width>
			  <height>60</height>
			  <align>left</align>
			  <aligny>center</aligny>
			  <font>font12</font>
			  <textcolor>red</textcolor>
			  <shadowcolor>white</shadowcolor>
			  <label>BLACK EAGLE - TOUCH</label>
		   </control>
		   <control type="image">
				<left>1700</left>
				<top>15</top>
				<width>200</width>
				<height>200</height>
				<visible>Control.HasFocus(9000)</visible>
				<include>VisibleFadeAnimation</include>
				<texture flipx="false" border="1">icons_be/eagle.gif</texture>
			</control>
		     <control type="label">
			  <left>80</left>
			  <top>992</top>
			  <width>450</width>
			  <height>60</height>
			  <align>left</align>
			  <aligny>center</aligny>
			  <font>font12</font>
			  <textcolor>white</textcolor>
			  <label>Black Eagle Builds</label>
		   </control>
		    <control type="label">
				<left>729</left>
				<top>992</top>
				<width>450</width>
				<height>65</height>
				<align>center</align>
				<aligny>center</aligny>
				<font>font12</font>
				<textcolor>black</textcolor>
				<label>$INFO[System.Date]</label>
			</control>
			<control type="label">
				<left>730</left>
				<top>992</top>
				<width>450</width>
				<height>60</height>
				<align>center</align>
				<aligny>center</aligny>
				<font>font12</font>
				<textcolor>white</textcolor>
				<shadowcolor>black</shadowcolor>
				<label>$INFO[System.Date]</label>
			</control>
			<control type="label">
			    <right>181</right>
				<top>992</top>
				<width>200</width>
				<height>65</height>
				<align>right</align>
				<aligny>center</aligny>
				<font>font13</font>
				<textcolor>black</textcolor>
				<label>$INFO[System.Time(hh:mm)]</label>
			</control>
		    <control type="label">
			   <right>180</right>
			   <top>992</top>
			   <width>200</width>
			   <height>60</height>
			   <align>right</align>
			   <aligny>center</aligny>
			   <font>font13</font>
			   <textcolor>white</textcolor>
			   <shadowcolor>black</shadowcolor>
			   <label>$INFO[System.Time(hh:mm)]</label>
			</control>
			<control type="label">
			   <right>111</right>
			   <top>992</top>
			   <width>70</width>
			   <height>65</height>
			   <align>left</align>
			   <aligny>center</aligny>
			   <font>font13</font>
			   <textcolor>black</textcolor>
			   <label>:$INFO[System.Time(ss)]</label>
		   </control>
		   <control type="label">
			  <right>110</right>
			  <top>992</top>
			  <width>70</width>
			  <height>60</height>
			  <align>left</align>
			  <aligny>center</aligny>
			  <font>font13</font>
			  <textcolor>white</textcolor>
			  <shadowcolor>black</shadowcolor>
			  <label>:$INFO[System.Time(ss)]</label>
		   </control>
		   <control type="label">
			  <right>-29</right>
			  <top>25</top>
			  <width>150</width>
			  <height>65</height>
			  <align>left</align>
			  <aligny>center</aligny>
			  <font>font12</font>
			  <textcolor>black</textcolor>
			  <label>$INFO[System.Time(xx)]</label>
		   </control>
		   <control type="label">
			  <right>-28</right>
			  <top>25</top>
			  <width>150</width>
			  <height>60</height>
			  <align>left</align>
			  <aligny>center</aligny>
			  <font>font12</font>
			  <textcolor>white</textcolor>
			  <shadowcolor>black</shadowcolor>
			  <label>$INFO[System.Time(xx)]</label>
		   </control>
	    <control type="group">
		<visible>!Skin.HasSetting(Weatherinfo) + !String.IsEmpty(Weather.Plugin)</visible>
		    <control type="label">
				<left>69</left>
				<top>24</top>
				<width>100</width>
				<height>65</height>
				<align>left</align>
				<aligny>center</aligny>
				<font>font12</font>
				<textcolor>black</textcolor>
				<label>$INFO[Window(Weather).Property(Current.Temperature)]$INFO[System.TemperatureUnits]</label>
			</control>
			<control type="label">
				<left>70</left>
				<top>24</top>
				<width>100</width>
				<height>60</height>
				<align>left</align>
				<aligny>center</aligny>
				<font>font12</font>
				<textcolor>white</textcolor>
				<shadowcolor>black</shadowcolor>
				<label>$INFO[Window(Weather).Property(Current.Temperature)]$INFO[System.TemperatureUnits]</label>
			</control>
			<control type="label">
				<left>139</left>
				<top>24</top>
				<width>500</width>
				<height>65</height>
				<align>left</align>
				<aligny>center</aligny>
				<font>font12</font>
				<textcolor>black</textcolor>
				<label>$INFO[Window(Weather).Property(Current.Condition),]</label>
				<scroll>true</scroll>
			</control>
			<control type="label">
				<left>140</left>
				<top>24</top>
				<width>500</width>
				<height>60</height>
				<align>left</align>
				<aligny>center</aligny>
				<font>font12</font>
				<textcolor>white</textcolor>
				<shadowcolor>black</shadowcolor>
				<label>$INFO[Window(Weather).Property(Current.Condition),]</label>
				<scroll>true</scroll>
			</control>
		  </control>
		</control>
		<control type="group">
		<visible>!Skin.HasSetting(FloorButtons)</visible>
			<left>36</left>
			<top>996</top>
			<width>1844</width>
			<height>55</height>
			<!--rss feed-->
			<control type="group">
				<visible>system.getbool(lookandfeel.enablerssfeeds)</visible>
				<include>Window_OpenClose_Animation</include>
				<!--rss background-->
				<control type="image">
					<width>1844</width>
					<height>55</height>
					<texture colordiffuse="black">backgrounds/bg_fade_21.png</texture>
					<bordertexture colordiffuse="$INFO[Skin.String(color.500)">backgrounds/bg_fade_3.png</bordertexture>
				    <bordersize>2</bordersize>
				</control>
				<!--rss feed-->
				<control type="rss">
					<top>15</top>
					<height>55</height>
					<width>100%</width>
					<aligny>center</aligny>
					<font>label</font>
					<urlset>1</urlset>
					<textcolor>$INFO[Skin.String(color.500)]</textcolor>
					<titlecolor>$INFO[Skin.String(color.500)]</titlecolor>
					<headlinecolor>white</headlinecolor>
				</control>
			</control>
		</control>
		<control type="group">
		<visible>Skin.HasSetting(FloorButtons)</visible>
			<left>36</left>
			<top>996</top>
			<width>1844</width>
			<height>55</height>
			<!--rss feed-->
			<control type="group">
				<visible>system.getbool(lookandfeel.enablerssfeeds)</visible>
				<include>Window_OpenClose_Animation</include>
				<!--rss background-->
				<control type="image">
					<width>1844</width>
					<height>55</height>
					<texture colordiffuse="black">backgrounds/bg_fade_21.png</texture>
					<bordertexture colordiffuse="$INFO[Skin.String(color.500)">backgrounds/bg_fade_3.png</bordertexture>
				    <bordersize>2</bordersize>
				</control>
				<!--rss feed-->
				<control type="rss">
					<top>15</top>
					<height>55</height>
					<width>100%</width>
					<aligny>center</aligny>
					<font>label</font>
					<urlset>1</urlset>
					<textcolor>$INFO[Skin.String(color.500)]</textcolor>
					<titlecolor>$INFO[Skin.String(color.500)]</titlecolor>
					<headlinecolor>white</headlinecolor>
				</control>
			</control>
		</control>
		<!--dialog fade-->
		<include>BehindDialogFadeOut</include>
	</controls>
</window>