<?xml version="1.0" encoding="UTF-8" standalone="yes"?>
<addon id="plugin.video.eagle.blvck" name="[COLORred]EAGLE[COLORgrey]BLVCK[/COLOR]" version="1.0" provider-name="[COLOR orange]By_Black_Eagle[/COLOR]">
	<requires>
		<import addon="xbmc.python" version="3.0.1"/>
		<import addon="script.module.requests" version="2.27.1"/>
	</requires>
	<extension point="xbmc.python.pluginsource" library="addon_entry.py">
		<provides>video</provides>
	</extension>
	<extension point="xbmc.addon.metadata">
		<reuselanguageinvoker>true</reuselanguageinvoker>
		<platform>all</platform>
		<summary>Canais de Televisão, desportos e mais...</summary>
		<description lang="en">[COLOR red]EAGLE [/COLOR] [COLORorange]BLVCK[/COLOR] [COLORorange]é um addon da familia Black Eagle .TODOS OS LINKS ESTÃO DISPONIVEIS NA INTERNET![/COLOR]</description>
		<platform>all</platform>
		<assets>
       <icon>icon.png</icon>
       <fanart>fanart.jpg</fanart>
       <screenshot>resources/screenshots/1.jpg</screenshot>
       <screenshot>resources/screenshots/2.jpg</screenshot>
       <screenshot>resources/screenshots/3.jpg</screenshot>
    </assets>
    </extension>
</addon>
