<?xml version="1.0" encoding="UTF-8"?>
<window id="1132" type="dialog">
	<defaultcontrol always="true">9012</defaultcontrol>
	<onload>ClearProperty(DisableView,1132)</onload>
	<onunload>SetFocus(9012)</onunload>
	<controls>
		<control type="button" id="8999">
			<left>365</left>
			<top>-11</top>
			<width>64</width>
			<height>48</height>
			<label></label>
			<font>CloseButton</font>
			<textcolor>grey</textcolor>
			<focusedcolor>$VAR[ThemeLabelColor]</focusedcolor>
			<onclick>Dialog.Close(1132)</onclick>
			<texturefocus />
			<texturenofocus />
			<visible>system.getbool(input.enablemouse)</visible>
		</control>
		<control type="group">
			<include>WindowSettingsFadeAnimation</include>
			<control type="label">
				<top>80</top>
				<width>400</width>
				<height>48</height>
				<textoffsetx>15</textoffsetx>
				<font>font13_title</font>
				<label>$LOCALIZE[31153]</label>
				<textcolor>$VAR[ThemeLabelColor]</textcolor>
			</control>
			<control type="grouplist" id="9012">
				<top>128</top>
				<width>400</width>
				<height>900</height>
				<onleft>Dialog.Close(1132)</onleft>
				<onright>Dialog.Close(1132)</onright>
				<ondown>9013</ondown>
				<control type="radiobutton" id="1615">
					<description>Disable SongList</description>
					<textwidth>375</textwidth>
					<include>ButtonCommonValues</include>
					<label>$LOCALIZE[31238]</label>
					<onclick>SetProperty(DisableView,True,1132)</onclick>
					<onclick>Skin.ToggleSetting(Disable.SongListView)</onclick>
					<selected>!Skin.HasSetting(Disable.SongListView)</selected>
				</control>
				<control type="radiobutton" id="1611">
					<description>Disable RightList</description>
					<textwidth>375</textwidth>
					<include>ButtonCommonValues</include>
					<label>$LOCALIZE[31239]</label>
					<onclick>SetProperty(DisableView,True,1132)</onclick>
					<onclick>Skin.ToggleSetting(Disable.RightListView)</onclick>
					<selected>!Skin.HasSetting(Disable.RightListView)</selected>
				</control>
				<control type="radiobutton" id="1612">
					<description>Disable FanartList</description>
					<textwidth>375</textwidth>
					<include>ButtonCommonValues</include>
					<label>$LOCALIZE[31240]</label>
					<onclick>SetProperty(DisableView,True,1132)</onclick>
					<onclick>Skin.ToggleSetting(Disable.FanartListView)</onclick>
					<selected>!Skin.HasSetting(Disable.FanartListView)</selected>
				</control>
				<control type="radiobutton" id="1613">
					<description>Disable LowList</description>
					<textwidth>375</textwidth>
					<include>ButtonCommonValues</include>
					<label>$LOCALIZE[31241]</label>
					<onclick>SetProperty(DisableView,True,1132)</onclick>
					<onclick>Skin.ToggleSetting(Disable.LowListView)</onclick>
					<selected>!Skin.HasSetting(Disable.LowListView)</selected>
				</control>
				<control type="radiobutton" id="1636">
					<description>Disable Episode</description>
					<textwidth>375</textwidth>
					<include>ButtonCommonValues</include>
					<label>[CAPITALIZE]$LOCALIZE[36906][/CAPITALIZE]</label>
					<onclick>SetProperty(DisableView,True,1132)</onclick>
					<onclick>Skin.ToggleSetting(Disable.EpisodeView)</onclick>
					<selected>!Skin.HasSetting(Disable.EpisodeView)</selected>
				</control>
				<control type="radiobutton" id="1635">
					<description>Disable Myflix</description>
					<textwidth>375</textwidth>
					<include>ButtonCommonValues</include>
					<label>$LOCALIZE[31244]</label>
					<onclick>SetProperty(DisableView,True,1132)</onclick>
					<onclick>Skin.ToggleSetting(Disable.MyFlixView)</onclick>
					<selected>!Skin.HasSetting(Disable.MyFlixView)</selected>
				</control>
				<control type="radiobutton" id="1616">
					<description>Disable TriPanel</description>
					<textwidth>375</textwidth>
					<include>ButtonCommonValues</include>
					<label>$LOCALIZE[31078]</label>
					<onclick>SetProperty(DisableView,True,1132)</onclick>
					<onclick>Skin.ToggleSetting(Disable.TriPanelView)</onclick>
					<selected>!Skin.HasSetting(Disable.TriPanelView)</selected>
				</control>
				<control type="radiobutton" id="1617">
					<description>Disable Icons</description>
					<textwidth>375</textwidth>
					<include>ButtonCommonValues</include>
					<label>$LOCALIZE[536]</label>
					<onclick>SetProperty(DisableView,True,1132)</onclick>
					<onclick>Skin.ToggleSetting(Disable.IconsView)</onclick>
					<selected>!Skin.HasSetting(Disable.IconsView)</selected>
				</control>
				<control type="radiobutton" id="1619">
					<description>Disable Wall</description>
					<textwidth>375</textwidth>
					<include>ButtonCommonValues</include>
					<label>$LOCALIZE[31245]</label>
					<onclick>SetProperty(DisableView,True,1132)</onclick>
					<onclick>Skin.ToggleSetting(Disable.WallView)</onclick>
					<selected>!Skin.HasSetting(Disable.WallView)</selected>
				</control>
				<control type="radiobutton" id="1621">
					<description>Disable InfoWall</description>
					<textwidth>375</textwidth>
					<include>ButtonCommonValues</include>
					<label>$LOCALIZE[31247]</label>
					<onclick>SetProperty(DisableView,True,1132)</onclick>
					<onclick>Skin.ToggleSetting(Disable.InfoWallView)</onclick>
					<selected>!Skin.HasSetting(Disable.InfoWallView)</selected>
				</control>
			</control>
			<control type="togglebutton" id="9013">
				<visible>!Skin.HasSetting(KioskMode.Enabled)</visible>
				<top>1045</top>
				<width>400</width>
				<align>center</align>
				<textoffsetx>30</textoffsetx>
				<focusedcolor>$VAR[ThemeLabelColor]</focusedcolor>
				<texturefocus />
				<label>$LOCALIZE[31449]</label>
				<onup>9012</onup>
				<ondown>1615</ondown>
				<onclick>ReloadSkin()</onclick>
			</control>
		</control>
	</controls>
</window>