<?xml version="1.0" encoding="UTF-8"?>
<window id="1140" type="dialog">
	<defaultcontrol always="true">9000</defaultcontrol>
	<controls>
		<control type="group">
			<top>64</top>
			<control type="list" id="9000">
				<left>81</left>
				<top>32</top>
				<width>356</width>
				<height>840</height>
				<onleft>9010</onleft>
				<onright>9010</onright>
				<onup>9000</onup>
				<ondown>9000</ondown>
				<pagecontrol />
				<scrolltime tween="quadratic" easing="out">200</scrolltime>
				<include>SettingsFadeAnimation</include>
				<itemlayout height="90" width="356">
					<control type="label">
						<width>356</width>
						<height>90</height>
						<font>font15</font>
						<textoffsetx>20</textoffsetx>
						<textcolor>grey</textcolor>
						<label>$INFO[ListItem.Label]</label>
					</control>
				</itemlayout>
				<focusedlayout height="90" width="356">
					<control type="image">
						<width>356</width>
						<height>90</height>
						<texture colordiffuse="$VAR[HighlightBarColor]" border="4">listselect_fo.png</texture>
						<animation effect="fade" start="100" end="40" time="300" tween="sine" easing="inout" condition="!Control.HasFocus(9000)">Conditional</animation>
					</control>
					<control type="label">
						<width>356</width>
						<height>90</height>
						<font>font15</font>
						<textoffsetx>20</textoffsetx>
						<label>$INFO[ListItem.Label]</label>
						<animation effect="fade" start="100" end="70" time="300" tween="sine" easing="inout" condition="!Control.HasFocus(9000)">Conditional</animation>
					</control>
				</focusedlayout>
				<content>
					<item id="4">
						<label>31493</label>
						<icon />
					</item>
					<item id="2">
						<label>16000</label>
						<icon />
					</item>
					<item id="1">
						<label>513</label>
						<icon />
					</item>
					<item id="3">
						<label>31155</label>
						<icon />
					</item>
				</content>
			</control>
			<control type="textbox">
				<include>SettingsTextboxValues</include>
				<label>$VAR[CustomColorsDescriptionVar]</label>
				<autoscroll time="3000" delay="4000" repeat="5000">true</autoscroll>
				<animation effect="fade" start="0" end="100" time="300" tween="sine" easing="inout">Visible</animation>
				<animation effect="fade" start="100" end="0" time="0" tween="sine" easing="inout">Hidden</animation>
				<visible>ControlGroup(9010).HasFocus()</visible>
			</control>
			<control type="group" id="9010">
				<control type="grouplist" id="9004">
					<left>437</left>
					<top>32</top>
					<width>1401</width>
					<height>810</height>
					<pagecontrol>60</pagecontrol>
					<onleft>9000</onleft>
					<onright>60</onright>
					<onup>9004</onup>
					<ondown>9004</ondown>
					<visible>Container(9000).HasFocus(4)</visible>
					<control type="radiobutton" id="400">
						<label>SiLVO</label>
						<onclick>SetProperty(SetSiLVOSkinColors,True,Home)</onclick>
						<onclick>ActivateWindow(1126)</onclick>
						<include content="CustomColorRadioButton">
							<param name="ColorStringVar">FFFF9800</param>
						</include>
					</control>
					<control type="radiobutton" id="401">
						<label>$LOCALIZE[762]</label>
						<onclick>SetProperty(SetBlueSkinColors,True,Home)</onclick>
						<onclick>ActivateWindow(1126)</onclick>
						<include content="CustomColorRadioButton">
							<param name="ColorStringVar">FF2A52BE</param>
						</include>
					</control>
					<control type="radiobutton" id="402">
						<label>$LOCALIZE[13342]</label>
						<onclick>SetProperty(SetOrangeSkinColors,True,Home)</onclick>
						<onclick>ActivateWindow(1126)</onclick>
						<include content="CustomColorRadioButton">
							<param name="ColorStringVar">FFFF9800</param>
						</include>
					</control>
					<control type="radiobutton" id="403">
						<label>$LOCALIZE[13343]</label>
						<onclick>SetProperty(SetRedSkinColors,True,Home)</onclick>
						<onclick>ActivateWindow(1126)</onclick>
						<include content="CustomColorRadioButton">
							<param name="ColorStringVar">FFD50000</param>
						</include>
					</control>
					<control type="button" id="410">
						<include>SettingsButtonCommonValues</include>
						<label>$LOCALIZE[31496]</label>
						<onclick>SetProperty(ResetSkinColors,True,Home)</onclick>
						<onclick>ActivateWindow(1126)</onclick>
					</control>
				</control>
				<control type="grouplist" id="9001">
					<left>437</left>
					<top>32</top>
					<width>1401</width>
					<height>810</height>
					<pagecontrol>60</pagecontrol>
					<onleft>9000</onleft>
					<onright>60</onright>
					<onup>9001</onup>
					<ondown>9001</ondown>
					<visible>Container(9000).HasFocus(1)</visible>
					<control type="radiobutton" id="100">
						<label>$LOCALIZE[15111]</label>
						<onclick condition="!System.HasAddon(script.skin.helper.colorpicker)">InstallAddon(script.skin.helper.colorpicker)</onclick>
						<onclick condition="System.HasAddon(script.skin.helper.colorpicker)">RunScript(script.skin.helper.colorpicker,skinstring=ThemeHomeLabelColor)</onclick>
						<include content="CustomColorRadioButton">
							<param name="ColorStringVar">$VAR[ThemeHomeLabelColor]</param>
						</include>
					</control>
					<control type="radiobutton" id="109">
						<label>$LOCALIZE[31302]</label>
						<onclick condition="!System.HasAddon(script.skin.helper.colorpicker)">InstallAddon(script.skin.helper.colorpicker)</onclick>
						<onclick condition="System.HasAddon(script.skin.helper.colorpicker)">RunScript(script.skin.helper.colorpicker,skinstring=ThemeHomeMenuBarColor)</onclick>
						<include content="CustomColorRadioButton">
							<param name="ColorStringVar">$VAR[ThemeHomeMenuBarColor]</param>
						</include>
					</control>
					<control type="radiobutton" id="110">
						<label>$LOCALIZE[31522]</label>
						<onclick condition="!System.HasAddon(script.skin.helper.colorpicker)">InstallAddon(script.skin.helper.colorpicker)</onclick>
						<onclick condition="System.HasAddon(script.skin.helper.colorpicker)">RunScript(script.skin.helper.colorpicker,skinstring=ThemeHomeMenuGlowBarColor)</onclick>
						<include content="CustomColorRadioButton">
							<param name="ColorStringVar">$VAR[ThemeHomeMenuGlowBarColor]</param>
						</include>
						<visible>!String.IsEqual(Skin.String(MainMenu.Layout),vertical)</visible>
					</control>
					<control type="radiobutton" id="111">
						<label>$LOCALIZE[31303]</label>
						<onclick condition="!System.HasAddon(script.skin.helper.colorpicker)">InstallAddon(script.skin.helper.colorpicker)</onclick>
						<onclick condition="System.HasAddon(script.skin.helper.colorpicker)">RunScript(script.skin.helper.colorpicker,skinstring=ThemeHomeSystemBarsColor)</onclick>
						<include content="CustomColorRadioButton">
							<param name="ColorStringVar">$VAR[ThemeHomeSystemBarsColor]</param>
						</include>
					</control>
					<control type="radiobutton" id="112">
						<label>$LOCALIZE[31524]</label>
						<onclick condition="!System.HasAddon(script.skin.helper.colorpicker)">InstallAddon(script.skin.helper.colorpicker)</onclick>
						<onclick condition="System.HasAddon(script.skin.helper.colorpicker)">RunScript(script.skin.helper.colorpicker,skinstring=ThemeHomeSystemGlowBarsColor)</onclick>
						<include content="CustomColorRadioButton">
							<param name="ColorStringVar">$VAR[ThemeHomeSystemGlowBarsColor]</param>
						</include>
						<visible>!String.IsEqual(Skin.String(MainMenu.Layout),vertical)</visible>
					</control>
					<control type="radiobutton" id="1130">
						<label>Home Focused Icons Color</label>
						<onclick condition="!System.HasAddon(script.skin.helper.colorpicker)">InstallAddon(script.skin.helper.colorpicker)</onclick>
						<onclick condition="System.HasAddon(script.skin.helper.colorpicker)">RunScript(script.skin.helper.colorpicker,skinstring=ThemeHomeIconsColor)</onclick>
						<include content="CustomColorRadioButton">
							<param name="ColorStringVar">$VAR[ThemeHomeIconsColor]</param>
						</include>
						<visible>String.IsEqual(Skin.String(MainMenu.Layout),icons)</visible>
					</control>
					<control type="radiobutton" id="1140">
						<label>Home UnFocused Icons Color</label>
						<onclick condition="!System.HasAddon(script.skin.helper.colorpicker)">InstallAddon(script.skin.helper.colorpicker)</onclick>
						<onclick condition="System.HasAddon(script.skin.helper.colorpicker)">RunScript(script.skin.helper.colorpicker,skinstring=ThemeHomeUIconsColor)</onclick>
						<include content="CustomColorRadioButton">
							<param name="ColorStringVar">$VAR[ThemeHomeUIconsColor]</param>
						</include>
						<visible>String.IsEqual(Skin.String(MainMenu.Layout),icons)</visible>
					</control>
					
					<control type="radiobutton" id="102">
						<label>$LOCALIZE[31294]</label>
						<onclick condition="!System.HasAddon(script.skin.helper.colorpicker)">InstallAddon(script.skin.helper.colorpicker)</onclick>
						<onclick condition="System.HasAddon(script.skin.helper.colorpicker)">RunScript(script.skin.helper.colorpicker,skinstring=FocusedMainMenuColor)</onclick>
						<include content="CustomColorRadioButton">
							<param name="ColorStringVar">$VAR[FocusedMainMenuColor]</param>
						</include>
					</control>
					<control type="radiobutton" id="103">
						<label>$LOCALIZE[31295]</label>
						<onclick condition="!System.HasAddon(script.skin.helper.colorpicker)">InstallAddon(script.skin.helper.colorpicker)</onclick>
						<onclick condition="System.HasAddon(script.skin.helper.colorpicker)">RunScript(script.skin.helper.colorpicker,skinstring=UnfocusedMainMenuColor)</onclick>
						<include content="CustomColorRadioButton">
							<param name="ColorStringVar">$VAR[UnfocusedMainMenuColor]</param>
						</include>
					</control>
					<control type="radiobutton" id="104">
						<label>$LOCALIZE[31296]</label>
						<onclick condition="!System.HasAddon(script.skin.helper.colorpicker)">InstallAddon(script.skin.helper.colorpicker)</onclick>
						<onclick condition="System.HasAddon(script.skin.helper.colorpicker)">RunScript(script.skin.helper.colorpicker,skinstring=FocusedSubMenuColor)</onclick>
						<include content="CustomColorRadioButton">
							<param name="ColorStringVar">$VAR[FocusedSubMenuColor]</param>
						</include>
					</control>
					<control type="radiobutton" id="105">
						<label>$LOCALIZE[31297]</label>
						<onclick condition="!System.HasAddon(script.skin.helper.colorpicker)">InstallAddon(script.skin.helper.colorpicker)</onclick>
						<onclick condition="System.HasAddon(script.skin.helper.colorpicker)">RunScript(script.skin.helper.colorpicker,skinstring=UnfocusedSubMenuColor)</onclick>
						<include content="CustomColorRadioButton">
							<param name="ColorStringVar">$VAR[UnfocusedSubMenuColor]</param>
						</include>
					</control>
					<control type="radiobutton" id="106">
						<label>$LOCALIZE[31298]</label>
						<onclick condition="!System.HasAddon(script.skin.helper.colorpicker)">InstallAddon(script.skin.helper.colorpicker)</onclick>
						<onclick condition="System.HasAddon(script.skin.helper.colorpicker)">RunScript(script.skin.helper.colorpicker,skinstring=FocusedMainMenuIconLabelColor)</onclick>
						<include content="CustomColorRadioButton">
							<param name="ColorStringVar">$VAR[FocusedMainMenuIconLabelColor]</param>
						</include>
						<visible>String.IsEqual(Skin.String(MainMenu.Layout),icons)</visible>
					</control>
					<control type="radiobutton" id="107">
						<label>$LOCALIZE[31299]</label>
						<onclick condition="!System.HasAddon(script.skin.helper.colorpicker)">InstallAddon(script.skin.helper.colorpicker)</onclick>
						<onclick condition="System.HasAddon(script.skin.helper.colorpicker)">RunScript(script.skin.helper.colorpicker,skinstring=UnfocusedMainMenuIconLabelColor)</onclick>
						<include content="CustomColorRadioButton">
							<param name="ColorStringVar">$VAR[UnfocusedMainMenuIconLabelColor]</param>
						</include>
						<visible>String.IsEqual(Skin.String(MainMenu.Layout),icons)</visible>
					</control>
					<control type="radiobutton" id="6111">
						<label>Shadowcolor</label>
						<onclick condition="!System.HasAddon(script.skin.helper.colorpicker)">InstallAddon(script.skin.helper.colorpicker)</onclick>
						<onclick condition="System.HasAddon(script.skin.helper.colorpicker)">RunScript(script.skin.helper.colorpicker,skinstring=Shadowcolor)</onclick>
						<include content="CustomColorRadioButton">
							<param name="ColorStringVar">$VAR[Shadowcolor]</param>
						</include>
					</control>
					<control type="radiobutton" id="108">
						<label>$LOCALIZE[31220]</label>
						<onclick condition="!System.HasAddon(script.skin.helper.colorpicker)">InstallAddon(script.skin.helper.colorpicker)</onclick>
						<onclick condition="System.HasAddon(script.skin.helper.colorpicker)">RunScript(script.skin.helper.colorpicker,skinstring=RSSFeedColor)</onclick>
						<include content="CustomColorRadioButton">
							<param name="ColorStringVar">$VAR[RSSFeedColor]</param>
						</include>
					</control>
				</control>
				<control type="grouplist" id="9002">
					<left>437</left>
					<top>32</top>
					<width>1401</width>
					<height>810</height>
					<pagecontrol>60</pagecontrol>
					<onleft>9000</onleft>
					<onright>60</onright>
					<onup>9002</onup>
					<ondown>9002</ondown>
					<visible>Container(9000).HasFocus(2)</visible>
					<control type="radiobutton" id="200">
						<label>$LOCALIZE[15111]</label>
						<onclick condition="!System.HasAddon(script.skin.helper.colorpicker)">InstallAddon(script.skin.helper.colorpicker)</onclick>
						<onclick condition="System.HasAddon(script.skin.helper.colorpicker)">RunScript(script.skin.helper.colorpicker,skinstring=ThemeLabelColor)</onclick>
						<include content="CustomColorRadioButton">
							<param name="ColorStringVar">$VAR[ThemeLabelColor]</param>
						</include>
					</control>
					<control type="radiobutton" id="201">
						<label>$LOCALIZE[31304]</label>
						<onclick condition="!System.HasAddon(script.skin.helper.colorpicker)">InstallAddon(script.skin.helper.colorpicker)</onclick>
						<onclick condition="System.HasAddon(script.skin.helper.colorpicker)">RunScript(script.skin.helper.colorpicker,skinstring=HighlightBarColor)</onclick>
						<include content="CustomColorRadioButton">
							<param name="ColorStringVar">$VAR[HighlightBarColor]</param>
						</include>
					</control>
					<control type="radiobutton" id="202">
						<label>$LOCALIZE[31305]</label>
						<onclick condition="!System.HasAddon(script.skin.helper.colorpicker)">InstallAddon(script.skin.helper.colorpicker)</onclick>
						<onclick condition="System.HasAddon(script.skin.helper.colorpicker)">RunScript(script.skin.helper.colorpicker,skinstring=UnWatchedEpColor)</onclick>
						<include content="CustomColorRadioButton">
							<param name="ColorStringVar">$VAR[UnWatchedEpColor]</param>
						</include>
					</control>
					<control type="radiobutton" id="203">
						<label>$LOCALIZE[31252]</label>
						<onclick condition="!System.HasAddon(script.skin.helper.colorpicker)">InstallAddon(script.skin.helper.colorpicker)</onclick>
						<onclick condition="System.HasAddon(script.skin.helper.colorpicker)">RunScript(script.skin.helper.colorpicker,skinstring=TopBarColor)</onclick>
						<include content="CustomColorRadioButton">
							<param name="ColorStringVar">$VAR[TopBarColor]</param>
						</include>
					</control>
					<control type="radiobutton" id="204">
						<label>$LOCALIZE[31346]</label>
						<onclick condition="!System.HasAddon(script.skin.helper.colorpicker)">InstallAddon(script.skin.helper.colorpicker)</onclick>
						<onclick condition="System.HasAddon(script.skin.helper.colorpicker)">RunScript(script.skin.helper.colorpicker,skinstring=ThemeOSDProgressColor)</onclick>
						<include content="CustomColorRadioButton">
							<param name="ColorStringVar">$VAR[ThemeOSDProgressColor]</param>
						</include>
					</control>
				</control>
				<control type="grouplist" id="9003">
					<left>437</left>
					<top>32</top>
					<width>1401</width>
					<height>810</height>
					<pagecontrol>60</pagecontrol>
					<onleft>9000</onleft>
					<onright>60</onright>
					<onup>9003</onup>
					<ondown>9003</ondown>
					<visible>Container(9000).HasFocus(3)</visible>
					<control type="radiobutton" id="300">
						<label>$LOCALIZE[31304]</label>
						<onclick condition="!System.HasAddon(script.skin.helper.colorpicker)">InstallAddon(script.skin.helper.colorpicker)</onclick>
						<onclick condition="System.HasAddon(script.skin.helper.colorpicker)">RunScript(script.skin.helper.colorpicker,skinstring=WidgetHighlightBarColor)</onclick>
						<include content="CustomColorRadioButton">
							<param name="ColorStringVar">$VAR[WidgetHighlightBarColor]</param>
						</include>
					</control>
					<control type="radiobutton" id="301">
						<label>$LOCALIZE[31102]</label>
						<onclick condition="!System.HasAddon(script.skin.helper.colorpicker)">InstallAddon(script.skin.helper.colorpicker)</onclick>
						<onclick condition="System.HasAddon(script.skin.helper.colorpicker)">RunScript(script.skin.helper.colorpicker,skinstring=WidgetBackgroundColor)</onclick>
						<include content="CustomColorRadioButton">
							<param name="ColorStringVar">$VAR[WidgetBackgroundColor]</param>
						</include>
					</control>
				</control>
			</control>
		</control>
	</controls>
</window>