<?xml version="1.0" encoding="UTF-8"?>
<window>
	<defaultcontrol always="true">7</defaultcontrol>
	<controls>
		<!--all content-->
		<control type="group">
			<centerleft>50%</centerleft>
			<width>1210</width>
			<visible>!Window.IsVisible(FileBrowser)</visible>
			<animation effect="slide" start="1925,0" end="0,0" time="400" tween="quadratic" easing="out">WindowOpen</animation>
			<animation effect="slide" start="0,0" end="-1925,0" time="400" tween="quadratic" easing="out">WindowClose</animation>
			<animation effect="slide" start="-1925,0" end="0,0" time="400" tween="quadratic" easing="out">Visible</animation>
			<animation effect="slide" start="0,0" end="-1925,0" time="400" tween="quadratic" easing="out">Hidden</animation>
			<animation effect="slide" start="0,0" end="-35,0" time="300" condition="Window.IsActive(ShutdownMenu) + !String.IsEqual(Skin.AspectRatio,21:9)">Conditional</animation>
			<!--title bars and backgrounds-->
			<control type="image">
			   <top>15%</top>
		       <width>1210</width>
		       <height>780</height>
		       <texture colordiffuse="black">backgrounds/bg_fade_2.png</texture>
			   <bordertexture colordiffuse="$INFO[Skin.String(color.500)]">backgrounds/bg_fade_3.png</bordertexture>
			   <bordersize>2</bordersize>
		    </control>
			<!--main content-->
			<control type="group">
				<!--title-->
				<control type="label">
					<left>300</left>
					<top>180</top>
					<width>1022</width>
					<height>60</height>
					<font>info.title</font>
					<align>left</align>
					<aligny>center</aligny>
					<textcolor>white</textcolor>
					<label>$LOCALIZE[19047]</label>
				</control>
				<!--secondary title-->
				<control type="label">
					<left>60</left>
					<top>270</top>
					<width>1022</width>
					<height>60</height>
					<font>breadcrumb</font>
					<align>left</align>
					<aligny>center</aligny>
					<textcolor>white</textcolor>
					<label>$INFO[ListItem.Title]</label>
				</control>
				<control type="list" id="49">
					<left>50</left>
					<top>340</top>
					<width>855</width>
					<height>330</height>
					<onleft>49</onleft>
					<onright>49</onright>
					<onup>9000</onup>
					<ondown>60</ondown>
					<pagecontrol></pagecontrol>
					<scrolltime>200</scrolltime>
					<itemlayout height="30">
						<control type="label">
							<left>20</left>
							<top>0</top>
							<width>160</width>
							<height>30</height>
							<font>secondary.info</font>
							<align>left</align>
							<aligny>center</aligny>
							<textcolor>$INFO[Skin.String(color.500)]</textcolor>
							<selectedcolor>$INFO[Skin.String(color.500)]</selectedcolor>
							<info>ListItem.Label</info>
						</control>
						<control type="label">
							<left>175</left>
							<top>0</top>
							<width>465</width>
							<height>30</height>
							<font>secondary.info</font>
							<align>left</align>
							<aligny>center</aligny>
							<textcolor>white</textcolor>
							<selectedcolor>white</selectedcolor>
							<info>ListItem.Label2</info>
						</control>
					</itemlayout>
					<focusedlayout height="30">
						<control type="image">
							<left>-3</left>
							<top>6</top>
							<width>20</width>
							<height>20</height>
							<visible>Control.HasFocus(49)</visible>
							<texture colordiffuse="$INFO[Skin.String(color.500)]">buttons/buttoncircle.png</texture>
						</control>
						<control type="label">
							<left>20</left>
							<top>0</top>
							<width>160</width>
							<height>30</height>
							<font>secondary.info</font>
							<align>left</align>
							<aligny>center</aligny>
							<textcolor>$INFO[Skin.String(color.500)]</textcolor>
							<selectedcolor>$INFO[Skin.String(color.500)]</selectedcolor>
							<info>ListItem.Label</info>
						</control>
						<control type="label">
							<left>175</left>
							<top>0</top>
							<width>465</width>
							<height>30</height>
							<font>secondary.info</font>
							<align>left</align>
							<aligny>center</aligny>
							<textcolor>white</textcolor>
							<selectedcolor>white</selectedcolor>
							<info>ListItem.Label2</info>
							<scroll>true</scroll>
						</control>
					</focusedlayout>
					<content>
						<item>
							<label>$LOCALIZE[21442]:</label>
							<label2>$INFO[ListItem.EpisodeName]</label2>
							<visible>!String.IsEmpty(ListItem.EpisodeName)</visible>
						</item>
						<item>
							<label>$LOCALIZE[20373]:</label>
							<label2>$INFO[ListItem.Season]</label2>
							<visible>!String.IsEmpty(ListItem.Season)</visible>
						</item>
						<item>
							<label>$LOCALIZE[20359]:</label>
							<label2>$INFO[ListItem.Episode]</label2>
							<visible>!String.IsEmpty(ListItem.Episode)</visible>
						</item>
						<item>
							<label>$LOCALIZE[19148]:</label>
							<label2>$INFO[ListItem.ChannelName]</label2>
						</item>
						<item>
							<label>$LOCALIZE[142]</label>
							<label2>$INFO[ListItem.StartTime] - $INFO[ListItem.EndTime] ($INFO[ListItem.StartDate])</label2>
						</item>
						<item>
							<label>$LOCALIZE[180]:</label>
							<label2>$INFO[ListItem.Duration]</label2>
						</item>
						<item>
							<label>$LOCALIZE[515]:</label>
							<label2>$INFO[ListItem.Genre]</label2>
						</item>
						<item>
							<label>$LOCALIZE[20417]:</label>
							<label2>$INFO[ListItem.Writer]</label2>
							<visible>!String.IsEmpty(ListItem.Writer)</visible>
						</item>
						<item>
							<label>$LOCALIZE[20339]:</label>
							<label2>$INFO[ListItem.Director]</label2>
							<visible>!String.IsEmpty(ListItem.Director)</visible>
						</item>
						<item>
							<label>$LOCALIZE[206]:</label>
							<label2>$INFO[ListItem.Cast]</label2>
							<visible>!String.IsEmpty(ListItem.Cast)</visible>
						</item>
					</content>
				</control>
				<control type="image">
					<left>840</left>
					<top>340</top>
					<width>312</width>
					<height>185</height>
					<texture background="true">$INFO[ListItem.Icon]</texture>
					<aspectratio align="center" aligny="center">keep</aspectratio>
				</control>
				<control type="label">
					<left>490</left>
					<top>540</top>
					<width>600</width>
					<height>45</height>
					<font>secondary.info.light</font>
					<textcolor>white</textcolor>
					<scroll>true</scroll>
					<align>right</align>
					<aligny>center</aligny>
					<label>[COLOR=$INFO[Skin.String(color.500)]]$LOCALIZE[207][/COLOR]$INFO[Container(400).CurrentPage, ( $LOCALIZE[31024] ]$INFO[Container(400).NumPages,/, )]</label>
				</control>
				<control type="spincontrol" id="60">
					<description>Next page button</description>
					<left>1090</left>
					<top>547</top>
					<subtype>page</subtype>
					<font></font>
					<onleft>60</onleft>
					<onright>60</onright>
					<ondown>9000</ondown>
					<onup>49</onup>
					<textcolor></textcolor>
					<showonepage>true</showonepage>
					<textureupfocus colordiffuse="$INFO[Skin.String(color.500)]">scroll-up-2.png</textureupfocus>
					<texturedownfocus colordiffuse="$INFO[Skin.String(color.500)]">scroll-down-2.png</texturedownfocus>
				</control>
				<control type="textbox" id="400">
					<description>Plot value</description>
					<left>60</left>
					<top>607</top>
					<width>1090</width>
					<height>400</height>
					<font>label</font>
					<align>justify</align>
					<textcolor>white</textcolor>
					<pagecontrol>60</pagecontrol>
					<label fallback="31017">$INFO[ListItem.Plot]</label>
				</control>
			</control>
			<!--bottom buttons-->
			<control type="grouplist" id="9000">
				<centerleft>50%</centerleft>
				<top>860</top>
				<width>1210</width>
				<height>60</height>
				<align>justify</align>
				<orientation>horizontal</orientation>
				<onleft>9000</onleft>
				<onright>9000</onright>
				<onup>60</onup>
				<ondown>49</ondown>
				<!--browse button-->
				<include content="AnimatedCircleButtonGroup">
					<param name="button-id" value="4" />
					<param name="button-width" value="180" />
					<param name="button-visible" value="Window.IsActive(PVRGuideInfo)" />
					<param name="button-texture" value="browsebutton" />
					<param name="button-label" value="19003" />
					<param name="button-onup" value="60" />
					<param name="button-ondown" value="49" />
					<param name="button-onleft" value="7" />
					<param name="button-onright" value="5" />
				</include>
				<!--switch button-->
				<include content="AnimatedCircleButtonGroup">
					<param name="button-id" value="5" />
					<param name="button-width" value="130" />
					<param name="button-visible" value="Window.IsActive(PVRGuideInfo)" />
					<param name="button-texture" value="refreshbutton" />
					<param name="button-label" value="19165" />
					<param name="button-onup" value="60" />
					<param name="button-ondown" value="49" />
					<param name="button-onleft" value="4" />
					<param name="button-onright" value="8" />
				</include>
				<!--play button-->
				<include content="AnimatedCircleButtonGroup">
					<param name="button-id" value="8" />
					<param name="button-width" value="210" />
					<param name="button-visible" value="Window.IsActive(PVRGuideInfo)" />
					<param name="button-texture" value="playbutton" />
					<param name="button-label" value="19687" />
					<param name="button-onup" value="60" />
					<param name="button-ondown" value="49" />
					<param name="button-onleft" value="5" />
					<param name="button-onright" value="6" />
				</include>
				<!--record button-->
				<include content="AnimatedCircleButtonGroup">
					<param name="button-id" value="6" />
					<param name="button-width" value="130" />
					<param name="button-visible" value="Window.IsActive(PVRGuideInfo)" />
					<param name="button-texture" value="recordbutton" />
					<param name="button-onup" value="60" />
					<param name="button-ondown" value="49" />
					<param name="button-onleft" value="8" />
					<param name="button-onright" value="9" />
				</include>
				<!--add timer button-->
				<include content="AnimatedCircleButtonGroup">
					<param name="button-id" value="9" />
					<param name="button-width" value="130" />
					<param name="button-visible" value="Window.IsActive(PVRGuideInfo)" />
					<param name="button-texture" value="settingsbutton" />
					<param name="button-label" value="19061" />
					<param name="button-onup" value="60" />
					<param name="button-ondown" value="49" />
					<param name="button-onleft" value="6" />
					<param name="button-onright" value="7" />
				</include>
				<!--ok button-->
				<include content="AnimatedCircleButtonGroup">
					<param name="button-id" value="7" />
					<param name="button-width" value="130" />
					<param name="button-texture" value="yesbutton" />
					<param name="button-label" value="186" />
					<param name="button-onup" value="60" />
					<param name="button-ondown" value="49" />
					<param name="button-onleft" value="9" />
					<param name="button-onright" value="4" />
				</include>
			</control>
		</control>
	</controls>
</window>