<?xml version="1.0" encoding="UTF-8"?>
<window>
	<animation effect="fade" start="0" end="100" time="200">WindowOpen</animation>
	<animation effect="fade" start="100" end="0" time="200">WindowClose</animation>
	<controls>
		<!--all content-->
		<control type="group">
			<left>664r</left>
			<top>107r</top>
			<width>600</width>
			<height>73</height>
			<animation effect="slide" start="0,0" end="-285,0" time="200" condition="Window.IsVisible(BusyDialog)">conditional</animation>
			<animation effect="slide" start="0,0" end="0,-90" time="200" condition="Window.IsVisible(ExtendedProgressDialog)">conditional</animation>
			<animation effect="slide" start="0,0" end="0,-78" time="200" condition="!Window.IsVisible(Home) + Player.HasMedia + String.IsEmpty(Window(Videos).Property(PlayingBackgroundMedia))">Conditional</animation>
			<!--glow-->
			<control type="image">
				<left>-10</left>
				<top>-10</top>
				<width>624</width>
				<height>93</height>
				<texture colordiffuse="black">backgrounds/bg_fade_2.png</texture>
				<bordertexture colordiffuse="$INFO[Skin.String(color.500)]">backgrounds/bg_fade_6.png</bordertexture>
				<bordersize>2</bordersize>
			</control>
			<!--icon-->
			<control type="image" id="400">
				<description>avatar</description>
				<left>68r</left>
				<top>5</top>
				<width>63</width>
				<height>63</height>
				<aspectratio>keep</aspectratio>
			</control>
			<!--line 1-->
			<control type="fadelabel" id="401">
				<left>10</left>
				<top>8</top>
				<width>512</width>
				<height>27</height>
				<font>kai.primary</font>
				<textcolor>FFFFFFFF</textcolor>
				<align>right</align>
				<aligny>center</aligny>
				<scrollout>false</scrollout>
				<pauseatend>2000</pauseatend>
			</control>
			<!--line 2-->
			<control type="fadelabel" id="402">
				<left>10</left>
				<top>38</top>
				<width>512</width>
				<height>30</height>
				<font>kai.secondary</font>
				<textcolor>FFFFFFFF</textcolor>
				<align>right</align>
				<aligny>center</aligny>
				<scrollout>false</scrollout>
				<pauseatend>2000</pauseatend>
			</control>
		</control>
	</controls>
</window>