<?xml version="1.0" encoding="UTF-8"?>
<includes>
	<include name="HomeSubMenu">
		<control type="group">
			<control type="group">
				<visible>!String.IsEqual(Container(9901).NumItems,0)</visible>
				<left>896</left>
				<top>1000</top>
				<width>128</width>
				<height>46</height>
				<!--side blade tab bg (for fade effect)-->
				<control type="button" id="9903">
					<left>0</left>
					<top>0</top>
					<width>128</width>
					<height>46</height>
					<font></font>
					<texturefocus colordiffuse="black">hassubbg_h.png</texturefocus>
					<texturenofocus colordiffuse="black">hassubbg_h.png</texturenofocus>
				</control>
				<!--side blade tab-->
				<control type="button" id="9902">
					<left>0</left>
					<top>0</top>
					<width>128</width>
					<height>46</height>
					<font></font>
					<texturefocus colordiffuse="$INFO[Skin.String(color.500)]">hassub_h.png</texturefocus>
					<texturenofocus colordiffuse="$INFO[Skin.String(color.500)]">hassub_h.png</texturenofocus>
				</control>
				<!--side blade tab arrow bg (for fade effect)-->
				<control type="image">
					<left>48</left>
					<top>1</top>
					<width>32</width>
					<height>32</height>
					<texture colordiffuse="black">previous-32.png</texture>
					<animation effect="rotate" start="270" end="90" center="auto" time="0" condition="true">Conditional</animation>
					<animation effect="rotate" start="0" end="180" center="auto" time="200" condition="Control.HasFocus(9901) | Control.HasFocus(9902) | Control.HasFocus(9904) | Control.HasFocus(89001) | Control.HasFocus(89002)">Conditional</animation>
				</control>
				<!--side blade tab arrow-->
				<control type="image">
					<left>48</left>
					<top>1</top>
					<width>32</width>
					<height>32</height>
					<texture colordiffuse="white">previous-32.png</texture>
					<animation effect="rotate" start="270" end="90" center="auto" time="0" condition="true">Conditional</animation>
					<animation effect="rotate" start="0" end="180" center="auto" time="200" condition="Control.HasFocus(9901) | Control.HasFocus(9902) | Control.HasFocus(9904) | Control.HasFocus(89001) | Control.HasFocus(89002)">Conditional</animation>
				</control>
			</control>
			<!--fake button for mouse control-->
			<control type="button" id="9904">
				<left>280</left>
				<top>33</top>
				<width>1360</width>
				<height>120</height>
				<label></label>
				<font></font>
				<texturenofocus></texturenofocus>
				<texturefocus></texturefocus>
				<visible>true</visible>
				<onleft>9901</onleft>
				<onright>9901</onright>
				<onup>9901</onup>
				<ondown>9901</ondown>
			</control>
			<!--sub menus-->
			<control type="fixedlist" id="9901">
				<animation effect="fade" start="100" end="0" time="100" condition="!Control.HasFocus(9901)">Conditional</animation>
				<visible allowhiddenfocus="true">Control.HasFocus(9901) | Control.HasFocus(9902) | Control.HasFocus(9904) | Control.HasFocus(89001) | Control.HasFocus(89002)</visible>
				<left>60</left>
				<top>98</top>
				<width>1800</width>
				<height>92</height>
				<onup>9000</onup>
				<ondown>20</ondown>
				<itemgap>0</itemgap>
				<focusposition>2</focusposition>
				<movement>2</movement>
				<orientation>Horizontal</orientation>
				<animation effect="slide" start="0,0" end="-135,0" time="0" condition="String.IsEqual(Container(9901).NumItems,2) | String.IsEqual(Container(9901).NumItems,4)">conditional</animation>
				<animation effect="fade" time="200" delay="200">Hidden</animation>
				<itemlayout height="92" width="360">
					<control type="label">
						<left>10</left>
						<top>0</top>
						<width>340</width>
						<height>92</height>
						<align>center</align>
						<aligny>center</aligny>
						<font>menu.title</font>
						<textcolor>white</textcolor>
						<info>ListItem.Label</info>
					</control>
				</itemlayout>
				<focusedlayout height="90" width="360">
					<control type="image">
						<left>0</left>
						<top>0</top>
						<width>361</width>
						<height>92</height>
						<texture colordiffuse="$INFO[Skin.String(color.500)]">backgrounds/white.png</texture>
						<visible>Control.HasFocus(9901)</visible>
					</control>
					<control type="label">
						<left>9</left>
						<top>0</top>
						<width>340</width>
						<height>97</height>
						<align>center</align>
						<aligny>center</aligny>
						<font>menu.title</font>
						<textcolor>black</textcolor>
						<info>ListItem.Label</info>
						<visible>Control.HasFocus(9901)</visible>
					</control>
					<control type="label">
						<left>10</left>
						<top>0</top>
						<width>340</width>
						<height>92</height>
						<align>center</align>
						<aligny>center</aligny>
						<font>menu.title</font>
						<textcolor>white</textcolor>
						<shadowcolor>black</shadowcolor>
						<info>ListItem.Label</info>
						<visible>Control.HasFocus(9901)</visible>
					</control>
					<control type="label">
						<left>10</left>
						<top>0</top>
						<width>340</width>
						<height>92</height>
						<align>center</align>
						<aligny>center</aligny>
						<font>menu.title</font>
						<textcolor>white</textcolor>
						<info>ListItem.Label</info>
						<visible>!Control.HasFocus(9901)</visible>
					</control>
				</focusedlayout>
				<content>
					<include>skinshortcuts-submenu</include>
				</content>
			</control>
		</control>
	</include>
	<include name="HomeSubMenuArrows">
		<!--left arrow-->
		<control type="group">
			<visible>Container(9901).HasPrevious + Control.IsVisible(9901)</visible>
			<!--left arrow bg-->
			<control type="button" id="89001">
				<left>230</left>
				<top>111</top>
				<width>50</width>
				<height>60</height>
				<texturefocus colordiffuse="$INFO[Skin.String(color.500)]">backgrounds/white.png</texturefocus>
				<texturenofocus colordiffuse="$INFO[Skin.String(color.tertiary)]">backgrounds/white.png</texturenofocus>
				<onclick>Control.Move(9901,-1)</onclick>
			</control>
			<!--left arrow-->
			<control type="image">
				<left>240</left>
				<top>126</top>
				<width>30</width>
				<height>30</height>
				<texture colordiffuse="white">arrow-big-left.png</texture>
				<visible>Container(9901).HasPrevious + !Control.HasFocus(89001)</visible>
			</control>
			<!--left arrow-->
			<control type="image">
				<left>240</left>
				<top>126</top>
				<width>30</width>
				<height>30</height>
				<texture colordiffuse="white">arrow-big-left.png</texture>
				<visible>Container(9901).HasPrevious + Control.HasFocus(89001)</visible>
			</control>
		</control>
		<!--right arrow-->
		<control type="group">
			<visible>Container(9901).HasNext + Control.IsVisible(9901)</visible>
			<!--right arrow bg-->
			<control type="button" id="89002">
				<description>right Arrow</description>
				<left>1640</left>
				<top>111</top>
				<width>50</width>
				<height>60</height>
				<texturefocus colordiffuse="$INFO[Skin.String(color.500)]">backgrounds/white.png</texturefocus>
				<texturenofocus colordiffuse="$INFO[Skin.String(color.tertiary)]">backgrounds/white.png</texturenofocus>
				<onclick>Control.Move(9901,1)</onclick>
			</control>
			<!--right arrow-->
			<control type="image">
				<left>1650</left>
				<top>126</top>
				<width>30</width>
				<height>30</height>
				<texture colordiffuse="white">arrow-big-right.png</texture>
				<visible>Container(9901).HasNext + !Control.HasFocus(89002)</visible>
			</control>
			<!--right arrow-->
			<control type="image">
				<left>1650</left>
				<top>126</top>
				<width>30</width>
				<height>30</height>
				<texture colordiffuse="white">arrow-big-right.png</texture>
				<visible>Container(9901).HasNext + Control.HasFocus(89002)</visible>
			</control>
		</control>
	</include>
	<include name="HomeAddonItemsVideos">
		<item>
			<label>$INFO[system.addontitle(Skin.String(HomeVideosButton1))]</label>
			<onclick>RunAddon($INFO[Skin.String(HomeVideosButton1)])</onclick>
			<icon>$INFO[system.addonicon(Skin.String(HomeVideosButton1))]</icon>
			<thumb></thumb>
			<visible>!String.IsEmpty(Skin.String(HomeVideosButton1))</visible>
		</item>
		<item>
			<label>$INFO[system.addontitle(Skin.String(HomeVideosButton2))]</label>
			<onclick>RunAddon($INFO[Skin.String(HomeVideosButton2)])</onclick>
			<icon>$INFO[system.addonicon(Skin.String(HomeVideosButton2))]</icon>
			<thumb></thumb>
			<visible>!String.IsEmpty(Skin.String(HomeVideosButton2))</visible>
		</item>
		<item>
			<label>$INFO[system.addontitle(Skin.String(HomeVideosButton3))]</label>
			<onclick>RunAddon($INFO[Skin.String(HomeVideosButton3)])</onclick>
			<icon>$INFO[system.addonicon(Skin.String(HomeVideosButton3))]</icon>
			<thumb></thumb>
			<visible>!String.IsEmpty(Skin.String(HomeVideosButton3))</visible>
		</item>
		<item>
			<label>$INFO[system.addontitle(Skin.String(HomeVideosButton4))]</label>
			<onclick>RunAddon($INFO[Skin.String(HomeVideosButton4)])</onclick>
			<icon>$INFO[system.addonicon(Skin.String(HomeVideosButton4))]</icon>
			<thumb></thumb>
			<visible>!String.IsEmpty(Skin.String(HomeVideosButton4))</visible>
		</item>
		<item>
			<label>$INFO[system.addontitle(Skin.String(HomeVideosButton5))]</label>
			<onclick>RunAddon($INFO[Skin.String(HomeVideosButton5)])</onclick>
			<icon>$INFO[system.addonicon(Skin.String(HomeVideosButton5))]</icon>
			<thumb></thumb>
			<visible>!String.IsEmpty(Skin.String(HomeVideosButton5))</visible>
		</item>
	</include>
	<include name="HomeAddonItemsMusic">
		<item>
			<label>$INFO[system.addontitle(Skin.String(HomeMusicButton1))]</label>
			<onclick>RunAddon($INFO[Skin.String(HomeMusicButton1)])</onclick>
			<icon>$INFO[system.addonicon(Skin.String(HomeMusicButton1))]</icon>
			<thumb></thumb>
			<visible>!String.IsEmpty(Skin.String(HomeMusicButton1))</visible>
		</item>
		<item>
			<label>$INFO[system.addontitle(Skin.String(HomeMusicButton2))]</label>
			<onclick>RunAddon($INFO[Skin.String(HomeMusicButton2)])</onclick>
			<icon>$INFO[system.addonicon(Skin.String(HomeMusicButton2))]</icon>
			<thumb></thumb>
			<visible>!String.IsEmpty(Skin.String(HomeMusicButton2))</visible>
		</item>
		<item>
			<label>$INFO[system.addontitle(Skin.String(HomeMusicButton3))]</label>
			<onclick>RunAddon($INFO[Skin.String(HomeMusicButton3)])</onclick>
			<icon>$INFO[system.addonicon(Skin.String(HomeMusicButton3))]</icon>
			<thumb></thumb>
			<visible>!String.IsEmpty(Skin.String(HomeMusicButton3))</visible>
		</item>
		<item>
			<label>$INFO[system.addontitle(Skin.String(HomeMusicButton4))]</label>
			<onclick>RunAddon($INFO[Skin.String(HomeMusicButton4)])</onclick>
			<icon>$INFO[system.addonicon(Skin.String(HomeMusicButton4))]</icon>
			<thumb></thumb>
			<visible>!String.IsEmpty(Skin.String(HomeMusicButton4))</visible>
		</item>
		<item>
			<label>$INFO[system.addontitle(Skin.String(HomeMusicButton5))]</label>
			<onclick>RunAddon($INFO[Skin.String(HomeMusicButton5)])</onclick>
			<icon>$INFO[system.addonicon(Skin.String(HomeMusicButton5))]</icon>
			<thumb></thumb>
			<visible>!String.IsEmpty(Skin.String(HomeMusicButton5))</visible>
		</item>
	</include>
	<include name="HomeAddonItemsPictures">
		<item>
			<label>$INFO[system.addontitle(Skin.String(HomePictureButton1))]</label>
			<onclick>RunAddon($INFO[Skin.String(HomePictureButton1)])</onclick>
			<icon>$INFO[system.addonicon(Skin.String(HomePictureButton1))]</icon>
			<thumb></thumb>
			<visible>!String.IsEmpty(Skin.String(HomePictureButton1))</visible>
		</item>
		<item>
			<label>$INFO[system.addontitle(Skin.String(HomePictureButton2))]</label>
			<onclick>RunAddon($INFO[Skin.String(HomePictureButton2)])</onclick>
			<icon>$INFO[system.addonicon(Skin.String(HomePictureButton2))]</icon>
			<thumb></thumb>
			<visible>!String.IsEmpty(Skin.String(HomePictureButton2))</visible>
		</item>
		<item>
			<label>$INFO[system.addontitle(Skin.String(HomePictureButton3))]</label>
			<onclick>RunAddon($INFO[Skin.String(HomePictureButton3)])</onclick>
			<icon>$INFO[system.addonicon(Skin.String(HomePictureButton3))]</icon>
			<thumb></thumb>
			<visible>!String.IsEmpty(Skin.String(HomePictureButton3))</visible>
		</item>
		<item>
			<label>$INFO[system.addontitle(Skin.String(HomePictureButton4))]</label>
			<onclick>RunAddon($INFO[Skin.String(HomePictureButton4)])</onclick>
			<icon>$INFO[system.addonicon(Skin.String(HomePictureButton4))]</icon>
			<thumb></thumb>
			<visible>!String.IsEmpty(Skin.String(HomePictureButton4))</visible>
		</item>
		<item>
			<label>$INFO[system.addontitle(Skin.String(HomePictureButton5))]</label>
			<onclick>RunAddon($INFO[Skin.String(HomePictureButton5)])</onclick>
			<icon>$INFO[system.addonicon(Skin.String(HomePictureButton5))]</icon>
			<thumb></thumb>
			<visible>!String.IsEmpty(Skin.String(HomePictureButton5))</visible>
		</item>
	</include>
	<include name="HomeAddonItemsPrograms">
		<item>
			<label>$INFO[system.addontitle(Skin.String(HomeProgramButton1))]</label>
			<onclick>RunAddon($INFO[Skin.String(HomeProgramButton1)])</onclick>
			<icon>$INFO[system.addonicon(Skin.String(HomeProgramButton1))]</icon>
			<thumb></thumb>
			<visible>!String.IsEmpty(Skin.String(HomeProgramButton1))</visible>
		</item>
		<item>
			<label>$INFO[system.addontitle(Skin.String(HomeProgramButton2))]</label>
			<onclick>RunAddon($INFO[Skin.String(HomeProgramButton2)])</onclick>
			<icon>$INFO[system.addonicon(Skin.String(HomeProgramButton2))]</icon>
			<thumb></thumb>
			<visible>!String.IsEmpty(Skin.String(HomeProgramButton2))</visible>
		</item>
		<item>
			<label>$INFO[system.addontitle(Skin.String(HomeProgramButton3))]</label>
			<onclick>RunAddon($INFO[Skin.String(HomeProgramButton3)])</onclick>
			<icon>$INFO[system.addonicon(Skin.String(HomeProgramButton3))]</icon>
			<thumb></thumb>
			<visible>!String.IsEmpty(Skin.String(HomeProgramButton3))</visible>
		</item>
		<item>
			<label>$INFO[system.addontitle(Skin.String(HomeProgramButton4))]</label>
			<onclick>RunAddon($INFO[Skin.String(HomeProgramButton4)])</onclick>
			<icon>$INFO[system.addonicon(Skin.String(HomeProgramButton4))]</icon>
			<thumb></thumb>
			<visible>!String.IsEmpty(Skin.String(HomeProgramButton4))</visible>
		</item>
		<item>
			<label>$INFO[system.addontitle(Skin.String(HomeProgramButton5))]</label>
			<onclick>RunAddon($INFO[Skin.String(HomeProgramButton5)])</onclick>
			<icon>$INFO[system.addonicon(Skin.String(HomeProgramButton5))]</icon>
			<thumb></thumb>
			<visible>!String.IsEmpty(Skin.String(HomeProgramButton5))</visible>
		</item>
	</include>
</includes>