<?xml version="1.0" encoding="UTF-8"?>
<includes>
	<include name="ShortListSlide">
		<height>700</height>
		<animation effect="slide" start="0,0" end="0,5" time="0" condition="[String.IsEqual(Container.NumItems,9) + !Container.HasParent] | [String.IsEqual(Container.NumItems,8) + Container.HasParent]">conditional</animation>
		<animation effect="slide" start="0,0" end="0,5" time="0" condition="[String.IsEqual(Container.NumItems,8) + !Container.HasParent] | [String.IsEqual(Container.NumItems,7) + Container.HasParent]">conditional</animation>
		<animation effect="slide" start="0,0" end="0,10" time="0" condition="[String.IsEqual(Container.NumItems,7) + !Container.HasParent] | [String.IsEqual(Container.NumItems,6) + Container.HasParent]">conditional</animation>
		<animation effect="slide" start="0,0" end="0,60" time="0" condition="[String.IsEqual(Container.NumItems,6) + !Container.HasParent] | [String.IsEqual(Container.NumItems,5) + Container.HasParent]">conditional</animation>
		<animation effect="slide" start="0,0" end="0,80" time="0" condition="[String.IsEqual(Container.NumItems,5) + !Container.HasParent] | [String.IsEqual(Container.NumItems,4) + Container.HasParent]">conditional</animation>
		<animation effect="slide" start="0,0" end="0,210" time="0" condition="[String.IsEqual(Container.NumItems,4) + !Container.HasParent] | [String.IsEqual(Container.NumItems,3) + Container.HasParent]">conditional</animation>
		<animation effect="slide" start="0,0" end="0,245" time="0" condition="[String.IsEqual(Container.NumItems,3) + !Container.HasParent] | [String.IsEqual(Container.NumItems,2) + Container.HasParent]">conditional</animation>
		<animation effect="slide" start="0,0" end="0,280" time="0" condition="[String.IsEqual(Container.NumItems,2) + !Container.HasParent] | [String.IsEqual(Container.NumItems,1) + Container.HasParent]">conditional</animation>
		<animation effect="slide" start="0,0" end="0,315" time="0" condition="[String.IsEqual(Container.NumItems,1) + !Container.HasParent] | [String.IsEqual(Container.NumItems,0) + Container.HasParent]">conditional</animation>
	</include>
	<include name="TallListSlide">
		<height>1050</height>
		<animation effect="slide" start="0,0" end="0,35" time="0" condition="[String.IsEqual(Container.NumItems,14) + !Container.HasParent] | [String.IsEqual(Container.NumItems,13) + Container.HasParent]">conditional</animation>
		<animation effect="slide" start="0,0" end="0,70" time="0" condition="[String.IsEqual(Container.NumItems,13) + !Container.HasParent] | [String.IsEqual(Container.NumItems,12) + Container.HasParent]">conditional</animation>
		<animation effect="slide" start="0,0" end="0,105" time="0" condition="[String.IsEqual(Container.NumItems,12) + !Container.HasParent] | [String.IsEqual(Container.NumItems,11) + Container.HasParent]">conditional</animation>
		<animation effect="slide" start="0,0" end="0,140" time="0" condition="[String.IsEqual(Container.NumItems,11) + !Container.HasParent] | [String.IsEqual(Container.NumItems,10) + Container.HasParent]">conditional</animation>
		<animation effect="slide" start="0,0" end="0,175" time="0" condition="[String.IsEqual(Container.NumItems,10) + !Container.HasParent] | [String.IsEqual(Container.NumItems,9) + Container.HasParent]">conditional</animation>
		<animation effect="slide" start="0,0" end="0,210" time="0" condition="[String.IsEqual(Container.NumItems,9) + !Container.HasParent] | [String.IsEqual(Container.NumItems,8) + Container.HasParent]">conditional</animation>
		<animation effect="slide" start="0,0" end="0,245" time="0" condition="[String.IsEqual(Container.NumItems,8) + !Container.HasParent] | [String.IsEqual(Container.NumItems,7) + Container.HasParent]">conditional</animation>
		<animation effect="slide" start="0,0" end="0,280" time="0" condition="[String.IsEqual(Container.NumItems,7) + !Container.HasParent] | [String.IsEqual(Container.NumItems,6) + Container.HasParent]">conditional</animation>
		<animation effect="slide" start="0,0" end="0,315" time="0" condition="[String.IsEqual(Container.NumItems,6) + !Container.HasParent] | [String.IsEqual(Container.NumItems,5) + Container.HasParent]">conditional</animation>
		<animation effect="slide" start="0,0" end="0,350" time="0" condition="[String.IsEqual(Container.NumItems,5) + !Container.HasParent] | [String.IsEqual(Container.NumItems,4) + Container.HasParent]">conditional</animation>
		<animation effect="slide" start="0,0" end="0,385" time="0" condition="[String.IsEqual(Container.NumItems,4) + !Container.HasParent] | [String.IsEqual(Container.NumItems,3) + Container.HasParent]">conditional</animation>
		<animation effect="slide" start="0,0" end="0,420" time="0" condition="[String.IsEqual(Container.NumItems,3) + !Container.HasParent] | [String.IsEqual(Container.NumItems,2) + Container.HasParent]">conditional</animation>
		<animation effect="slide" start="0,0" end="0,455" time="0" condition="[String.IsEqual(Container.NumItems,2) + !Container.HasParent] | [String.IsEqual(Container.NumItems,1) + Container.HasParent]">conditional</animation>
		<animation effect="slide" start="0,0" end="0,490" time="0" condition="[String.IsEqual(Container.NumItems,1) + !Container.HasParent] | [String.IsEqual(Container.NumItems,0) + Container.HasParent]">conditional</animation>
	</include>
	<include name="ShortFatListSlide">
		<height>700</height>
		<animation effect="slide" start="0,0" end="0,50" time="0" condition="[String.IsEqual(Container.NumItems,6) + !Container.HasParent] | [String.IsEqual(Container.NumItems,5) + Container.HasParent]">conditional</animation>
		<animation effect="slide" start="0,0" end="0,100" time="0" condition="[String.IsEqual(Container.NumItems,5) + !Container.HasParent] | [String.IsEqual(Container.NumItems,4) + Container.HasParent]">conditional</animation>
		<animation effect="slide" start="0,0" end="0,150" time="0" condition="[String.IsEqual(Container.NumItems,4) + !Container.HasParent] | [String.IsEqual(Container.NumItems,3) + Container.HasParent]">conditional</animation>
		<animation effect="slide" start="0,0" end="0,200" time="0" condition="[String.IsEqual(Container.NumItems,3) + !Container.HasParent] | [String.IsEqual(Container.NumItems,2) + Container.HasParent]">conditional</animation>
		<animation effect="slide" start="0,0" end="0,250" time="0" condition="[String.IsEqual(Container.NumItems,2) + !Container.HasParent] | [String.IsEqual(Container.NumItems,1) + Container.HasParent]">conditional</animation>
		<animation effect="slide" start="0,0" end="0,300" time="0" condition="[String.IsEqual(Container.NumItems,1) + !Container.HasParent] | [String.IsEqual(Container.NumItems,0) + Container.HasParent]">conditional</animation>
	</include>
	<include name="TallFatListSlide">
		<height>1000</height>
		<animation effect="slide" start="0,0" end="0,50" time="0" condition="[String.IsEqual(Container.NumItems,9) + !Container.HasParent] | [String.IsEqual(Container.NumItems,8) + Container.HasParent]">conditional</animation>
		<animation effect="slide" start="0,0" end="0,100" time="0" condition="[String.IsEqual(Container.NumItems,8) + !Container.HasParent] | [String.IsEqual(Container.NumItems,7) + Container.HasParent]">conditional</animation>
		<animation effect="slide" start="0,0" end="0,150" time="0" condition="[String.IsEqual(Container.NumItems,7) + !Container.HasParent] | [String.IsEqual(Container.NumItems,6) + Container.HasParent]">conditional</animation>
		<animation effect="slide" start="0,0" end="0,200" time="0" condition="[String.IsEqual(Container.NumItems,6) + !Container.HasParent] | [String.IsEqual(Container.NumItems,5) + Container.HasParent]">conditional</animation>
		<animation effect="slide" start="0,0" end="0,250" time="0" condition="[String.IsEqual(Container.NumItems,5) + !Container.HasParent] | [String.IsEqual(Container.NumItems,4) + Container.HasParent]">conditional</animation>
		<animation effect="slide" start="0,0" end="0,300" time="0" condition="[String.IsEqual(Container.NumItems,4) + !Container.HasParent] | [String.IsEqual(Container.NumItems,3) + Container.HasParent]">conditional</animation>
		<animation effect="slide" start="0,0" end="0,350" time="0" condition="[String.IsEqual(Container.NumItems,3) + !Container.HasParent] | [String.IsEqual(Container.NumItems,2) + Container.HasParent]">conditional</animation>
		<animation effect="slide" start="0,0" end="0,400" time="0" condition="[String.IsEqual(Container.NumItems,2) + !Container.HasParent] | [String.IsEqual(Container.NumItems,1) + Container.HasParent]">conditional</animation>
		<animation effect="slide" start="0,0" end="0,450" time="0" condition="[String.IsEqual(Container.NumItems,1) + !Container.HasParent] | [String.IsEqual(Container.NumItems,0) + Container.HasParent]">conditional</animation>
	</include>
	<include name="ShortListPVRSlide">
		<height>700</height>
		<animation effect="slide" start="0,0" end="0,35" time="0" condition="[String.IsEqual(Container.NumItems,8) + !Container.HasParent] | [String.IsEqual(Container.NumItems,7) + Container.HasParent]">conditional</animation>
		<animation effect="slide" start="0,0" end="0,70" time="0" condition="[String.IsEqual(Container.NumItems,7) + !Container.HasParent] | [String.IsEqual(Container.NumItems,6) + Container.HasParent]">conditional</animation>
		<animation effect="slide" start="0,0" end="0,105" time="0" condition="[String.IsEqual(Container.NumItems,6) + !Container.HasParent] | [String.IsEqual(Container.NumItems,5) + Container.HasParent]">conditional</animation>
		<animation effect="slide" start="0,0" end="0,140" time="0" condition="[String.IsEqual(Container.NumItems,5) + !Container.HasParent] | [String.IsEqual(Container.NumItems,4) + Container.HasParent]">conditional</animation>
		<animation effect="slide" start="0,0" end="0,175" time="0" condition="[String.IsEqual(Container.NumItems,4) + !Container.HasParent] | [String.IsEqual(Container.NumItems,3) + Container.HasParent]">conditional</animation>
		<animation effect="slide" start="0,0" end="0,210" time="0" condition="[String.IsEqual(Container.NumItems,3) + !Container.HasParent] | [String.IsEqual(Container.NumItems,2) + Container.HasParent]">conditional</animation>
		<animation effect="slide" start="0,0" end="0,245" time="0" condition="[String.IsEqual(Container.NumItems,2) + !Container.HasParent] | [String.IsEqual(Container.NumItems,1) + Container.HasParent]">conditional</animation>
		<animation effect="slide" start="0,0" end="0,280" time="0" condition="[String.IsEqual(Container.NumItems,1) + !Container.HasParent] | [String.IsEqual(Container.NumItems,0) + Container.HasParent]">conditional</animation>
	</include>
	<include name="TallListPVRSlide">
		<height>1050</height>
		<animation effect="slide" start="0,0" end="0,35" time="0" condition="[String.IsEqual(Container.NumItems,13) + !Container.HasParent] | [String.IsEqual(Container.NumItems,12) + Container.HasParent]">conditional</animation>
		<animation effect="slide" start="0,0" end="0,70" time="0" condition="[String.IsEqual(Container.NumItems,12) + !Container.HasParent] | [String.IsEqual(Container.NumItems,11) + Container.HasParent]">conditional</animation>
		<animation effect="slide" start="0,0" end="0,105" time="0" condition="[String.IsEqual(Container.NumItems,11) + !Container.HasParent] | [String.IsEqual(Container.NumItems,10) + Container.HasParent]">conditional</animation>
		<animation effect="slide" start="0,0" end="0,140" time="0" condition="[String.IsEqual(Container.NumItems,10) + !Container.HasParent] | [String.IsEqual(Container.NumItems,9) + Container.HasParent]">conditional</animation>
		<animation effect="slide" start="0,0" end="0,175" time="0" condition="[String.IsEqual(Container.NumItems,9) + !Container.HasParent] | [String.IsEqual(Container.NumItems,8) + Container.HasParent]">conditional</animation>
		<animation effect="slide" start="0,0" end="0,210" time="0" condition="[String.IsEqual(Container.NumItems,8) + !Container.HasParent] | [String.IsEqual(Container.NumItems,7) + Container.HasParent]">conditional</animation>
		<animation effect="slide" start="0,0" end="0,245" time="0" condition="[String.IsEqual(Container.NumItems,7) + !Container.HasParent] | [String.IsEqual(Container.NumItems,6) + Container.HasParent]">conditional</animation>
		<animation effect="slide" start="0,0" end="0,280" time="0" condition="[String.IsEqual(Container.NumItems,6) + !Container.HasParent] | [String.IsEqual(Container.NumItems,5) + Container.HasParent]">conditional</animation>
		<animation effect="slide" start="0,0" end="0,315" time="0" condition="[String.IsEqual(Container.NumItems,5) + !Container.HasParent] | [String.IsEqual(Container.NumItems,4) + Container.HasParent]">conditional</animation>
		<animation effect="slide" start="0,0" end="0,350" time="0" condition="[String.IsEqual(Container.NumItems,4) + !Container.HasParent] | [String.IsEqual(Container.NumItems,3) + Container.HasParent]">conditional</animation>
		<animation effect="slide" start="0,0" end="0,385" time="0" condition="[String.IsEqual(Container.NumItems,3) + !Container.HasParent] | [String.IsEqual(Container.NumItems,2) + Container.HasParent]">conditional</animation>
		<animation effect="slide" start="0,0" end="0,420" time="0" condition="[String.IsEqual(Container.NumItems,2) + !Container.HasParent] | [String.IsEqual(Container.NumItems,1) + Container.HasParent]">conditional</animation>
		<animation effect="slide" start="0,0" end="0,455" time="0" condition="[String.IsEqual(Container.NumItems,1) + !Container.HasParent] | [String.IsEqual(Container.NumItems,0) + Container.HasParent]">conditional</animation>
	</include>
	<include name="ShortListGuideSlide">
		<height>720</height>
		<animation effect="slide" start="0,0" end="0,35" time="0" condition="[String.IsEqual(Container.NumItems,7) + !Container.HasParent] | [String.IsEqual(Container.NumItems,6) + Container.HasParent]">conditional</animation>
		<animation effect="slide" start="0,0" end="0,70" time="0" condition="[String.IsEqual(Container.NumItems,6) + !Container.HasParent] | [String.IsEqual(Container.NumItems,5) + Container.HasParent]">conditional</animation>
		<animation effect="slide" start="0,0" end="0,105" time="0" condition="[String.IsEqual(Container.NumItems,5) + !Container.HasParent] | [String.IsEqual(Container.NumItems,4) + Container.HasParent]">conditional</animation>
		<animation effect="slide" start="0,0" end="0,140" time="0" condition="[String.IsEqual(Container.NumItems,4) + !Container.HasParent] | [String.IsEqual(Container.NumItems,3) + Container.HasParent]">conditional</animation>
		<animation effect="slide" start="0,0" end="0,175" time="0" condition="[String.IsEqual(Container.NumItems,3) + !Container.HasParent] | [String.IsEqual(Container.NumItems,2) + Container.HasParent]">conditional</animation>
		<animation effect="slide" start="0,0" end="0,210" time="0" condition="[String.IsEqual(Container.NumItems,2) + !Container.HasParent] | [String.IsEqual(Container.NumItems,1) + Container.HasParent]">conditional</animation>
		<animation effect="slide" start="0,0" end="0,245" time="0" condition="[String.IsEqual(Container.NumItems,1) + !Container.HasParent] | [String.IsEqual(Container.NumItems,0) + Container.HasParent]">conditional</animation>
	</include>
	<include name="TallListGuideSlide">
		<height>1070</height>
		<animation effect="slide" start="0,0" end="0,35" time="0" condition="[String.IsEqual(Container.NumItems,12) + !Container.HasParent] | [String.IsEqual(Container.NumItems,11) + Container.HasParent]">conditional</animation>
		<animation effect="slide" start="0,0" end="0,70" time="0" condition="[String.IsEqual(Container.NumItems,11) + !Container.HasParent] | [String.IsEqual(Container.NumItems,10) + Container.HasParent]">conditional</animation>
		<animation effect="slide" start="0,0" end="0,105" time="0" condition="[String.IsEqual(Container.NumItems,10) + !Container.HasParent] | [String.IsEqual(Container.NumItems,9) + Container.HasParent]">conditional</animation>
		<animation effect="slide" start="0,0" end="0,140" time="0" condition="[String.IsEqual(Container.NumItems,9) + !Container.HasParent] | [String.IsEqual(Container.NumItems,8) + Container.HasParent]">conditional</animation>
		<animation effect="slide" start="0,0" end="0,175" time="0" condition="[String.IsEqual(Container.NumItems,8) + !Container.HasParent] | [String.IsEqual(Container.NumItems,7) + Container.HasParent]">conditional</animation>
		<animation effect="slide" start="0,0" end="0,210" time="0" condition="[String.IsEqual(Container.NumItems,7) + !Container.HasParent] | [String.IsEqual(Container.NumItems,6) + Container.HasParent]">conditional</animation>
		<animation effect="slide" start="0,0" end="0,245" time="0" condition="[String.IsEqual(Container.NumItems,6) + !Container.HasParent] | [String.IsEqual(Container.NumItems,5) + Container.HasParent]">conditional</animation>
		<animation effect="slide" start="0,0" end="0,280" time="0" condition="[String.IsEqual(Container.NumItems,5) + !Container.HasParent] | [String.IsEqual(Container.NumItems,4) + Container.HasParent]">conditional</animation>
		<animation effect="slide" start="0,0" end="0,315" time="0" condition="[String.IsEqual(Container.NumItems,4) + !Container.HasParent] | [String.IsEqual(Container.NumItems,3) + Container.HasParent]">conditional</animation>
		<animation effect="slide" start="0,0" end="0,350" time="0" condition="[String.IsEqual(Container.NumItems,3) + !Container.HasParent] | [String.IsEqual(Container.NumItems,2) + Container.HasParent]">conditional</animation>
		<animation effect="slide" start="0,0" end="0,385" time="0" condition="[String.IsEqual(Container.NumItems,2) + !Container.HasParent] | [String.IsEqual(Container.NumItems,1) + Container.HasParent]">conditional</animation>
		<animation effect="slide" start="0,0" end="0,420" time="0" condition="[String.IsEqual(Container.NumItems,1) + !Container.HasParent] | [String.IsEqual(Container.NumItems,0) + Container.HasParent]">conditional</animation>
	</include>
	<include name="ShortListContainer">
		<centertop>50%</centertop>
		<height>700</height>
	</include>
	<include name="TallListContainer">
		<centertop>50%</centertop>
		<height>1050</height>
	</include>
	<include name="TallFatListContainer">
		<centertop>50%</centertop>
		<height>1000</height>
	</include>
	<include name="ShortListPVR">
		<height>630</height>
	</include>
	<include name="TallListPVR">
		<height>980</height>
	</include>
	<include name="ShortListGuide">
		<height>720</height>
	</include>
	<include name="TallListGuide">
		<height>1070</height>
	</include>
</includes>