<?xml version="1.0" encoding="UTF-8"?>
<window>
	<defaultcontrol always="true">50</defaultcontrol>
	<menucontrol>9000</menucontrol>
	<views>50</views>
	<controls>
		<include>CommonBackground</include>
		<!--all content-->
		<control type="group">
		<left>30</left>
		<control type="image">
			<include>FullscreenDimensions</include>
		    <left>0</left>
		    <top>20</top>
		    <width>98.4%</width>
		    <height>10%</height>
		    <texture colordiffuse="black">backgrounds/bg_fade_2.png</texture>
			<bordertexture colordiffuse="$INFO[Skin.String(color.500)]">backgrounds/bg_fade_3.png</bordertexture>
			<bordersize>2</bordersize>
		  </control>
		<control type="image">
			<include>FullscreenDimensions</include>
		    <left>0</left>
		    <top>950</top>
		    <width>98.4%</width>
		    <height>10%</height>
		    <texture colordiffuse="black">backgrounds/bg_fade_2.png</texture>
			<bordertexture colordiffuse="$INFO[Skin.String(color.500)]">backgrounds/bg_fade_3.png</bordertexture>
			<bordersize>2</bordersize>
		  </control>
	    </control>	
		
	    <control type="group">
		<include>Window_OpenClose_Animation</include>
		<visible>!Skin.HasSetting(Clock)</visible>
			<control type="image">
				<right>62</right>
				<top>45</top>
				<width>250</width>
				<height>60</height>
				<texture colordiffuse="FF2E2E2E">backgrounds/bg_fade_7.png</texture>
				<bordertexture colordiffuse="$INFO[Skin.String(color.500)]">backgrounds/bg_fade_4.png</bordertexture>
			    <bordersize>2</bordersize>
			</control>
			<control type="label">
				<right>177</right>
				<top>45</top>
				<width>200</width>
				<height>60</height>
				<align>right</align>
				<aligny>center</aligny>
				<font>fontContextMenu</font>
				<textcolor>white</textcolor>
				<label>$INFO[System.Time(hh:mm)]</label>
			</control>
			<control type="label">
				<right>107</right>
				<top>45</top>
				<width>70</width>
				<height>60</height>
				<align>left</align>
				<aligny>center</aligny>
				<font>fontContextMenu</font>
				<textcolor>white</textcolor>
				<label>:$INFO[System.Time(ss)]</label>
			</control>
			<control type="image">
				<left>60</left>
				<top>45</top>
				<width>250</width>
				<height>60</height>
				<texture colordiffuse="FF2E2E2E">backgrounds/bg_fade_7.png</texture>
			    <bordertexture colordiffuse="$INFO[Skin.String(color.500)]">backgrounds/bg_fade_4.png</bordertexture>
				<bordersize>2</bordersize>
			</control>
			<control type="label">
				<left>111</left>
				<top>45</top>
				<width>360</width>
				<height>60</height>
				<align>left</align>
				<aligny>center</aligny>
				<font>fontContextMenu</font>
				<textcolor>white</textcolor>
				<label>$INFO[System.Date(dd:mm:yyyy]</label>
			</control>
		</control>
			
		<control type="group">
			<visible>!Skin.HasSetting(Playerinfo)</visible>
			<control type="group">
				<visible>VideoPlayer.Content(Movies)</visible>
				<control type="image">
					<left>60</left>
					<top>220r</top>
					<width>805</width>
					<height>92</height>
					<texture colordiffuse="black">backgrounds/bg_fade_2.png</texture>
				    <bordertexture colordiffuse="$INFO[Skin.String(color.500)]">backgrounds/bg_fade_3.png</bordertexture>
				    <bordersize>2</bordersize>
				</control>
				<control type="image">
					<left>50</left>
					<top>210r</top>
					<width>70</width>
					<height>70</height>
					<texture>osd/play.png</texture>
				</control>
				<control type="label">
					<left>115</left>
					<width>505</width>
					<top>210r</top>
					<height>45</height>
					<align>left</align>
					<aligny>center</aligny>
					<font>breadcrumb</font>
					<textcolor>$INFO[Skin.String(color.500)]</textcolor>
					<shadowcolor>black</shadowcolor>
					<label>$INFO[Player.Title]</label>
					<scroll>true</scroll>
				</control>
				<control type="label">
					<left>115</left>
					<width>735</width>
					<top>175r</top>
					<height>38</height>
					<align>left</align>
					<aligny>center</aligny>
					<font>breadcrumb.secondary</font>
					<textcolor>white</textcolor>
					<label>$INFO[VideoPlayer.Studio]</label>
					<scroll>true</scroll>
				</control>
				<control type="label">
					<left>555</left>
					<width>300</width>
					<top>205r</top>
					<height>45</height>
					<align>right</align>
					<aligny>center</aligny>
					<font>breadcrumb.secondary</font>
					<textcolor>white</textcolor>
					<label>$INFO[Player.Time] / $INFO[Player.Duration,]</label>
				</control>
			</control>
			<control type="group">
				<visible>VideoPlayer.Content(Episodes)</visible>
				<control type="image">
					<left>60</left>
					<top>220r</top>
					<width>805</width>
					<height>92</height>
					<texture colordiffuse="black">backgrounds/bg_fade_2.png</texture>
				    <bordertexture colordiffuse="$INFO[Skin.String(color.500)]">backgrounds/bg_fade_3.png</bordertexture>
				    <bordersize>2</bordersize>
				</control>
				<control type="image">
					<left>50</left>
					<top>210r</top>
					<width>70</width>
					<height>70</height>
					<texture>osd/play.png</texture>
				</control>
				<control type="label">
					<left>115</left>
					<width>505</width>
					<top>210r</top>
					<height>45</height>
					<align>left</align>
					<aligny>center</aligny>
					<font>breadcrumb</font>
					<textcolor>$INFO[Skin.String(color.500)]</textcolor>
					<shadowcolor>black</shadowcolor>
					<label>$INFO[Player.Title]</label>
					<scroll>true</scroll>
				</control>
				<control type="label">
					<left>115</left>
					<width>735</width>
					<top>175r</top>
					<height>38</height>
					<align>left</align>
					<aligny>center</aligny>
					<font>breadcrumb.secondary</font>
					<textcolor>white</textcolor>
					<label>$INFO[VideoPlayer.TVShowTitle] ($INFO[VideoPlayer.Season,$LOCALIZE[20373] , - ]$INFO[VideoPlayer.episode,$LOCALIZE[20359] ,])</label>
					<scroll>true</scroll>
				</control>
				<control type="label">
					<left>555</left>
					<width>300</width>
					<top>205r</top>
					<height>45</height>
					<align>right</align>
					<aligny>center</aligny>
					<font>breadcrumb.secondary</font>
					<textcolor>white</textcolor>
					<label>$INFO[Player.Time] / $INFO[Player.Duration,]</label>
				</control>
			</control>
			<control type="group">
				<visible>Player.HasVideo</visible>
				<visible>!VideoPlayer.Content(Movies) + !VideoPlayer.Content(Episodes) + !VideoPlayer.Content(LiveTV)</visible>
				<control type="image">
					<left>60</left>
					<top>220r</top>
					<width>805</width>
					<height>92</height>
					<texture colordiffuse="black">backgrounds/bg_fade_2.png</texture>
				    <bordertexture colordiffuse="$INFO[Skin.String(color.500)]">backgrounds/bg_fade_3.png</bordertexture>
				    <bordersize>2</bordersize>
				</control>
				<control type="image">
					<left>50</left>
					<top>210r</top>
					<width>70</width>
					<height>70</height>
					<texture>osd/play.png</texture>
				</control>
				<control type="label">
				<left>115</left>
					<width>505</width>
					<top>210r</top>
					<height>45</height>
					<align>left</align>
					<aligny>center</aligny>
					<font>breadcrumb</font>
					<textcolor>$INFO[Skin.String(color.500)]</textcolor>
					<shadowcolor>black</shadowcolor>
					<label>$INFO[Player.Title]</label>
				</control>
				<control type="label">
				<left>555</left>
					<width>300</width>
					<top>205r</top>
					<height>45</height>
					<align>right</align>
					<aligny>center</aligny>
					<font>breadcrumb.secondary</font>
					<textcolor>white</textcolor>
					<label>$INFO[Player.Time] / $INFO[Player.Duration,]</label>
				</control>
			</control>
			<control type="group">
				<visible>VideoPlayer.Content(LiveTV)</visible>
				<control type="image">
					<left>60</left>
					<top>220r</top>
					<width>805</width>
					<height>92</height>
					<texture colordiffuse="black">backgrounds/bg_fade_2.png</texture>
				    <bordertexture colordiffuse="$INFO[Skin.String(color.500)]">backgrounds/bg_fade_3.png</bordertexture>
				    <bordersize>2</bordersize>
				</control>
				<control type="image">
					<left>50</left>
					<top>210r</top>
					<width>70</width>
					<height>70</height>
					<texture>osd/play.png</texture>
				</control>
				<control type="label">
					<left>115</left>
					<width>505</width>
					<top>210r</top>
					<height>45</height>
					<align>left</align>
					<aligny>center</aligny>
					<font>breadcrumb</font>
					<textcolor>$INFO[Skin.String(color.500)]</textcolor>
					<shadowcolor>black</shadowcolor>
					<label>$INFO[Player.Title]</label>
				</control>
				<control type="label">
					<left>115</left>
					<width>735</width>
					<top>175r</top>
					<height>38</height>
					<align>left</align>
					<aligny>center</aligny>
					<font>breadcrumb.secondary</font>
					<textcolor>white</textcolor>
					<label>$INFO[VideoPlayer.ChannelName]</label>
					<scroll>true</scroll>
				</control>
				<control type="label">
					<left>555</left>
					<width>300</width>
					<top>205r</top>
					<height>45</height>
					<align>right</align>
					<aligny>center</aligny>
					<font>breadcrumb.secondary</font>
					<textcolor>white</textcolor>
					<label>$INFO[Player.Time] / $INFO[Player.Duration,]</label>
				</control>
			</control>
			<control type="group">
				<visible>VideoPlayer.Content(Radio)</visible>
				<control type="image">
					<left>60</left>
					<top>220r</top>
					<width>805</width>
					<height>92</height>
					<texture colordiffuse="black">backgrounds/bg_fade_2.png</texture>
				    <bordertexture colordiffuse="$INFO[Skin.String(color.500)]">backgrounds/bg_fade_3.png</bordertexture>
				    <bordersize>2</bordersize>
				</control>
				<control type="image">
					<left>50</left>
					<top>210r</top>
					<width>70</width>
					<height>70</height>
					<texture>osd/play.png</texture>
				</control>
				<control type="label">
					<left>115</left>
					<width>505</width>
					<top>210r</top>
					<height>45</height>
					<align>left</align>
					<aligny>center</aligny>
					<font>breadcrumb</font>
					<textcolor>$INFO[Skin.String(color.500)]</textcolor>
					<shadowcolor>black</shadowcolor>
					<label>$INFO[Player.Title]</label>
				</control>
				<control type="label">
					<left>115</left>
					<width>735</width>
					<top>175r</top>
					<height>38</height>
					<align>left</align>
					<aligny>center</aligny>
					<font>breadcrumb.secondary</font>
					<textcolor>white</textcolor>
					<label>$INFO[VideoPlayer.ChannelName]</label>
					<scroll>true</scroll>
				</control>
				<control type="label">
					<left>555</left>
					<width>300</width>
					<top>205r</top>
					<height>45</height>
					<align>right</align>
					<aligny>center</aligny>
					<font>breadcrumb.secondary</font>
					<textcolor>white</textcolor>
					<label>$INFO[Player.Time] / $INFO[Player.Duration,]</label>
				</control>
			</control>
			<control type="group">
				<visible>Player.HasAudio + !VideoPlayer.Content(Radio)</visible>
				<control type="image">
					<left>60</left>
					<top>220r</top>
					<width>805</width>
					<height>92</height>
					<texture colordiffuse="black">backgrounds/bg_fade_2.png</texture>
				    <bordertexture colordiffuse="$INFO[Skin.String(color.500)]">backgrounds/bg_fade_3.png</bordertexture>
				    <bordersize>2</bordersize>
				</control>
				<control type="image">
					<left>50</left>
					<top>210r</top>
					<width>70</width>
					<height>70</height>
					<texture>osd/play.png</texture>
				</control>
				<control type="label">
					<left>115</left>
					<width>505</width>
					<top>210r</top>
					<height>45</height>
					<align>left</align>
					<aligny>center</aligny>
					<font>breadcrumb</font>
					<textcolor>$INFO[Skin.String(color.500)]</textcolor>
					<shadowcolor>black</shadowcolor>
					<label>$INFO[Player.Title] </label>
				</control>
				<control type="label">
					<left>115</left>
					<width>735</width>
					<top>175r</top>
					<height>38</height>
					<align>left</align>
					<aligny>center</aligny>
					<font>breadcrumb.secondary</font>
					<textcolor>white</textcolor>
					<label>$INFO[MusicPlayer.Artist] - $INFO[MusicPlayer.Album]$INFO[musicplayer.discnumber, - $LOCALIZE[427]: ]</label>
				</control>
				<control type="label">
					<left>555</left>
					<width>300</width>
					<top>205r</top>
					<height>45</height>
					<align>right</align>
					<aligny>center</aligny>
					<font>breadcrumb.secondary</font>
					<textcolor>white</textcolor>
					<shadowcolor>button.nf</shadowcolor>
					<label>$INFO[Player.Time] / $INFO[Player.Duration,]</label>
				</control>
			</control>
		</control>
		
		<control type="group">
			<visible>Skin.HasSetting(Touchmode)</visible>
			<control type="image">
				<left>180</left>
				<top>110r</top>
				<width>70</width>
				<height>70</height>
				<texture colordiffuse="FF2E2E2E">backgrounds/bg_fade_7.png</texture>
				<bordertexture colordiffuse="$INFO[Skin.String(color.500)]">backgrounds/bg_fade_4.png</bordertexture>
				<bordersize>2</bordersize>
			</control>
			<control type="button">
				<description>Back push button</description>
				<left>175</left>
				<top>115r</top>
				<width>80</width>
				<height>80</height>
				<label></label>
				<font/>
				<onclick>back</onclick>
				<texturefocus colordiffuse="$INFO[Skin.String(color.500)]">icons/back.png</texturefocus>
				<texturenofocus colordiffuse="FFFFFFFF">icons/back.png</texturenofocus>
			</control>
			<control type="image">
				<right>70</right>
				<top>110r</top>
				<width>70</width>
				<height>70</height>
				<texture colordiffuse="FF2E2E2E">backgrounds/bg_fade_7.png</texture>
				<bordertexture colordiffuse="$INFO[Skin.String(color.500)]">backgrounds/bg_fade_4.png</bordertexture>
				<bordersize>2</bordersize>
			</control>
			<control type="button">
				<description>Home push button</description>
				<right>65</right>
				<top>115r</top>
				<width>80</width>
				<height>80</height>
				<label></label>
				<font/>
				<onclick>ActivateWindow(home)</onclick>
				<texturefocus colordiffuse="$INFO[Skin.String(color.500)]">icons/home.png</texturefocus>
				<texturenofocus colordiffuse="FFFFFFFF">icons/home.png</texturenofocus>
			</control>
		</control>
		
		<control type="group">
			<left>60</left>
			<centertop>50%</centertop>
			<width>1800</width>
			<height>783</height>
			<control type="image">
				<left>0</left>
				<top>0</top>
				<width>890</width>
				<height>100</height>
				<texture colordiffuse="black">backgrounds/bg_fade_2.png</texture>
				<bordertexture colordiffuse="$INFO[Skin.String(color.500)]">backgrounds/bg_fade_3.png</bordertexture>
				<bordersize>2</bordersize>
			</control>
			<control type="image">
				<left>0</left>
				<top>140</top>
				<width>890</width>
				<height>630</height>
				<texture colordiffuse="black">backgrounds/bg_fade_2.png</texture>
				<bordertexture colordiffuse="$INFO[Skin.String(color.500)]">backgrounds/bg_fade_3.png</bordertexture>
				<bordersize>2</bordersize>
			</control>
			<!--title-->
			<control type="label">
				<left>15</left>
				<top>0</top>
				<width>860</width>
				<height>90</height>
				<font>info.title</font>
				<align>left</align>
				<aligny>center</aligny>
				<textcolor>white</textcolor>
				<label>31058</label>
			</control>
			<!--page info-->
			<control type="label">
				<left>675</left>
				<top>90</top>
				<width>200</width>
				<height>50</height>
				<font>kai.secondary</font>
				<align>right</align>
				<aligny>center</aligny>
				<textcolor>white</textcolor>
				<label>$INFO[Container(50).NumItems] $LOCALIZE[31025] ($LOCALIZE[31024] $INFO[Container(50).CurrentPage]/$INFO[Container(50).NumPages])</label>
			</control>
			<control type="list" id="50">
				<left>10</left>
				<top>150</top>
				<width>870</width>
				<height>612</height>
				<onleft>30</onleft>
				<onright>100</onright>
				<onup>50</onup>
				<ondown>50</ondown>
				<pagecontrol>30</pagecontrol>
				<scrolltime>200</scrolltime>
				<itemlayout height="68" width="870">
				    <control type="image">
						<left>0</left>
						<top>0</top>
						<width>870</width>
						<height>60</height>
						<texture colordiffuse="FF2E2E2E">backgrounds/bg_fade_7.png</texture>
			            <bordertexture colordiffuse="$INFO[Skin.String(color.500)]">backgrounds/bg_fade_3.png</bordertexture>
				        <bordersize>2</bordersize>
					</control>
					<control type="label">
						<left>60</left>
						<top>0</top>
						<width>590</width>
						<font>button</font>
						<aligny>center</aligny>
						<selectedcolor>selected</selectedcolor>
						<info>ListItem.Label</info>
					</control>
					<control type="label">
						<left>660</left>
						<top>0</top>
						<width>195</width>
						<font>button</font>
						<aligny>center</aligny>
						<selectedcolor>selected</selectedcolor>
						<align>right</align>
						<info>ListItem.Label2</info>
					</control>
					<control type="image">
						<left>6</left>
						<top>2</top>
						<width>41</width>
						<height>56</height>
						<texture>$INFO[ListItem.Icon]</texture>
						<aspectratio align="center" aligny="center">keep</aspectratio>
					</control>
				</itemlayout>
				<focusedlayout height="68" width="870">
					<!--background-->
					<control type="image">
						<left>0</left>
						<top>0</top>
						<width>870</width>
						<height>60</height>
						<texture colordiffuse="$INFO[Skin.String(color.500)]">backgrounds/white.png</texture>
						<animation effect="fade" start="100" end="30" time="100" condition="!Control.HasFocus(50)">Conditional</animation>
					</control>
					<control type="label">
						<left>60</left>
						<top>0</top>
						<width>590</width>
						<font>button</font>
						<aligny>center</aligny>
						<textcolor>white</textcolor>
						<selectedcolor>selected</selectedcolor>
						<info>ListItem.Label</info>
					</control>
					<control type="label">
						<left>660</left>
						<top>0</top>
						<width>195</width>
						<font>button</font>
						<aligny>center</aligny>
						<textcolor>white</textcolor>
						<selectedcolor>selected</selectedcolor>
						<align>right</align>
						<info>ListItem.Label2</info>
					</control>
					<control type="image">
						<left>6</left>
						<top>2</top>
						<width>41</width>
						<height>56</height>
						<texture colordiffuse="white">$INFO[ListItem.Icon]</texture>
						<aspectratio align="center" aligny="center">keep</aspectratio>
					</control>
				</focusedlayout>
			</control>
			<control type="scrollbar" id="30">
				<left>-15</left>
				<top>150</top>
				<height>580</height>
				<onleft>9000</onleft>
				<onright>50</onright>
				<orientation>vertical</orientation>
			</control>
		</control>
		<control type="group">
			<left>970</left>
			<centertop>50%</centertop>
			<width>1800</width>
			<height>783</height>
			<control type="image">
				<left>0</left>
				<top>0</top>
				<width>890</width>
				<height>100</height>
				<texture colordiffuse="black">backgrounds/bg_fade_2.png</texture>
				<bordertexture colordiffuse="$INFO[Skin.String(color.500)]">backgrounds/bg_fade_3.png</bordertexture>
				<bordersize>2</bordersize>
			</control>
			<control type="image">
				<left>0</left>
				<top>140</top>
				<width>890</width>
				<height>630</height>
				<texture colordiffuse="black">backgrounds/bg_fade_2.png</texture>
				<bordertexture colordiffuse="$INFO[Skin.String(color.500)]">backgrounds/bg_fade_3.png</bordertexture>
				<bordersize>2</bordersize>
			</control>
			<!--title-->
			<control type="label">
				<left>15</left>
				<top>0</top>
				<width>860</width>
				<height>90</height>
				<font>info.title</font>
				<align>left</align>
				<aligny>center</aligny>
				<textcolor>white</textcolor>
				<label>31059</label>
			</control>
			<!--page info-->
			<control type="label">
				<left>675</left>
				<top>90</top>
				<width>200</width>
				<height>50</height>
				<font>kai.secondary</font>
				<align>right</align>
				<aligny>center</aligny>
				<textcolor>white</textcolor>
				<label>$INFO[Container(100).NumItems] $LOCALIZE[31025] ($LOCALIZE[31024] $INFO[Container(100).CurrentPage]/$INFO[Container(100).NumPages])</label>
			</control>
			<control type="list" id="100">
				<left>10</left>
				<top>150</top>
				<width>870</width>
				<height>612</height>
				<onleft>50</onleft>
				<onright>31</onright>
				<onup>100</onup>
				<ondown>100</ondown>
				<pagecontrol>31</pagecontrol>
				<scrolltime>200</scrolltime>
				<itemlayout height="68" width="870">
				    <control type="image">
						<left>0</left>
						<top>0</top>
						<width>870</width>
						<height>60</height>
						<texture colordiffuse="FF2E2E2E">backgrounds/bg_fade_7.png</texture>
			            <bordertexture colordiffuse="$INFO[Skin.String(color.500)]">backgrounds/bg_fade_3.png</bordertexture>
				        <bordersize>2</bordersize>
					</control>
					<control type="label">
						<left>60</left>
						<top>0</top>
						<width>590</width>
						<font>button</font>
						<aligny>center</aligny>
						<selectedcolor>selected</selectedcolor>
						<info>ListItem.Label</info>
					</control>
					<control type="label">
						<left>660</left>
						<top>0</top>
						<width>195</width>
						<font>button</font>
						<aligny>center</aligny>
						<selectedcolor>selected</selectedcolor>
						<align>right</align>
						<info>ListItem.Label2</info>
					</control>
					<control type="image">
						<left>6</left>
						<top>2</top>
						<width>41</width>
						<height>56</height>
						<texture>$INFO[ListItem.Icon]</texture>
						<aspectratio align="center" aligny="center">keep</aspectratio>
					</control>
				</itemlayout>
				<focusedlayout height="68" width="870">
					<!--background-->
					<control type="image">
						<left>0</left>
						<top>0</top>
						<width>870</width>
						<height>60</height>
						<texture colordiffuse="$INFO[Skin.String(color.500)]">backgrounds/white.png</texture>
						<animation effect="fade" start="100" end="30" time="100" condition="!Control.HasFocus(100)">Conditional</animation>
					</control>
					<control type="label">
						<left>60</left>
						<top>0</top>
						<width>590</width>
						<font>button</font>
						<aligny>center</aligny>
						<textcolor>white</textcolor>
						<selectedcolor>selected</selectedcolor>
						<info>ListItem.Label</info>
					</control>
					<control type="label">
						<left>660</left>
						<top>0</top>
						<width>195</width>
						<font>button</font>
						<aligny>center</aligny>
						<textcolor>white</textcolor>
						<selectedcolor>selected</selectedcolor>
						<align>right</align>
						<info>ListItem.Label2</info>
					</control>
					<control type="image">
						<left>6</left>
						<top>2</top>
						<width>41</width>
						<height>56</height>
						<texture colordiffuse="white">$INFO[ListItem.Icon]</texture>
						<aspectratio align="center" aligny="center">keep</aspectratio>
					</control>
				</focusedlayout>
			</control>
			<control type="scrollbar" id="31">
				<left>898</left>
				<top>150</top>
				<height>580</height>
				<onleft>100</onleft>
				<onright>30</onright>
				<orientation>vertical</orientation>
			</control>
		</control>
		<!--dialog fade-->
		<include>BehindDialogFadeOut</include>
		<!--view options-->
		<control type="group">
			<left>-383</left>
			<include>SideBladeLeft</include>
			<control type="group">
				<top>100</top>
				<bottom>0</bottom>
				<!--buttons grouplist-->
				<control type="grouplist" id="9000">
					<left>10</left>
					<width>375</width>
					<height>100%</height>
					<onleft>9000</onleft>
					<onright>30</onright>
					<onup>9000</onup>
					<ondown>9000</ondown>
					<onback>30</onback>
					<itemgap>0</itemgap>
					<!--sort by-->
					<control type="button" id="3">
						<include>ButtonCommonValues</include>
						<label>103</label>
					</control>
					<!--ascending/descending-->
					<control type="togglebutton" id="4">
						<include>ButtonCommonValues</include>
						<label>31051</label>
						<altlabel>31050</altlabel>
						<usealttexture>Container.SortDirection(Ascending)</usealttexture>
					</control>
					<control type="button" id="6">
						<description>Open Button</description>
						<label>31055</label>
						<include>ButtonCommonValues</include>
					</control>
					<control type="button" id="7">
						<description>Save Button</description>
						<label>31056</label>
						<include>ButtonCommonValues</include>
					</control>
					<control type="button" id="8">
						<description>Clear button</description>
						<label>31057</label>
						<include>ButtonCommonValues</include>
					</control>
					<!--now playing controls-->
					<include>CommonNowPlaying_Controls</include>
				</control>
			</control>
		</control>
	</controls>
</window>