<?xml version="1.0" encoding="UTF-8"?>
<window>
	<defaultcontrol always="true">9000</defaultcontrol>
	<include>CheckSkinColorsSet</include>
	<onunload>RunScript(script.skinshortcuts,type=buildxml&amp;mainmenuID=9000&amp;group=mainmenu&amp;options=noGroups)</onunload>
	<controls>
		<include>CommonBackground</include>
		<include>VisibleFadeEffect</include>
	    <control type="group">
		<left>30</left>
		<control type="image">
		    <left>-2</left>
		    <top>17</top>
		    <width>98.6%</width>
		    <height>10.6%</height>
		    <texture>homeshadow_1.png</texture>
		 </control>
		<control type="image">
		    <left>0</left>
		    <top>20</top>
		    <width>98.4%</width>
		    <height>10%</height>
		    <texture colordiffuse="black">backgrounds/bg_fade_2.png</texture>
			<bordertexture colordiffuse="$INFO[Skin.String(color.500)]">backgrounds/bg_fade_3.png</bordertexture>
			<bordersize>2</bordersize>
		 </control>
		 <control type="image">
		    <left>-2</left>
		    <top>947</top>
		    <width>98.6%</width>
		    <height>10.6%</height>
		    <texture>homeshadow_1.png</texture>
		  </control>
		<control type="image">
		    <left>0</left>
		    <top>950</top>
		    <width>98.4%</width>
		    <height>10%</height>
		    <texture colordiffuse="black">backgrounds/bg_fade_2.png</texture>
			<bordertexture colordiffuse="$INFO[Skin.String(color.500)]">backgrounds/bg_fade_3.png</bordertexture>
			<bordersize>2</bordersize>
		  </control>	
		 <control type="label">
			<left>725</left>
			<top>987</top>
			<width>450</width>
			<height>60</height>
		    <label>Simple[COLORdeepskyblue]Touch[/COLOR]Reloaded</label>
			<align>center</align>
			<font>font14</font>
		  </control>
	    </control>	
		<control type="group">
		<visible>!Skin.HasSetting(Clock)</visible>
			<control type="image">
				<right>62</right>
				<top>45</top>
				<width>250</width>
				<height>60</height>
				<texture colordiffuse="FF2E2E2E">backgrounds/bg_fade_7.png</texture>
				<bordertexture colordiffuse="$INFO[Skin.String(color.500)]">backgrounds/bg_fade_4.png</bordertexture>
				<bordersize>2</bordersize>
			</control>
			<control type="label">
				<right>177</right>
				<top>45</top>
				<width>200</width>
				<height>60</height>
				<align>right</align>
				<aligny>center</aligny>
				<font>fontContextMenu</font>
				<textcolor>white</textcolor>
				<label>$INFO[System.Time(hh:mm)]</label>
			</control>
			<control type="label">
				<right>107</right>
				<top>45</top>
				<width>70</width>
				<height>60</height>
				<align>left</align>
				<aligny>center</aligny>
				<font>fontContextMenu</font>
				<textcolor>white</textcolor>
				<label>:$INFO[System.Time(ss)]</label>
			</control>
			<control type="image">
				<left>60</left>
				<top>45</top>
				<width>250</width>
				<height>60</height>
				<texture colordiffuse="FF2E2E2E">backgrounds/bg_fade_7.png</texture>
			    <bordertexture colordiffuse="$INFO[Skin.String(color.500)]">backgrounds/bg_fade_4.png</bordertexture>
				<bordersize>2</bordersize>
			</control>
			<control type="label">
				<left>111</left>
				<top>45</top>
				<width>360</width>
				<height>60</height>
				<align>left</align>
				<aligny>center</aligny>
				<font>fontContextMenu</font>
				<textcolor>white</textcolor>
				<label>$INFO[System.Date(dd:mm:yyyy]</label>
			</control>
		</control>
		<control type="group">
			<visible>Skin.HasSetting(Touchmode)</visible>
			<control type="image">
				<left>60</left>
				<top>110r</top>
				<width>70</width>
				<height>70</height>
				<texture colordiffuse="FF2E2E2E">backgrounds/bg_fade_7.png</texture>
				<bordertexture colordiffuse="$INFO[Skin.String(color.500)]">backgrounds/bg_fade_4.png</bordertexture>
				<bordersize>2</bordersize>
			</control>
			<control type="button">
				<description>Back push button</description>
				<left>55</left>
				<top>115r</top>
				<width>80</width>
				<height>80</height>
				<label></label>
				<font/>
				<onclick>back</onclick>
				<texturefocus colordiffuse="$INFO[Skin.String(color.500)]">icons/back.png</texturefocus>
				<texturenofocus colordiffuse="FFFFFFFF">icons/back.png</texturenofocus>
			</control>
			<control type="image">
				<right>70</right>
				<top>110r</top>
				<width>70</width>
				<height>70</height>
				<texture colordiffuse="FF2E2E2E">backgrounds/bg_fade_7.png</texture>
				<bordertexture colordiffuse="$INFO[Skin.String(color.500)]">backgrounds/bg_fade_4.png</bordertexture>
				<bordersize>2</bordersize>
			</control>
			<control type="button">
				<description>Home push button</description>
				<right>65</right>
				<top>115r</top>
				<width>80</width>
				<height>80</height>
				<label></label>
				<font/>
				<onclick>ActivateWindow(home)</onclick>
				<texturefocus colordiffuse="$INFO[Skin.String(color.500)]">icons/home.png</texturefocus>
				<texturenofocus colordiffuse="FFFFFFFF">icons/home.png</texturenofocus>
			</control>
		</control>
		<!--main content-->
		<control type="group">
			<left>60</left>
			<centertop>51%</centertop>
			<width>1800</width>
			<height>783</height>
			<visible>![Window.IsActive(PVRChannelManager) | Window.IsActive(PVRGroupManager)]</visible>
			<animation effect="slide" start="0,1512" end="0,0" time="300" tween="quadratic" easing="out" condition="!Window.Previous(Settings.xml)">WindowOpen</animation>
			<animation effect="slide" start="0,0" end="0,1512" time="300" tween="quadratic" easing="out" condition="!Window.Next(Settings.xml)">WindowClose</animation>
			<animation effect="slide" start="2015,0" end="0,0" time="300" tween="quadratic" easing="out" condition="Window.Previous(Settings.xml)">WindowOpen</animation>
			<animation effect="slide" start="0,0" end="2015,0" time="300" tween="quadratic" easing="out" condition="Window.Next(Settings.xml)">WindowClose</animation>
			<control type="image">
				<left>-2</left>
				<top>-3</top>
				<width>1804.5</width>
				<height>755.5</height>
				<texture>homeshadow_1.png</texture>
			</control>
			<control type="image">
				<left>0</left>
				<top>0</top>
				<width>1800</width>
				<height>750</height>
				<texture colordiffuse="black">backgrounds/bg_fade_2.png</texture>
				<bordertexture colordiffuse="$INFO[Skin.String(color.500)]">backgrounds/bg_fade_5.png</bordertexture>
			    <bordersize>2</bordersize>
			</control>
			<control type="image">
				<left>0</left>
				<top>0</top>
				<width>370</width>
				<height>750</height>
				<texture colordiffuse="black">backgrounds/bg_fade_2.png</texture>
				<bordertexture colordiffuse="$INFO[Skin.String(color.500)]">backgrounds/bg_fade_5.png</bordertexture>
			    <bordersize>2</bordersize>
			</control>
			<!--title-->
			<control type="label">
				<left>150</left>
				<top>20</top>
				<width>1800</width>
				<height>60</height>
				<font>info.title</font>
				<align>center</align>
				<aligny>center</aligny>
				<textcolor>$INFO[Skin.String(color.500)]</textcolor>
				<label>$LOCALIZE[31072] - $LOCALIZE[5]</label>
			</control>
			<control type="image">
				<left>0</left>
				<top>0</top>
				<width>120</width>
				<height>120</height>
				<aspectratio align="left">keep</aspectratio>
				<texture colordiffuse="white">$INFO[ListItem.Icon]</texture>
			</control>
			<control type="image">
				<visible>Container(9000).Hasfocus(4)</visible>
				<left>563r</left>
				<top>182</top>
				<width>493</width>
				<height>394</height>
				<aspectratio align="left">keep</aspectratio>
				<texture>colours/colors.png</texture>
			</control>
			<control type="image">
				<visible>Container(9000).Hasfocus(3)</visible>
				<left>563r</left>
				<top>182</top>
				<width>493</width>
				<height>394</height>
				<aspectratio align="left">keep</aspectratio>
				<texture>colours/background.png</texture>
			</control>
					
			<!--left buttons-->
			<control type="list" id="9000">
				<left>10</left>
				<top>130</top>
				<width>385</width>
				<height>410</height>
				<onleft>9010</onleft>
				<onright>9010</onright>
				<onup>9000</onup>
				<ondown>9000</ondown>
				<pagecontrol></pagecontrol>
				<itemlayout height="75" width="390">
			    <control type="image">
				       <left>0</left>
					   <top>0</top>
					   <width>350</width>
					   <height>60</height>
				       <texture colordiffuse="FF2E2E2E">backgrounds/bg_fade_7.png</texture>
			           <bordertexture colordiffuse="$INFO[Skin.String(color.500)]">backgrounds/bg_fade_4.png</bordertexture>
				       <bordersize>2</bordersize>
			        </control>    
					<!--label-->
					<control type="label">
						<left>11</left>
						<top>0</top>
						<width>570</width>
						<height>60</height>
						<font>label</font>
						<textcolor>white</textcolor>
					    <shadowcolor>black</shadowcolor>
						<align>left</align>
						<aligny>center</aligny>
						<label>$INFO[ListItem.Label]</label>
					</control>
				</itemlayout>
				<focusedlayout height="75" width="390">
					<!--focused bg-->
					<control type="image">
						<left>0</left>
						<top>0</top>
						<width>350</width>
						<height>60</height>
						<texture colordiffuse="red">backgrounds/white.png</texture>
						<animation effect="fade" start="100" end="30" time="100" condition="!Control.HasFocus(9000)">Conditional</animation>
					</control>
					<!--label-->
					<control type="label">
						<left>11</left>
						<top>0</top>
						<width>330</width>
						<height>60</height>
						<font>label</font>
						<textcolor>white</textcolor>
					    <shadowcolor>black</shadowcolor>
						<align>left</align>
						<aligny>center</aligny>
						<label>$INFO[ListItem.Label]</label>
					</control>
				</focusedlayout>
				<content>
				    <item id="1">
						<label>TouchScreen Settings</label>
						<label2>Touchscreen</label2>
						<icon>icons/touch.png</icon>
					</item>
					<item id="5">
						<label>128</label>
						<label2>5</label2>
						<icon>icons/settings.png</icon>
					</item>
					<item id="2">
						<label>Setup Main Menu</label>
						<label2>Main Menu</label2>
						<icon>icons/homemenu.png</icon>
					</item>
					<item id="4">
						<label>Skin Color Themes</label>
						<label2>Themes</label2>
						<icon>icons/skin.png</icon>
					</item>
				</content>
			</control>
			<!--all settings-->
			<control type="group">
				<visible>Container(9000).Hasfocus(1)</visible>
				<control type="image">
					<left>390</left>
					<right>10</right>
					<top>250</top>
					<height>1</height>
					<texture colordiffuse="$INFO[Skin.String(color.500)]">backgrounds/white.png</texture>
				</control>
				<control type="textbox">
				    <left>390</left>
					<top>300</top>
					<width>1340</width>
					<height>140</height>
					<font>label</font>
					<align>justify</align>
					<textcolor>white</textcolor>
					<label>[I]The  Mainmenu  Will  Change  To  TouchScreen  Compatible  Settings [CR]As  Well  As  Touch-Buttons  (Back  &amp;  Home  Icon  Touch  Buttons)  Will  Become  Visible  In  All  Views.[/I]</label>
				</control>
				<control type="image">
					<left>400</left>
					<right>10</right>
					<top>440</top>
                    <width>1360</width>
					<height>92</height>
					<texture colordiffuse="FF2E2E2E">backgrounds/bg_fade_7.png</texture>
				    <bordertexture colordiffuse="$INFO[Skin.String(color.500)]">backgrounds/bg_fade_6.png</bordertexture>
			        <bordersize>2</bordersize>
				</control>
				<control type="label">
					<left>390</left>
					<top>440</top>
					<width>340</width>
					<height>92</height>
					<font>main.menu2</font>
					<textcolor>white</textcolor>
					<align>center</align>
					<aligny>center</aligny>
					<label>TV</label>
				</control>
				<control type="label">
					<left>730</left>
					<top>440</top>
					<width>340</width>
					<height>92</height>
					<font>main.menu2</font>
					<textcolor>white</textcolor>
					<align>center</align>
					<aligny>center</aligny>
					<label>RADIO</label>
				</control>
				<control type="image">
					<left>1070</left>
					<width>340</width>
					<top>430</top>
					<height>92</height>
					<texture colordiffuse="red">backgrounds/white.png</texture>
				</control>
				<control type="label">
					<left>1070</left>
					<top>440</top>
					<width>340</width>
					<height>92</height>
					<font>main.menu2</font>
					<textcolor>white</textcolor>
					<align>center</align>
					<aligny>center</aligny>
					<label>FILM</label>
				</control>
				<control type="label">
					<left>1410</left>
					<top>440</top>
					<width>340</width>
					<height>92</height>
					<font>main.menu2</font>
					<textcolor>white</textcolor>
					<align>center</align>
					<aligny>center</aligny>
					<label>SERIES</label>
				</control>
				<control type="image">
					<left>400</left>
					<right>10</right>
					<top>532</top>
					<width>1360</width>
					<height>60</height>
					<texture colordiffuse="FF0F0F0F">backgrounds/bg_fade_2.png</texture>
				    <bordertexture colordiffuse="$INFO[Skin.String(color.500)]">backgrounds/bg_fade_6.png</bordertexture>
			        <bordersize>1</bordersize>
				</control>
				<control type="label">
					<left>390</left>
					<top>532</top>
					<width>340</width>
					<height>60</height>
					<font>menu.title</font>
					<textcolor>white</textcolor>
					<align>center</align>
					<aligny>center</aligny>
					<label>Genre</label>
				</control>
				<control type="label">
					<left>730</left>
					<top>532</top>
					<width>340</width>
					<height>60</height>
					<font>menu.title</font>
					<textcolor>white</textcolor>
					<align>center</align>
					<aligny>center</aligny>
					<label>Title</label>
				</control>
				<control type="label">
					<left>1070</left>
					<top>532</top>
					<width>340</width>
					<height>60</height>
					<font>menu.title</font>
					<textcolor>white</textcolor>
					<align>center</align>
					<aligny>center</aligny>
					<label>Years</label>
				</control>
				<control type="label">
					<left>1410</left>
					<top>532</top>
					<width>340</width>
					<height>60</height>
					<font>menu.title</font>
					<textcolor>white</textcolor>
					<align>center</align>
					<aligny>center</aligny>
					<label>Actor</label>
				</control>
				<control type="image">
					<left>390</left>
					<right>10</right>
					<top>460</top>
					<height>200</height>
					<aspectratio>keep</aspectratio>
					<texture>icons/hand.png</texture>
				</control>
				<control type="image">
					<left>680</left>
					<top>642</top>
					<width>70</width>
					<height>70</height>
					<texture colordiffuse="FF2E2E2E">backgrounds/bg_fade_7.png</texture>
				    <bordertexture colordiffuse="$INFO[Skin.String(color.500)]">backgrounds/bg_fade_4.png</bordertexture>
			        <bordersize>2</bordersize>
				</control>
				<control type="image">
					<left>680</left>
					<top>642</top>
					<width>70</width>
					<height>70</height>
					<texture>icons/back.png</texture>
				</control>
				<control type="image">
					<left>460r</left>
					<top>642</top>
					<width>70</width>
					<height>70</height>
					<texture colordiffuse="FF2E2E2E">backgrounds/bg_fade_7.png</texture>
				    <bordertexture colordiffuse="$INFO[Skin.String(color.500)]">backgrounds/bg_fade_4.png</bordertexture>
			        <bordersize>2</bordersize>
				</control>
				<control type="image">
					<left>460r</left>
					<top>642</top>
					<width>70</width>
					<height>70</height>
					<texture>icons/home.png</texture>
				</control>
			</control>
			
			<control type="group" id="9010">
				<!--general settings-->
				<control type="grouplist" id="9001">
					<visible>Container(9000).Hasfocus(5)</visible>
					<left>385</left>
					<top>120</top>
					<width>1405</width>
					<height>600</height>
					<itemgap>5</itemgap>
					<pagecontrol>60</pagecontrol>
					<onleft>9000</onleft>
					<onright>60</onright>
					<onup>9001</onup>
					<ondown>9001</ondown>
					<control type="label" id="102">
						<width>1405</width>
						<height>60</height>
						<font>font13_title</font>
						<textcolor>$INFO[Skin.String(color.500)]</textcolor>
						<textoffsetx>5</textoffsetx>
						<aligny>center</aligny>
						<label>31106</label>
					</control>
					<control type="radiobutton" id="100">
						<width>1405</width>
						<font>label</font>
						<label>Change Default Background</label>
						<textcolor>white</textcolor>
						<focusedcolor>white</focusedcolor>
						<shadowcolor>black</shadowcolor>
						<onclick>Skin.ToggleSetting(UseCustomBackground)</onclick>
						<selected>Skin.HasSetting(UseCustomBackground)</selected>
						<enable>!Skin.HasSetting(SeparateBackground)</enable>
					</control>
					<control type="button" id="101">
						<width>1105</width>
						<font>label</font>
						<label>Background Path</label>
						<label2>$INFO[Skin.String(CustomBackgroundPath)]</label2>
						<textcolor>white</textcolor>
						<focusedcolor>white</focusedcolor>
						<shadowcolor>black</shadowcolor>
						<onclick>Skin.SetImage(CustomBackgroundPath)</onclick>
						<enable>Skin.HasSetting(UseCustomBackground)</enable>
					</control>
					<control type="radiobutton" id="105">
						<width>1405</width>
						<label>20189</label>
						<textcolor>white</textcolor>
						<focusedcolor>white</focusedcolor>
						<shadowcolor>black</shadowcolor>
						<onclick>Skin.ToggleSetting(AutoScroll)</onclick>
						<selected>Skin.HasSetting(AutoScroll)</selected>
					</control>
					<control type="radiobutton" id="106">
						<width>1405</width>
						<textcolor>white</textcolor>
						<focusedcolor>white</focusedcolor>
						<shadowcolor>black</shadowcolor>
						<label>Show Playerbuttons</label>
						<onclick>Skin.ToggleSetting(Playerbuttons)</onclick>
						<selected>!Skin.HasSetting(Playerbuttons)</selected>
					</control>
					<control type="radiobutton" id="107">
						<width>1405</width>
						<textcolor>white</textcolor>
						<focusedcolor>white</focusedcolor>
						<shadowcolor>black</shadowcolor>
						<label>Show Playerinfo (VideoWindow) </label>
						<onclick>Skin.ToggleSetting(Playerinfo)</onclick>
						<selected>!Skin.HasSetting(Playerinfo)</selected>
					</control>
					<control type="radiobutton" id="109">
						<width>1405</width>
						<textcolor>white</textcolor>
						<focusedcolor>white</focusedcolor>
						<shadowcolor>black</shadowcolor>
						<label>Always Play Music In FullScreen</label>
						<onclick>Skin.ToggleSetting(MusicFullscreen)</onclick>
						<selected>Skin.HasSetting(MusicFullscreen)</selected>
					</control>
					
					<control type="label" id="110">
						<width>1405</width>
						<height>60</height>
						<font>font13_title</font>
						<textcolor>$INFO[Skin.String(color.500)]</textcolor>
						<textoffsetx>5</textoffsetx>
						<aligny>center</aligny>
						<label>512</label>
					</control>
					<control type="radiobutton" id="111">
						<width>1405</width>
						<label>31007</label>
						<textcolor>white</textcolor>
						<focusedcolor>white</focusedcolor>
						<shadowcolor>black</shadowcolor>
						<onclick>Skin.ToggleSetting(Use_Startup_Playlist)</onclick>
						<selected>Skin.HasSetting(Use_Startup_Playlist)</selected>
					</control>
					<control type="button" id="112">
						<width>1405</width>
						<textcolor>white</textcolor>
						<focusedcolor>white</focusedcolor>
						<shadowcolor>black</shadowcolor>
						<label>15311</label>
						<label2>$INFO[Skin.String(Startup_Playlist_Path)]</label2>
						<onclick>Skin.SetFile(Startup_Playlist_Path,,special://MusicPlaylists/)</onclick>
						<enable>Skin.HasSetting(Use_Startup_Playlist)</enable>
					</control>
					<control type="label" id="113">
						<width>1405</width>
						<height>60</height>
						<font>font13_title</font>
						<textcolor>$INFO[Skin.String(color.500)]</textcolor>
						<textoffsetx>5</textoffsetx>
						<aligny>center</aligny>
						<label>31030</label>
					</control>
					<!--reset all skin settings-->
					<control type="button" id="114">
						<width>1405</width>
						<label>31075</label>
						<textcolor>white</textcolor>
						<focusedcolor>white</focusedcolor>
						<shadowcolor>black</shadowcolor>
						<onclick>Skin.ResetSettings</onclick>
						<onclick>ReloadSkin()</onclick>
					</control>
				</control>
				<!--home window options-->
				<control type="grouplist" id="9002">
					<visible>Container(9000).Hasfocus(2)</visible>
					<left>385</left>
					<top>120</top>
					<width>1405</width>
					<height>500</height>
					<itemgap>5</itemgap>
					<pagecontrol>60</pagecontrol>
					<onleft>9000</onleft>
					<onright>60</onright>
					<onup>9002</onup>
					<ondown>9002</ondown>
					<control type="label" id="230">
						<width>1405</width>
						<height>60</height>
						<font>font13_title</font>
						<textcolor>$INFO[Skin.String(color.500)]</textcolor>
						<textoffsetx>5</textoffsetx>
						<aligny>center</aligny>
						<label>$ADDON[script.skinshortcuts 32071]</label>
					</control>
					<!--customize skin shortcuts menu-->
					<control type="button" id="232">
						<width>1405</width>
						<textcolor>white</textcolor>
						<focusedcolor>white</focusedcolor>
						<shadowcolor>black</shadowcolor>
						<label>$ADDON[script.skinshortcuts 32035]</label>
						<onclick>RunScript(script.skinshortcuts,type=manage&amp;nolabels=True&amp;group=mainmenu)</onclick>
						<enable>System.HasAddon(script.skinshortcuts)</enable>
					</control>
					<!--reset skin shortcuts menu-->
					<control type="button" id="233">
						<width>1405</width>
						<textcolor>white</textcolor>
						<focusedcolor>white</focusedcolor>
						<shadowcolor>black</shadowcolor>
						<label>$ADDON[script.skinshortcuts 32037]</label>
						<onclick>RunScript(script.skinshortcuts,type=resetall)</onclick>
						<enable>System.HasAddon(script.skinshortcuts)</enable>
					</control>
				</control>
				<control type="grouplist" id="9004">
					<visible>Container(9000).Hasfocus(4)</visible>
					<left>385</left>
					<top>120</top>
					<width>1405</width>
					<height>600</height>
					<itemgap>5</itemgap>
					<pagecontrol>60</pagecontrol>
					<onleft>9000</onleft>
					<onright>60</onright>
					<onup>9004</onup>
					<ondown>9004</ondown>
					<control type="label" id="411">
						<width>1405</width>
						<height>60</height>
						<font>font13_title</font>
						<textcolor>$INFO[Skin.String(color.500)]</textcolor>
						<textoffsetx>10</textoffsetx>
						<aligny>center</aligny>
						<label>Themes Color Selection</label>
					</control>
					<control type="button" id="412">
						<width>770</width>
						<textcolor>white</textcolor>
						<focusedcolor>white</focusedcolor>
						<shadowcolor>black</shadowcolor>
						<label>OCEAN</label>
						<onclick>Skin.SetString(color.500, FF59788E)</onclick>
						<onclick>Skin.SetString(color.900, FFEFB415)</onclick>
						<onclick>Skin.SetString(color.400, FF3FD8EB)</onclick>
						<onclick>Skin.SetString(color.alt, FFFFEB3B)</onclick>
						<textoffsetx>20</textoffsetx>
					</control>
					<control type="button" id="413">
						<width>770</width>
						<textcolor>white</textcolor>
						<focusedcolor>white</focusedcolor>
						<shadowcolor>black</shadowcolor>
						<label>AVOCADO</label>
						<onclick>Skin.SetString(color.500, FF757575)</onclick>
						<onclick>Skin.SetString(color.900, FFEFB415)</onclick>
						<onclick>Skin.SetString(color.400, FFADFF2F)</onclick>
						<onclick>Skin.SetString(color.alt, FFFFEB3B)</onclick>
						<textoffsetx>20</textoffsetx>
					</control>
					<control type="button" id="414">
						<width>770</width>
						<textcolor>white</textcolor>
						<focusedcolor>white</focusedcolor>
						<shadowcolor>black</shadowcolor>
						<label>DARK KHAKI</label>
						<onclick>Skin.SetString(color.500, FF78866B)</onclick>
						<onclick>Skin.SetString(color.900, FFEFB415)</onclick>
						<onclick>Skin.SetString(color.400, FFDDEA60)</onclick>
						<onclick>Skin.SetString(color.alt, FFE51C23)</onclick>
						<textoffsetx>20</textoffsetx>
					</control>
					<control type="button" id="415">
						<width>770</width>
						<textcolor>white</textcolor>
						<focusedcolor>white</focusedcolor>
						<shadowcolor>black</shadowcolor>
						<label>CADET BLUE   (Default)</label>
						<onclick>Skin.SetString(color.500, FF727F94)</onclick>
						<onclick>Skin.SetString(color.900, FFEFB415)</onclick>
						<onclick>Skin.SetString(color.400, FFADD8E6)</onclick>
						<onclick>Skin.SetString(color.alt, FFE51C23)</onclick>
						<textoffsetx>20</textoffsetx>
					</control>
					<control type="button" id="416">
						<width>770</width>
						<textcolor>white</textcolor>
						<focusedcolor>white</focusedcolor>
						<shadowcolor>black</shadowcolor>
						<label>DARK GRAY</label>
						<onclick>Skin.SetString(color.500, FF757575)</onclick>
						<onclick>Skin.SetString(color.900, FFEFB415)</onclick>
						<onclick>Skin.SetString(color.400, FFBDBDBD)</onclick>
						<onclick>Skin.SetString(color.alt, FFFFEB3B)</onclick>
						<textoffsetx>20</textoffsetx>
					</control>
					<control type="button" id="417">
						<width>770</width>
						<textcolor>white</textcolor>
						<focusedcolor>white</focusedcolor>
						<shadowcolor>black</shadowcolor>
						<label>VIRIDIAN</label>
						<onclick>Skin.SetString(color.500, FF388E3C)</onclick>
						<onclick>Skin.SetString(color.900, FFEFB415)</onclick>
						<onclick>Skin.SetString(color.400, FF7FFFD4)</onclick>
						<onclick>Skin.SetString(color.alt, FFFFEB3B)</onclick>
						<textoffsetx>20</textoffsetx>
					</control>
					<control type="button" id="418">
						<width>770</width>
						<textcolor>white</textcolor>
						<focusedcolor>white</focusedcolor>
						<shadowcolor>black</shadowcolor>
						<label>BLUE SAPPHIRE</label>
						<onclick>Skin.SetString(color.500, FF727F94)</onclick>
						<onclick>Skin.SetString(color.900, FFEFB415)</onclick>
						<onclick>Skin.SetString(color.400, FF00BFFF)</onclick>
						<onclick>Skin.SetString(color.alt, FFFFEB3B)</onclick>
						<textoffsetx>20</textoffsetx>
					</control>
					<control type="button" id="419">
						<width>770</width>
						<textcolor>white</textcolor>
						<focusedcolor>white</focusedcolor>
						<shadowcolor>black</shadowcolor>
						<label>GUACAMOLE</label>
						<onclick>Skin.SetString(color.500, FF757575)</onclick>
						<onclick>Skin.SetString(color.900, FFEFB415)</onclick>
						<onclick>Skin.SetString(color.400, FFFEFE22)</onclick>
						<onclick>Skin.SetString(color.alt, FFFFEB3B)</onclick>
						<textoffsetx>20</textoffsetx>
					</control>
			        <control type="button" id="420">
						<width>770</width>
						<textcolor>white</textcolor>
						<focusedcolor>white</focusedcolor>
						<shadowcolor>black</shadowcolor>
						<label>ASPARAGUS</label>
						<onclick>Skin.SetString(color.500, FF727F94)</onclick>
						<onclick>Skin.SetString(color.900, FFEFB415)</onclick>
						<onclick>Skin.SetString(color.400, FFB2DFDB)</onclick>
						<onclick>Skin.SetString(color.alt, FFFFEB3B)</onclick>
						<textoffsetx>20</textoffsetx>
					</control>
					<control type="button" id="421">
						<width>770</width>
						<textcolor>white</textcolor>
						<focusedcolor>white</focusedcolor>
						<shadowcolor>black</shadowcolor>
						<label>CENTAURIAN</label>
						<onclick>Skin.SetString(color.500, FF727F94)</onclick>
						<onclick>Skin.SetString(color.900, FFEFB415)</onclick>
						<onclick>Skin.SetString(color.400, FFD19FE8)</onclick>
						<onclick>Skin.SetString(color.alt, FFFFEB3B)</onclick>
						<textoffsetx>20</textoffsetx>
					</control>
					<control type="button" id="422">
						<width>770</width>
						<textcolor>white</textcolor>
						<focusedcolor>white</focusedcolor>
						<shadowcolor>black</shadowcolor>
						<label>BEAU BLUE</label>
						<onclick>Skin.SetString(color.500, FF727F94)</onclick>
						<onclick>Skin.SetString(color.900, FFEFB415)</onclick>
						<onclick>Skin.SetString(color.400, FFB0C4DE)</onclick>
						<onclick>Skin.SetString(color.alt, FFFFEB3B)</onclick>
						<textoffsetx>20</textoffsetx>
					</control>
					<control type="button" id="423">
						<width>770</width>
						<textcolor>white</textcolor>
						<focusedcolor>white</focusedcolor>
						<shadowcolor>black</shadowcolor>
						<label>CEDAR BROWN</label>
						<onclick>Skin.SetString(color.500, FF6F4E37)</onclick>
						<onclick>Skin.SetString(color.900, FFEFB415)</onclick>
						<onclick>Skin.SetString(color.400, FFD1BEA8)</onclick>
						<onclick>Skin.SetString(color.alt, FFFFEB3B)</onclick>
						<textoffsetx>20</textoffsetx>
					</control>
					<control type="button" id="424">
						<width>770</width>
						<textcolor>white</textcolor>
						<focusedcolor>white</focusedcolor>
						<shadowcolor>black</shadowcolor>
						<label>TROPICAL RAINFOREST</label>
						<onclick>Skin.SetString(color.500, FF609078)</onclick>
						<onclick>Skin.SetString(color.900, FFEFB415)</onclick>
						<onclick>Skin.SetString(color.400, FF2EBEB0)</onclick>
						<onclick>Skin.SetString(color.alt, FFFFEB3B)</onclick>
						<textoffsetx>20</textoffsetx>
					</control>
					<control type="button" id="425">
						<width>770</width>
						<textcolor>white</textcolor>
						<focusedcolor>white</focusedcolor>
						<shadowcolor>black</shadowcolor>
						<label>AIR FORCE BLUE</label>
						<onclick>Skin.SetString(color.500, FF59788E)</onclick>
						<onclick>Skin.SetString(color.900, FFEFB415)</onclick>
						<onclick>Skin.SetString(color.400, FF87CEFA)</onclick>
						<onclick>Skin.SetString(color.alt, FFFFEB3B)</onclick>
						<textoffsetx>20</textoffsetx>
					</control>
				</control>
				<control type="grouplist" id="9003">
					<visible>Container(9000).Hasfocus(3)</visible>
					<left>385</left>
					<top>120</top>
					<width>1405</width>
					<height>500</height>
					<itemgap>5</itemgap>
					<pagecontrol>60</pagecontrol>
					<onleft>9000</onleft>
					<onright>60</onright>
					<onup>9004</onup>
					<ondown>9004</ondown>
					<control type="label" id="310">
						<width>770</width>
						<height>60</height>
						<font>font13_title</font>
						<textcolor>$INFO[Skin.String(color.500)]</textcolor>
						<textoffsetx>5</textoffsetx>
						<aligny>center</aligny>
						<label>31102</label>
					</control>
					<control type="radiobutton" id="311">
						<width>995</width>
						<label>31109</label>
						<textcolor>white</textcolor>
						<focusedcolor>white</focusedcolor>
						<shadowcolor>black</shadowcolor>
						<onclick>Skin.ToggleSetting(UseCustomBackground)</onclick>
						<selected>Skin.HasSetting(UseCustomBackground)</selected>
					</control>
					<control type="button" id="312">
						<width>995</width>
						<label>- $LOCALIZE[31110]</label>
						<label2>[COLOR=selected]$INFO[Skin.String(CustomBackgroundPath)][/COLOR]</label2>
						<onclick>SetProperty(CustomSelectDefaultBackground,True)</onclick>
						<onclick>ActivateWindow(1102)</onclick>
						<enable>Skin.HasSetting(UseCustomBackground)</enable>
					</control>
				 </control>
				<control type="grouplist" id="9004">
					<visible>Container(9000).Hasfocus(1)</visible>
					<left>385</left>
					<top>120</top>
					<width>1405</width>
					<height>500</height>
					<itemgap>5</itemgap>
					<pagecontrol>60</pagecontrol>
					<onleft>9000</onleft>
					<onright>60</onright>
					<onup>9004</onup>
					<ondown>9004</ondown>
					<control type="label" id="998">
						<width>1405</width>
						<height>60</height>
						<font>font13_title</font>
						<textcolor>$INFO[Skin.String(color.500)]</textcolor>
						<textoffsetx>5</textoffsetx>
						<aligny>center</aligny>
						<label>TouchScreen</label>
					</control>
					<control type="radiobutton" id="999">
						<width>1405</width>
						<label>TouchScreen Button &amp; Menu Activation</label>
						<textcolor>white</textcolor>
						<focusedcolor>white</focusedcolor>
						<shadowcolor>black</shadowcolor>
						<onclick>Skin.ToggleSetting(Touchmode)</onclick>
						<selected>Skin.HasSetting(Touchmode)</selected>
					</control>
				</control>
			</control>
		</control>
		<include>BehindDialogFadeOut</include>
	</controls>
</window>