<?xml version="1.0" encoding="UTF-8"?>
<includes>
	<variable name="MediaInfoViewSecondaryLabel">
		<value condition="Container.Content(Movies) | Container.Content(TVShows)">$INFO[ListItem.Year]$INFO[ListItem.Duration, • ,]$INFO[ListItem.Genre, • ,]</value>
		<value condition="Container.Content(Seasons)">$INFO[listitem.episode] $LOCALIZE[20360] ($INFO[ListItem.Property(UnWatchedEpisodes), , $LOCALIZE[16101]])</value>
		<value condition="Container.Content(Episodes)">$INFO[ListItem.Premiered]$INFO[ListItem.Duration, • ,]$INFO[listitem.Season, • S,x]$INFO[listitem.Episode,E,]</value>
	</variable>
	<variable name="MediaInfoViewFanart">
		<value condition="ListItem.IsParentFolder">Fanart_Fallback_Back_Small.png</value>
		<value condition="Container.Content(Episodes) + !String.StartsWith(ListItem.Icon,Default)">$INFO[ListItem.Icon]</value>
		<value condition="!String.IsEmpty(ListItem.Art(landscape)) + Skin.HasSetting(MediaInfoViewUseLandscape)">$INFO[ListItem.Art(landscape)]</value>
		<value condition="!String.IsEmpty(ListItem.Art(fanart))">$INFO[ListItem.Art(fanart)]</value>
		<value condition="Window.IsActive(Videos)">Fanart_Fallback_Small.png</value>
		<value condition="Window.IsActive(Music)">Fanart_Fallback_Music_Small.png</value>
		<value>Fanart_Fallback_Folder_Small.png</value>
	</variable>
	<expression name="MediaInfoViewFanartFallback">ListItem.IsParentFolder | [String.IsEmpty(ListItem.Art(landscape)) + String.IsEmpty(ListItem.Art(fanart))]</expression>
	<expression name="MediaInfoViewPosterFallback">ListItem.IsParentFolder | [String.Contains(ListItem.Icon,Default) + String.Contains(ListItem.Art(poster),Default)]</expression>
	<include name="MediaInfoView">
		<!--all content-->
		<control type="group">
			<visible>Control.IsVisible(504)</visible>
			<include>VisibleFadeEffect</include>
			<include condition="String.IsEqual(Skin.AspectRatio,4:3)">TallListContainer</include>
			<include condition="!String.IsEqual(Skin.AspectRatio,4:3)">ShortListContainer</include>
			<centerleft>50%</centerleft>
			<width>1540</width>
			<!--content list-->
			<control type="list" id="504">
				<include condition="String.IsEqual(Skin.AspectRatio,4:3)">TallListSlide</include>
				<include condition="!String.IsEqual(Skin.AspectRatio,4:3)">ShortListSlide</include>
				<top>5</top>
				<left>662</left>
				<width>1024</width>
				<onleft>2</onleft>
				<onright>604</onright>
				<onup>504</onup>
				<ondown>504</ondown>
				<viewtype label="$LOCALIZE[544]">list</viewtype>
				<pagecontrol>604</pagecontrol>
				<scrolltime>200</scrolltime>
				<visible>Container.Content(TVShows) | Container.Content(Seasons) | Container.Content(Episodes) | Container.Content(Movies)</visible>
				<itemlayout height="100" width="1014">
					<!--background-->
					<control type="image">
						<left>4</left>
						<top>0</top>
						<width>1010</width>
						<height>90</height>
						<texture colordiffuse="FF0F0F0F">backgrounds/bg_fade_2.png</texture>
					    <bordertexture colordiffuse="$INFO[Skin.String(color.500)]">backgrounds/bg_fade_3.png</bordertexture>
					    <bordersize>2</bordersize>
					</control>
					<!--main label-->
					<control type="label">
						<left>22</left>
						<top>10</top>
						<width>890</width>
						<height>60</height>
						<font>breadcrumb</font>
						<textcolor>white</textcolor>
						<shadowcolor>black</shadowcolor>
						<align>left</align>
						<aligny>center</aligny>
						<label>$INFO[ListItem.Label]</label>
					</control>
					<!--secondary label (non videos)-->
					<control type="label">
						<left>395</left>
						<top>30</top>
						<width>600</width>
						<height>60</height>
						<font>secondary.info</font>
						<textcolor>white</textcolor>
						<shadowcolor>black</shadowcolor>
						<align>right</align>
						<aligny>center</aligny>
						<label>$INFO[ListItem.Label2]</label>
						<visible>!Window.IsVisible(Videos)</visible>
					</control>
					<!--secondary label (videos)-->
					<control type="label">
						<left>400</left>
						<top>30</top>
						<width>600</width>
						<height>60</height>
						<font>secondary.info</font>
						<textcolor>white</textcolor>
						<shadowcolor>black</shadowcolor>
						<align>right</align>
						<aligny>center</aligny>
						<label>$INFO[ListItem.Label2]</label>
						<visible>Window.IsVisible(Videos)</visible>
						<animation effect="slide" start="0,0" end="0,0" delay="0" time="0" condition="![Container.Content(Movies) | Container.Content(Episodes) | Container.Content(MusicVideos)]">conditional</animation>
					</control>
					<!--watched icon-->
					<control type="image">
						<left>972</left>
						<top>9</top>
						<width>30</width>
						<height>25</height>
						<texture colordiffuse="white">$INFO[ListItem.Overlay]</texture>
						<visible>Window.IsVisible(Videos) + !ListItem.IsResumable</visible>
					</control>
					<!--resumable icon-->
					<control type="image">
						<left>972</left>
						<top>9</top>
						<width>30</width>
						<height>25</height>
						<texture colordiffuse="white">OverlayWatching.png</texture>
						<visible>Window.IsVisible(Videos) + ListItem.IsResumable</visible>
					</control>
				</itemlayout>
				<focusedlayout height="100" width="1014">
					<!--background-->
					<control type="image">
						<left>4</left>
						<top>0</top>
						<width>1010</width>
						<height>90</height>
						<texture colordiffuse="$INFO[Skin.String(color.500)]">backgrounds/white.png</texture>
						<animation effect="fade" start="100" end="75" time="200" condition="Control.HasFocus(60)">Conditional</animation>
					</control>
					<!--main label-->
					<control type="label">
						<left>22</left>
						<top>10</top>
						<width>890</width>
						<height>60</height>
						<font>breadcrumb</font>
						<textcolor>white</textcolor>
						<shadowcolor>black</shadowcolor>
						<align>left</align>
						<aligny>center</aligny>
						<label>$INFO[ListItem.Label]</label>
					</control>
					<!--secondary label (non videos)-->
					<control type="label">
						<left>395</left>
						<top>30</top>
						<width>600</width>
						<height>60</height>
						<font>secondary.info</font>
						<textcolor>white</textcolor>
						<shadowcolor>black</shadowcolor>
						<align>right</align>
						<aligny>center</aligny>
						<label>$INFO[ListItem.Label2]</label>
						<visible>!Window.IsVisible(Videos)</visible>
					</control>
					<!--secondary label (videos)-->
					<control type="label">
						<left>400</left>
						<top>30</top>
						<width>600</width>
						<height>60</height>
						<font>secondary.info</font>
						<textcolor>white</textcolor>
						<shadowcolor>black</shadowcolor>
						<align>right</align>
						<aligny>center</aligny>
						<label>$INFO[ListItem.Label2]</label>
						<visible>Window.IsVisible(Videos)</visible>
						<animation effect="slide" start="0,0" end="0,0" delay="0" time="0" condition="![Container.Content(Movies) | Container.Content(Episodes) | Container.Content(MusicVideos)]">conditional</animation>
					</control>
					<!--watched icon-->
					<control type="image">
						<left>972</left>
						<top>9</top>
						<width>30</width>
						<height>25</height>
						<texture colordiffuse="white">$INFO[ListItem.Overlay]</texture>
						<visible>Window.IsVisible(Videos) + !ListItem.IsResumable</visible>
					</control>
					<!--resumable icon-->
					<control type="image">
						<left>972</left>
						<top>9</top>
						<width>30</width>
						<height>25</height>
						<texture colordiffuse="white">OverlayWatching.png</texture>
						<visible>Window.IsVisible(Videos) + ListItem.IsResumable</visible>
					</control>
				</focusedlayout>
			</control>
			<!--scrollbar-->
			<control type="scrollbar" id="604">
			    <top>5</top>
				<left>1686</left>
				<bottom>10</bottom>
				<onleft>504</onleft>
				<onright>2</onright>
				<visible>Control.IsVisible(504)</visible>
			</control>
			<control type="group">
			    <include>VisibleFadeEffect</include>
				<top>5</top>
				<left>-130</left>
				<centertop>50%</centertop>
				<height>700</height>
				<visible>Control.IsVisible(504) + [Container.Content(Movies) | Container.Content(TVShows) | Container.Content(Seasons) | Container.Content(Episodes)]</visible>
				<!--background-->
				<control type="image">
					<left>-10</left>
					<top>-2</top>
					<width>789</width>
					<height>422</height>
					<texture colordiffuse="FF0F0F0F">backgrounds/bg_fade_2.png</texture>
					<bordertexture colordiffuse="$INFO[Skin.String(color.500)]">backgrounds/bg_fade_4.png</bordertexture>
					<bordersize>2</bordersize>
				</control>
				<!--fanart (fallback)-->
				<control type="image">
					<left>0</left>
					<top>8</top>
					<width>770</width>
					<height>402</height>
					<aspectratio>scale</aspectratio>
					<texture background="true" colordiffuse="$INFO[Skin.String(color.500)]">$VAR[MediaInfoViewFanart]</texture>
					<visible>$EXP[MediaInfoViewFanartFallback]</visible>
				</control>
				<!--fanart (no fallback)-->
				<control type="image">
					<left>0</left>
					<top>8</top>
					<width>770</width>
					<height>402</height>
					<aspectratio>scale</aspectratio>
					<texture background="true">$VAR[MediaInfoViewFanart]</texture>
					<bordertexture background="true" colordiffuse="$INFO[Skin.String(color.tertiary)]">backgrounds/white.png</bordertexture>
					<bordersize>0</bordersize>
					<visible>!$EXP[MediaInfoViewFanartFallback]</visible>
				</control>
				<!--background-->
				<control type="image">
					<left>-10</left>
					<top>432</top>
					<width>789</width>
					<height>75</height>
					<texture colordiffuse="FF0F0F0F">backgrounds/bg_fade_2.png</texture>
					<bordertexture colordiffuse="$INFO[Skin.String(color.500)]">backgrounds/bg_fade_3.png</bordertexture>
					<bordersize>2</bordersize>
				</control>
				<!--secondary label-->
				<control type="label">
					<left>15</left>
					<top>443</top>
					<width>730</width>
					<height>60</height>
					<font>secondary.info.big</font>
					<textcolor>white</textcolor>
					<selectedcolor>white</selectedcolor>
					<align>left</align>
					<aligny>center</aligny>
					<label>$VAR[MediaInfoViewSecondaryLabel]</label>
				</control>
				<!--background-->
				<control type="image">
					<left>-10</left>
					<top>517</top>
					<width>789</width>
					<height>173</height>
					<texture colordiffuse="FF0F0F0F">backgrounds/bg_fade_2.png</texture>
					<bordertexture colordiffuse="$INFO[Skin.String(color.500)]">backgrounds/bg_fade_3.png</bordertexture>
					<bordersize>2</bordersize>
				</control>
				<!--plot (movies | episodes)-->
				<control type="textbox">
					<left>13</left>
					<top>534</top>
					<width>710</width>
					<height>135</height>
					<font>label</font>
					<align>left</align>
					<textcolor>white</textcolor>
					<label>$INFO[ListItem.Plot]</label>
					<visible>Container.Content(Movies) | Container.Content(Episodes)</visible>
					<autoscroll time="2000" delay="5000" repeat="8000">Skin.HasSetting(AutoScroll)</autoscroll>
				</control>
				<!--plot (tv shows | seasons)-->
				<control type="textbox">
					<left>13</left>
					<top>533</top>
					<width>710</width>
					<height>135</height>
					<font>label</font>
					<align>left</align>
					<textcolor>white</textcolor>
					<label>$INFO[ListItem.Plot]</label>
					<visible>Container.Content(TVShows) | Container.Content(Seasons)</visible>
					<autoscroll time="2000" delay="5000" repeat="8000">Skin.HasSetting(AutoScroll)</autoscroll>
				</control>
			</control>
			<control type="group">
			 <left>260</left>
			 <control type="label">
			  <visible>Container.Content(Movies) | Container.Content(Tvshows) | Container.Content(Seasons)</visible>
				 <left>120</left>
				 <top>775</top>
				 <width>680</width>
				 <height>92</height>
				 <font>label</font>
				 <textcolor>white</textcolor>
				 <align>center</align>
				 <aligny>center</aligny>
				 <label>$INFO[ListItem.Studio]</label>
				 <scroll>true</scroll>
			 </control>
			 <control type="label">
			  <visible>Container.Content(Tvshows) | Container.Content(Seasons)</visible>
				 <left>-80</left>
				 <top>800</top>
				 <width>900</width>
				 <height>92</height>
				 <font>label</font>
				 <textcolor>white</textcolor>
				 <align>left</align>
				 <label>$INFO[Window(Home).Property(TMDbHelper.ListItem.Season,[COLOR ffefb415]Seasons: [/COLOR]]</label>
				 <visible>Container.Content(TVShows) | Container.Content(Seasons)</visible>
				 <scroll>true</scroll>
			 </control>
			 <control type="label">
			  <visible>Container.Content(Tvshows) | Container.Content(Seasons)</visible>
				 <left>905</left>
				 <top>800</top>
				 <width>900</width>
				 <height>92</height>
				 <font>label</font>
				 <textcolor>white</textcolor>
				 <label>$INFO[Window(Home).Property(TMDbHelper.ListItem.Episode,[COLOR ffefb415]Episodes: [/COLOR]]</label>
				 <visible>Container.Content(Seasons) | Container.Content(TVShows)</visible>
				 <scroll>true</scroll>
			 </control>
			 <control type="label">
			   <visible>Container.Content(Episodes)</visible>
				  <left>0</left>
				  <top>775</top>
				  <width>900</width>
				  <height>92</height>
				  <font>label</font>
				  <textcolor>white</textcolor>
				  <align>center</align>
				  <aligny>center</aligny>
				  <label>$INFO[Window(Home).Property(TMDbHelper.ListItem.Status)]</label>
				  <scroll>true</scroll>
			 </control>
		  </control>
		</control>
	</include>
	<include name="FanartPosterView">
		<!-- allcontent-->
		<control type="group">
			<visible>Control.IsVisible(515)</visible>
			<include>VisibleFadeEffect</include>
			<include condition="String.IsEqual(Skin.AspectRatio,4:3)">TallListContainer</include>
			<include condition="!String.IsEqual(Skin.AspectRatio,4:3)">ShortListContainer</include>
			<centerleft>50%</centerleft>
			<width>1800</width>
			<!--content list-->
			<control type="list" id="515">
				<include condition="String.IsEqual(Skin.AspectRatio,4:3)">TallListSlide</include>
				<include condition="!String.IsEqual(Skin.AspectRatio,4:3)">ShortListSlide</include>
				<top>5</top>
				<left>-13</left>
				<width>820</width>
				<onleft>2</onleft>
				<onright>615</onright>
				<onup>515</onup>
				<ondown>515</ondown>
				<viewtype label="FanartPoster">list</viewtype>
				<pagecontrol>615</pagecontrol>
				<scrolltime>200</scrolltime>
				<visible>Container.Content(TVShows) | Container.Content(Movies) | Container.Content(Episodes) | Container.Content(Seasons)</visible>
				<itemlayout height="100" width="801">
					<!--background-->
					<control type="image">
						<left>4</left>
						<top>0</top>
						<width>801</width>
						<height>90</height>
						<texture colordiffuse="FF2E2E2E">backgrounds/bg_fade_7.png</texture>
				        <bordertexture colordiffuse="$INFO[Skin.String(color.500)]">backgrounds/bg_fade_3.png</bordertexture>
				        <bordersize>2</bordersize>
					</control>
					<!--main label-->
					<control type="label">
						<left>19</left>
						<top>10</top>
						<width>733</width>
						<height>60</height>
						<font>breadcrumb</font>
						<textcolor>white</textcolor>
						<shadowcolor>black</shadowcolor>
						<align>left</align>
						<aligny>center</aligny>
						<label>$INFO[ListItem.Label]</label>
					</control>
					<!--watched icon-->
					<control type="image">
						<left>768</left>
						<top>7</top>
						<width>30</width>
						<height>25</height>
						<texture colordiffuse="white">$INFO[ListItem.Overlay]</texture>
						<visible>Window.IsVisible(Videos) + !ListItem.IsResumable</visible>
					</control>
					<!--resumable icon-->
					<control type="image">
						<left>768</left>
						<top>7</top>
						<width>30</width>
						<height>25</height>
						<texture colordiffuse="white">OverlayWatching.png</texture>
						<visible>Window.IsVisible(Videos) + ListItem.IsResumable</visible>
					</control>
				</itemlayout>
				<focusedlayout height="100" width="801">
					<!--background-->
					<control type="image">
						<left>4</left>
						<top>0</top>
						<width>801</width>
						<height>90</height>
						<texture colordiffuse="$INFO[Skin.String(color.500)]">backgrounds/white.png</texture>
						<animation effect="fade" start="100" end="75" time="200" condition="Control.HasFocus(60)">Conditional</animation>
					</control>
					<!--main label-->
					<control type="label">
						<left>19</left>
						<top>10</top>
						<width>733</width>
						<height>60</height>
						<font>breadcrumb</font>
						<textcolor>white</textcolor>
						<shadowcolor>black</shadowcolor>
						<align>left</align>
						<aligny>center</aligny>
						<label>$INFO[ListItem.Label]</label>
					</control>
					<!--watched icon-->
					<control type="image">
						<left>768</left>
						<top>7</top>
						<width>30</width>
						<height>25</height>
						<texture colordiffuse="white">$INFO[ListItem.Overlay]</texture>
						<visible>Window.IsVisible(Videos) + !ListItem.IsResumable</visible>
					</control>
					<!--resumable icon-->
					<control type="image">
						<left>768</left>
						<top>7</top>
						<width>30</width>
						<height>25</height>
						<texture colordiffuse="white">OverlayWatching.png</texture>
						<visible>Window.IsVisible(Videos) + ListItem.IsResumable</visible>
					</control>
				</focusedlayout>
			</control>
			<!--scrollbar-->
			<control type="scrollbar" id="615">
			    <top>5</top>
				<left>796</left>
				<bottom>10</bottom>
				<onleft>515</onleft>
				<onright>2</onright>
				<orientation>vertical</orientation>
				<showonepage>true</showonepage>
				<visible>Control.IsVisible(515)</visible>
			</control>
			<!--info-->
			<control type="group">
			<include>VisibleFadeEffect</include>
			    <top>5</top>
				<left>816</left>
				<centertop>50%</centertop>
				<height>700</height>
				<!--background-->
				<control type="image">
					<left>-10</left>
					<top>0</top>
					<width>1004</width>
					<height>422</height>
					<texture colordiffuse="FF0F0F0F">backgrounds/bg_fade_2.png</texture>
					<bordertexture colordiffuse="$INFO[Skin.String(color.500)]">backgrounds/bg_fade_4.png</bordertexture>
					<bordersize>2</bordersize>
				</control>
				<!--fanart (fallback)-->
				<control type="image">
					<left>2</left>
					<top>12</top>
					<width>711</width>
					<height>400</height>
					<aspectratio scalediffuse="false">scale</aspectratio>
					<texture background="true" colordiffuse="$INFO[Skin.String(color.500)]">$VAR[MediaInfoViewFanart]</texture>
					<visible>$EXP[MediaInfoViewFanartFallback]</visible>
				</control>
				<!--fanart (no fallback)-->
				<control type="image">
					<left>0</left>
					<top>10</top>
					<width>715</width>
					<height>402</height>
					<aspectratio scalediffuse="false">scale</aspectratio>
					<texture background="true">$VAR[MediaInfoViewFanart]</texture>
					<visible>!$EXP[MediaInfoViewFanartFallback]</visible>
				</control>
				<!--thumb (fallback)-->
				<control type="image">
					<left>715</left>
					<top>12</top>
					<width>267</width>
					<height>400</height>
					<aspectratio>keep</aspectratio>
					<texture colordiffuse="$INFO[Skin.String(color.500)]" background="true">DefaultFolder.png</texture>
					<visible>$EXP[MediaInfoViewPosterFallback]</visible>
				</control>
				<!--thumb (no fallback)-->
				<control type="image">
					<left>715</left>
					<top>10</top>
					<width>269</width>
					<height>402</height>
					<aspectratio align="left" aligny="bottom">stretch</aspectratio>
					<texture background="true">$VAR[PosterThumb]</texture>
					<visible>!$EXP[MediaInfoViewPosterFallback]</visible>
				</control>
				<!--background-->
				<control type="image">
					<left>-10</left>
					<top>432</top>
					<width>1004</width>
					<height>75</height>
					<texture colordiffuse="FF0F0F0F">backgrounds/bg_fade_2.png</texture>
					<bordertexture colordiffuse="$INFO[Skin.String(color.500)]">backgrounds/bg_fade_3.png</bordertexture>
					<bordersize>2</bordersize>
				</control>
				<!--secondary label-->
				<control type="label">
					<left>15</left>
					<top>438</top>
					<width>954</width>
					<height>60</height>
					<font>secondary.info.big</font>
					<textcolor>white</textcolor>
					<selectedcolor>white</selectedcolor>
					<align>left</align>
					<aligny>center</aligny>
					<label>$VAR[MediaInfoViewSecondaryLabel]</label>
				</control>
				<!--background-->
				<control type="image">
					<left>-10</left>
					<top>517</top>
					<width>1004</width>
					<height>172</height>
					<texture colordiffuse="FF0F0F0F">backgrounds/bg_fade_2.png</texture>
					<bordertexture colordiffuse="$INFO[Skin.String(color.500)]">backgrounds/bg_fade_3.png</bordertexture>
					<bordersize>2</bordersize>
				</control>
				<!--plot (movies | episodes)-->
				<control type="textbox">
					<left>15</left>
					<top>532</top>
					<width>954</width>
					<height>136</height>
					<font>label</font>
					<align>left</align>
					<textcolor>white</textcolor>
					<label>$INFO[ListItem.Plot]</label>
					<autoscroll time="3000" delay="10000" repeat="10000">Skin.HasSetting(AutoScroll)</autoscroll>
					<visible>Container.Content(Movies) | Container.Content(Episodes)</visible>
				</control>
				<!--plot (tv shows | seasons)-->
				<control type="textbox">
					<left>15</left>
					<top>532</top>
					<width>954</width>
					<height>136</height>
					<font>label</font>
					<align>left</align>
					<textcolor>white</textcolor>
					<label>$INFO[ListItem.Plot]</label>
					<autoscroll time="3000" delay="10000" repeat="10000">Skin.HasSetting(AutoScroll)</autoscroll>
					<visible>Container.Content(TVShows) | Container.Content(Seasons)</visible>
				</control>
			</control>
			<control type="group">
			 <left>360</left>
			 <control type="label">
			  <visible>Container.Content(Movies) | Container.Content(Tvshows) | Container.Content(Seasons)</visible>
				 <left>120</left>
				 <top>775</top>
				 <width>680</width>
				 <height>92</height>
				 <font>label</font>
				 <textcolor>white</textcolor>
				 <align>center</align>
				 <aligny>center</aligny>
				 <label>$INFO[ListItem.Studio]</label>
				 <scroll>true</scroll>
			 </control>
			 <control type="label">
			  <visible>Container.Content(Tvshows) | Container.Content(Seasons)</visible>
				 <left>-80</left>
				 <top>800</top>
				 <width>900</width>
				 <height>92</height>
				 <font>label</font>
				 <textcolor>white</textcolor>
				 <align>left</align>
				 <label>$INFO[Window(Home).Property(TMDbHelper.ListItem.Season,[COLOR ffefb415]Seasons: [/COLOR]]</label>
				 <visible>Container.Content(TVShows) | Container.Content(Seasons)</visible>
				 <scroll>true</scroll>
			 </control>
			 <control type="label">
			  <visible>Container.Content(Tvshows) | Container.Content(Seasons)</visible>
				 <left>905</left>
				 <top>800</top>
				 <width>900</width>
				 <height>92</height>
				 <font>label</font>
				 <textcolor>white</textcolor>
				 <label>$INFO[Window(Home).Property(TMDbHelper.ListItem.Episode,[COLOR ffefb415]Episodes: [/COLOR]]</label>
				 <visible>Container.Content(Seasons) | Container.Content(TVShows)</visible>
				 <scroll>true</scroll>
			 </control>
			 <control type="label">
			   <visible>Container.Content(Episodes)</visible>
				  <left>0</left>
				  <top>775</top>
				  <width>900</width>
				  <height>92</height>
				  <font>label</font>
				  <textcolor>white</textcolor>
				  <align>center</align>
				  <aligny>center</aligny>
				  <label>$INFO[Window(Home).Property(TMDbHelper.ListItem.Status)]</label>
				  <scroll>true</scroll>
			 </control>
		  </control>
		</control>
	</include>
</includes>