<?xml version="1.0" encoding="UTF-8"?>
<window>
	<controls>
		<control type="group">
			<visible>!Window.IsVisible(startup) + String.IsEmpty(Window(Home).Property(script.cinemavision.running))</visible>
			<control type="image">
				<include>FullscreenDimensions</include>
				<texture border="1" colordiffuse="D9FFFFFF">black.png</texture>
				<animation effect="fade" time="300">WindowOpen</animation>
				<animation effect="fade" time="300">WindowClose</animation>
			</control>
			<control type="progress" id="10">
				<description>progress control</description>
				<width>1</width>
				<height>1</height>
				<texturebg />
				<lefttexture />
				<midtexture />
				<righttexture />
				<overlaytexture />
			</control>
			<control type="group">
				<include>DialogOpenCloseAnimation</include>
				<control type="group">
					<left>860</left>
					<top>440</top>
					<control type="image">
						<description>Busy animation</description>
						<posx>-100</posx>
						<posy>-50</posy>
						<width>280</width>
						<height>280</height>
						<texture colordiffuse="">android/bk.gif</texture>
						<aspectratio></aspectratio>
					<!--	<animation effect="rotate" start="0" end="360" center="auto" time="2000" loop="true" condition="true">Conditional</animation>  -->
					</control>
				<!--	<control type="image">
						<description>Busy animation</description>
						<width>200</width>
						<height>200</height>
						<texture colordiffuse="">android/spinner_48_inner_holo.png</texture>
						<aspectratio>keep</aspectratio>
						<animation effect="rotatey" end="-360" time="3000" loop="true" center="100" condition="true">Conditional</animation>
					</control>
				-->	<control type="label">
						<description>Busy label</description>
						<width>96</width>
						<height>96</height>
						<textcolor>snow</textcolor>
						<align>center</align>
						<label>It's Loading....</label>
						<font>font12</font>
						<visible>!Integer.IsEqual(Control.GetLabel(10), 0)</visible>
					</control>
				</control>
			</control>
		</control>
	</controls>
</window>