<?xml version="1.0" encoding="UTF-8"?>
<addon id="plugin.video.falcon" name="[COLORred]Fal [COLORgrey]con[/COLOR]" version="1.2" provider-name="[COLOR orange]@by_black_eagle[/COLOR]">
	<requires>
		<import addon="script.module.requests"/>
	</requires>
	<extension point="xbmc.python.pluginsource" library="plugin.py">
		<provides>video</provides>
	</extension>
	<extension point="xbmc.python.module" library="resources" />
	<extension point="xbmc.addon.metadata">
		<summary>Canais de Televisão, desportos e mais...</summary>
		<description lang="en">[COLORred]Fal [COLORgrey]con[/COLOR] [COLORorange]é um addon da familia BlackEagle Team.TODOS OS LINKS ESTÃO DISPONIVEIS NA INTERNET![/COLOR]</description>
		<platform>all</platform>
		<assets>
       <icon>icon.png</icon>
       <fanart>fanart.jpg</fanart>
       <screenshot>resources/screenshots/1.jpg</screenshot>
       <screenshot>resources/screenshots/2.jpg</screenshot>
       <screenshot>resources/screenshots/3.jpg</screenshot>
    </assets>
    </extension>
</addon>
