<?xml version="1.0" encoding="UTF-8" standalone="yes"?>
<addon id="plugin.program.arrownegra.wizard" name="[COLOR chocolate]ARROW[/COLOR][COLORgold]NEGRA[/COLOR] [COLORgrey]WIZARD[/COLOR]" version="2.0.2" provider-name="[COLORchocolate][COLORgold]Black Eagle[/COLOR]">
  <requires>
    <import addon="xbmc.python" version="3.0.0"/>
    <import addon="script.module.six" />
    <import addon="script.module.kodi-six" />
  	<import addon="script.module.requests"/>
    <import addon="script.kodi.android.update" optional="true" version="1.3.2" />
  </requires>
  <extension point="xbmc.python.pluginsource" library="default.py">
        <provides>executable</provides>
  </extension>
  <extension point="xbmc.service" library="startup.py" start="startup" />
  <extension point="xbmc.addon.metadata">
    <summary lang="en">ARROWNEGRA WIZARD</summary>
    <description lang="en">ARROWNEGRA WIZARD - All Builds in one place</description>
    <platform>all</platform>
    <assets>
        <icon>icon.png</icon>
        <fanart>fanart.jpg</fanart>
        <banner></banner>
        <clearlogo></clearlogo>
        <screenshot></screenshot>
    </assets>
  </extension>
</addon>
