<?xml version="1.0" encoding="UTF-8" standalone="yes"?>
<addon id="plugin.video.espada.dragao" name="[COLOR yellow]ESPADA[COLORgrey]DRAGÃO[/COLOR]" version="2.4" provider-name="[COLOR orange]@by_blak_eagle[/COLOR]">
        <requires>
        <import addon="script.module.simplejson" />
        <import addon="script.module.six" />
        <import addon="script.module.kodi-six" />
		<import addon="script.module.beautifulsoup4"/>
        <import addon="script.module.requests"/>
        <import addon="script.module.inputstreamhelper"/>
    </requires>
  <extension point="xbmc.python.pluginsource"
      library="default.py">
    <provides>video</provides>
  </extension>
  <extension point="xbmc.addon.metadata">
		<summary>[COLOR lime]Canais de Televisão, desportos e mais...[/COLOR]</summary>
		<description lang="en">[COLOR orange]Black[/COLOR] [COLOR gold]Eagle[/COLOR] [COLORorange]é um addon da familia Blackeagle Team.TODOS OS LINKS ESTÃO DISPONIVEIS NA INTERNET![/COLOR]</description>
		<platform>all</platform>
		<assets>
       <icon>icon.png</icon>
       <fanart>fanart.jpg</fanart>
       <screenshot>resources/screenshots/1.jpg</screenshot>
       <screenshot>resources/screenshots/2.jpg</screenshot>
       <screenshot>resources/screenshots/3.jpg</screenshot>
    </assets>
  </extension>
</addon>