<?xml version="1.0" encoding="UTF-8"?>
<window type="buttonMenu">
	<defaultcontrol>9000</defaultcontrol>
	<controls>
		<include>BehindDialogFadeOut</include>
		<!--all content-->
		<control type="group">
			<left>53r</left>
			<top>0</top>
			<width>540</width>
			<height>100%</height>
			<include content="SideBladeRight">
				<param name="dialog-glowwidth" value="540" />
				<param name="background-fade" value="true" />
			</include>	
			<control type="image">
			<visible>Skin.HasSetting(Touchmode)</visible>
				<left>60</left>
				<top>47</top>
				<width>70</width>
				<height>70</height>
				<texture colordiffuse="FF2E2E2E">backgrounds/bg_fade_7.png</texture>
				<bordertexture colordiffuse="$INFO[Skin.String(color.500)]"></bordertexture>
				<bordersize>2</bordersize>
			</control>
			<control type="button">
				<visible>Skin.HasSetting(Touchmode)</visible>
				<description>Home push button</description>
				<left>80</left>
				<top>60</top>
				<width>480</width>
				<height>150</height>
				<label></label>
				<font/>
				<onclick>PreviousMenu</onclick>
				<texturefocus colordiffuse="">icons_be/logo.png</texturefocus>
				<texturenofocus colordiffuse="white">icons_be/logo.png</texturenofocus>
			</control>
			<!--title-->
			<control type="label">
				<left>145</left>
				<top>190</top>
				<width>355</width>
				<height>60</height>
				<font>menu.title</font>
				<textcolor>$INFO[Skin.String(color.500)]</textcolor>
				<align>center</align>
				<aligny>center</aligny>
				<label>31064</label>
			</control>
			<control type="group">
				<top>340</top>
				<bottom>0</bottom>
				<!--buttons grouplist-->
				<control type="grouplist" id="9000">
					<left>140</left>
					<width>465</width>
					<height>100%</height>
					<onleft>9000</onleft>
					<onright>9000</onright>
					<onup>9000</onup>
					<ondown>9000</ondown>
					<itemgap>0</itemgap>
					<align>left</align>
					<control type="button" id="2">
						<description>Exit button</description>
						<include>ButtonCommonValues</include>
						<onclick>Quit()</onclick>
						<visible>System.ShowExitButton</visible>
						<label>13012</label>
						<textcolor>white</textcolor>
			            <focusedcolor>white</focusedcolor>
			            <shadowcolor>black</shadowcolor>
						<align>center</align>
					</control>
					<control type="button" id="3">
						<description>Shutdown button</description>
						<include>ButtonCommonValues</include>
						<onclick>Powerdown()</onclick>
						<visible>System.CanPowerDown</visible>
						<label>13016</label>
						<textcolor>white</textcolor>
			            <focusedcolor>white</focusedcolor>
			            <shadowcolor>black</shadowcolor>
						<align>center</align>
					</control>
					<control type="button" id="4">
						<description>Custom Shutdown Timer</description>
						<include>ButtonCommonValues</include>
						<onclick>AlarmClock(shutdowntimer.Shutdown())</onclick>
						<label>20150</label>
						<textcolor>white</textcolor>
			            <focusedcolor>white</focusedcolor>
			            <shadowcolor>black</shadowcolor>
						<visible>!System.HasAlarm(shutdowntimer)</visible>
						<visible>System.CanPowerDown | System.CanSuspend | System.CanHibernate</visible>
						<align>center</align>
					</control>
					<control type="button" id="5">
						<description>Cancel Shutdown Timer</description>
						<include>ButtonCommonValues</include>
						<onclick>CancelAlarm(shutdowntimer)</onclick>
						<label>20151</label>
						<textcolor>white</textcolor>
			            <focusedcolor>white</focusedcolor>
			            <shadowcolor>black</shadowcolor>
						<visible>System.HasAlarm(shutdowntimer)</visible>
						<align>center</align>
					</control>
					<control type="button" id="6">
						<description>Suspend button</description>
						<include>ButtonCommonValues</include>
						<onclick>Suspend()</onclick>
						<visible>System.CanSuspend</visible>
						<label>13011</label>
						<textcolor>white</textcolor>
			            <focusedcolor>white</focusedcolor>
			            <shadowcolor>black</shadowcolor>
						<align>center</align>
					</control>
					<control type="button" id="7">
						<description>Hibernate button</description>
						<include>ButtonCommonValues</include>
						<onclick>Hibernate()</onclick>
						<visible>System.CanHibernate</visible>
						<label>13010</label>
						<textcolor>white</textcolor>
			            <focusedcolor>white</focusedcolor>
			            <shadowcolor>black</shadowcolor>
						<align>center</align>
					</control>
					<control type="button" id="8">
						<description>Reboot button</description>
						<include>ButtonCommonValues</include>
						<onclick>Reset()</onclick>
						<visible>System.CanReboot</visible>
						<label>13013</label>
						<textcolor>white</textcolor>
			            <focusedcolor>white</focusedcolor>
			            <shadowcolor>black</shadowcolor>
						<align>center</align>
					</control>
					<control type="button" id="9">
						<description>Logoff button</description>
						<include>ButtonCommonValues</include>
						<onclick>dialog.close(all,true)</onclick>
						<onclick>System.LogOff</onclick>
						<label>$LOCALIZE[20126] $INFO[system.profilename]</label>
						<textcolor>white</textcolor>
			            <focusedcolor>white</focusedcolor>
			            <shadowcolor>black</shadowcolor>
						<visible>System.HasLoginScreen | Integer.IsGreater(System.ProfileCount,1)</visible>
						<visible>System.Loggedon</visible>
						<align>center</align>
					</control>
					<control type="togglebutton" id="10">
						<description>Master mode button</description>
						<include>ButtonCommonValues</include>
						<usealttexture>!System.IsMaster</usealttexture>
						<onclick>mastermode</onclick>
						<label>$LOCALIZE[20046]</label>
						<altlabel>$LOCALIZE[20045]</altlabel>
						<textcolor>white</textcolor>
			            <focusedcolor>white</focusedcolor>
			            <shadowcolor>black</shadowcolor>
						<visible>System.HasLocks</visible>
						<align>center</align>
					</control>
					<!--settings-->
					<control type="button" id="14">
						<include>ButtonCommonValues</include>
						<label>21417</label>
						<textcolor>white</textcolor>
			            <focusedcolor>white</focusedcolor>
			            <shadowcolor>black</shadowcolor>
						<onclick>ActivateWindow(Settings)</onclick>
						<align>center</align>
					</control>
					<control type="group" id="11">
						<width>510</width>
						<height>105</height>
						<visible>System.HasAlarm(shutdowntimer)</visible>
						<!--alarm background-->
						<control type="image">
							<left>0</left>
							<top>0</top>
							<width>355</width>
							<height>110</height>
							<texture background="true" colordiffuse="$INFO[Skin.String(color.900)]">backgrounds/white.png</texture>
						</control>
						<control type="textbox">
							<left>0</left>
							<top>10</top>
							<width>355</width>
							<height>90</height>
							<font>label</font>
							<textcolor>white</textcolor>
							<align>center</align>
							<aligny>center</aligny>
							<label>$LOCALIZE[31329] [B]$INFO[System.Alarmpos][/B]</label>
						</control>
					</control>
					<control type="button" id="12">
						<description>Inhibit idle shutdown</description>
						<include>ButtonCommonValues</include>
						<onclick>InhibitIdleShutdown(true)</onclick>
						<label>13017</label>
						<textcolor>white</textcolor>
			            <focusedcolor>white</focusedcolor>
			            <shadowcolor>black</shadowcolor>
						<visible>System.HasShutdown +!System.IsInhibit</visible>
						<align>center</align>
					</control>
					<control type="button" id="13">
						<description>Allow idle shutdown</description>
						<include>ButtonCommonValues</include>
						<onclick>InhibitIdleShutdown(false)</onclick>
						<visible>System.HasShutdown + System.IsInhibit</visible>
						<align>center</align>
					</control>
					<control type="button" id="15">
						<description>Reload Skin</description>
						<include>ButtonCommonValues</include>
						<onclick>Dialog.Close(all,true)</onclick>
						<onclick>ReloadSkin()</onclick>
						<label>Skin Reload</label>
						<textcolor>white</textcolor>
			            <focusedcolor>white</focusedcolor>
			            <shadowcolor>black</shadowcolor>
						<align>center</align>
					</control>
				</control>
			</control>
		</control>
	</controls>
</window>