<?xml version="1.0" encoding="UTF-8"?>
<window>
	<defaultcontrol always="true">602</defaultcontrol>
	<controls>
		<!--all content-->
		<control type="group">
			<centerleft>50%</centerleft>
			<top>105r</top>
			<width>1800</width>
			<!--background-->
			<control type="image" id="1">
				<top>-12</top>
				<left>-2</left>
				<width>1804</width>
				<height>90</height>
				<texture>homeshadow_1.png</texture>
				<visible>![Window.IsVisible(AddonSettings) | Window.IsVisible(SelectDialog) | Window.IsVisible(VisualisationPresetList) | Window.IsVisible(PVROSDChannels) | Window.IsVisible(PVRChannelGuide) | Window.IsVisible(PVRRadioRDSInfo) | Window.IsVisible(Addon)]</visible>
			</control>
			<control type="image" id="1">
				<top>-9</top>
				<width>1800</width>
				<height>85</height>
				<texture colordiffuse="$INFO[Skin.String(color.400)]">backgrounds/bg_fade_7.png</texture>
				<bordertexture colordiffuse="$INFO[Skin.String(color.500)]">backgrounds/bg_fade_3.png</bordertexture>
				<bordersize>2</bordersize>
				<visible>![Window.IsVisible(AddonSettings) | Window.IsVisible(SelectDialog) | Window.IsVisible(VisualisationPresetList) | Window.IsVisible(PVROSDChannels) | Window.IsVisible(PVRChannelGuide) | Window.IsVisible(PVRRadioRDSInfo) | Window.IsVisible(Addon)]</visible>
			</control>
			<control type="slider" id="87">
				<description>Seek Slider</description>
				<left>25</left>
				<top>-50</top>
				<width>1090</width>
				<height>7</height>
				<onup>702</onup>
				<ondown>26</ondown>
				<action>seek</action>
				<animation effect="fade" time="200">VisibleChange</animation>
				<visible>![Window.IsVisible(AddonSettings) | Window.IsVisible(SelectDialog) | Window.IsVisible(VisualisationPresetList) | Window.IsVisible(PVROSDChannels) | Window.IsVisible(PVRChannelGuide) | Window.IsVisible(PVRRadioRDSInfo) | Window.IsVisible(Addon)]</visible>
			</control>
			<control type="grouplist" id="100">
				<left>30</left>
				<top>3</top>
				<onup>1000</onup>
				<ondown>1000</ondown>
				<onleft>704</onleft>
				<onright>705</onright>
				<orientation>horizontal</orientation>
				<itemgap>37</itemgap>
				<animation effect="fade" time="200">VisibleChange</animation>
				<visible>![Window.IsVisible(AddonSettings) | Window.IsVisible(SelectDialog) | Window.IsVisible(VisualisationPresetList) | Window.IsVisible(PVROSDChannels) | Window.IsVisible(PVRChannelGuide) | Window.IsVisible(PVRRadioRDSInfo) | Window.IsVisible(Addon)]</visible>
				<control type="button" id="300">
					<width>60</width>
					<height>60</height>
					<label>210</label>
					<font></font>
					<texturefocus colordiffuse="FFEFB415">OSDChannelUPNF.png</texturefocus>
					<texturenofocus colordiffuse="white">OSDChannelUPNF.png</texturenofocus>
					<onclick>PlayerControl(Previous)</onclick>
					<visible>MusicPlayer.Content(LiveTV)</visible>
				</control>
				<control type="button" id="301">
					<width>60</width>
					<height>60</height>
					<label>31354</label>
					<font></font>
					<texturefocus colordiffuse="FFEFB415">OSDChannelDownNF.png</texturefocus>
					<texturenofocus colordiffuse="white">OSDChannelDownNF.png</texturenofocus>
					<onclick>PlayerControl(Next)</onclick>
					<visible>MusicPlayer.Content(LiveTV)</visible>
				</control>
				<control type="button" id="600">
					<width>60</width>
					<height>60</height>
					<label>210</label>
					<font></font>
					<texturefocus colordiffuse="FFEFB415">OSDPrevTrackNF.png</texturefocus>
					<texturenofocus colordiffuse="white">OSDPrevTrackNF.png</texturenofocus>
					<onclick>PlayerControl(Previous)</onclick>
					<visible>!MusicPlayer.Content(LiveTV)</visible>
				</control>
				<control type="button" id="601">
					<width>60</width>
					<height>60</height>
					<label>31354</label>
					<font></font>
					<texturefocus colordiffuse="FFEFB415">OSDRewindNF.png</texturefocus>
					<texturenofocus colordiffuse="white">OSDRewindNF.png</texturenofocus>
					<onclick>PlayerControl(Rewind)</onclick>
				</control>
				<control type="togglebutton" id="602">
					<width>60</width>
					<height>60</height>
					<label>31351</label>
					<altlabel>208</altlabel>
					<font></font>
					<texturefocus colordiffuse="FFEFB415">OSDPauseNF.png</texturefocus>
					<texturenofocus colordiffuse="white">OSDPauseNF.png</texturenofocus>
					<usealttexture>Player.Paused | Player.Forwarding | Player.Rewinding</usealttexture>
					<alttexturefocus colordiffuse="FFEFB415">OSDPlayNF.png</alttexturefocus>
					<alttexturenofocus colordiffuse="white">OSDPlayNF.png</alttexturenofocus>
					<onclick>PlayerControl(Play)</onclick>
				</control>
				<control type="button" id="603">
					<width>60</width>
					<height>60</height>
					<label>31352</label>
					<font></font>
					<texturefocus colordiffuse="FFEFB415">OSDStopNF.png</texturefocus>
					<texturenofocus colordiffuse="white">OSDStopNF.png</texturenofocus>
					<onclick>PlayerControl(Stop)</onclick>
				</control>
				<control type="button" id="604">
					<width>60</width>
					<height>60</height>
					<label>31353</label>
					<font></font>
					<texturefocus colordiffuse="FFEFB415">OSDForwardNF.png</texturefocus>
					<texturenofocus colordiffuse="white">OSDForwardNF.png</texturenofocus>
					<onclick>PlayerControl(Forward)</onclick>
				</control>
				<control type="button" id="605">
					<width>60</width>
					<height>60</height>
					<label>209</label>
					<font></font>
					<texturefocus colordiffuse="FFEFB415">OSDNextTrackNF.png</texturefocus>
					<texturenofocus colordiffuse="white">OSDNextTrackNF.png</texturenofocus>
					<onclick>PlayerControl(Next)</onclick>
					<visible>!MusicPlayer.Content(LiveTV)</visible>
				</control>
				<control type="button" id="306">
					<width>60</width>
					<height>60</height>
					<label>19019</label>
					<font></font>
					<texturefocus colordiffuse="FFEFB415">OSDChannelListNF.png</texturefocus>
					<texturenofocus colordiffuse="white">OSDChannelListNF.png</texturenofocus>
					<onclick>ActivateWindow(PVROSDChannels)</onclick>
					<visible>MusicPlayer.Content(LiveTV)</visible>
				</control>
				<control type="button" id="307">
					<width>60</width>
					<height>60</height>
					<label>$LOCALIZE[19029]$INFO[MusicPlayer.ChannelName, - ]</label>
					<font></font>
					<texturefocus colordiffuse="FFEFB415">OSDepgNF.png</texturefocus>
					<texturenofocus colordiffuse="white">OSDepgNF.png</texturenofocus>
					<onclick>ActivateWindow(PVRChannelGuide)</onclick>
					<visible>MusicPlayer.Content(LiveTV) + !RDS.HasRadiotextPlus</visible>
				</control>
				<control type="button" id="308">
					<width>60</width>
					<height>60</height>
					<label>209</label>
					<font></font>
					<texturefocus colordiffuse="FFEFB415">OSDRadioRDSNF.png</texturefocus>
					<texturenofocus colordiffuse="white">OSDRadioRDSNF.png</texturenofocus>
					<onclick>ActivateWindow(PVRRadioRDSInfo)</onclick>
					<visible>MusicPlayer.Content(LiveTV) + RDS.HasRadiotextPlus</visible>
				</control>
				<control type="group" id="698">
					<width>50</width>
					<height>50</height>
					<visible>!MusicPlayer.Content(LiveTV)</visible>
					<control type="button" id="606">
						<left>250</left>
						<top>7</top>
						<width>50</width>
						<height>50</height>
						<label>$LOCALIZE[486]$INFO[Playlist.Repeat, : ]</label>
						<font></font>
						<texturefocus></texturefocus>
						<texturenofocus></texturenofocus>
						<onclick>PlayerControl(Repeat)</onclick>
						<onleft>605</onleft>
						<onright>607</onright>
						<onup>1000</onup>
						<ondown>1000</ondown>
					</control>
					<control type="image">
						<left>250</left>
						<top>7</top>
						<width>50</width>
						<height>50</height>
						<texture colordiffuse="white">OSDRepeatNF.png</texture>
						<visible>!Playlist.IsRepeat + !Playlist.IsRepeatOne</visible>
						<visible>!Control.HasFocus(606)</visible>
					</control>
					<control type="image">
						<left>250</left>
						<top>7</top>
						<width>50</width>
						<height>50</height>
						<texture colordiffuse="FFEFB415">OSDRepeatNF.png</texture>
						<visible>!Playlist.IsRepeat + !Playlist.IsRepeatOne</visible>
						<visible>Control.HasFocus(606)</visible>
					</control>
					<control type="image">
						<left>250</left>
						<top>7</top>
						<width>50</width>
						<height>50</height>
						<texture colordiffuse="white">OSDRepeatOneNF.png</texture>
						<visible>Playlist.IsRepeatOne</visible>
						<visible>!Control.HasFocus(606)</visible>
					</control>
					<control type="image">
						<left>250</left>
						<top>7</top>
						<width>50</width>
						<height>50</height>
						<texture colordiffuse="FFEFB415">OSDRepeatOneNF.png</texture>
						<visible>Playlist.IsRepeatOne</visible>
						<visible>Control.HasFocus(606)</visible>
					</control>
					<control type="image">
						<left>250</left>
						<top>7</top>
						<width>50</width>
						<height>50</height>
						<texture colordiffuse="white">OSDRepeatAllNF.png</texture>
						<visible>Playlist.IsRepeat</visible>
						<visible>!Control.HasFocus(606)</visible>
					</control>
					<control type="image">
						<left>250</left>
						<top>7</top>
						<width>50</width>
						<height>50</height>
						<texture colordiffuse="FFEFB415">OSDRepeatAllNF.png</texture>
						<visible>Playlist.IsRepeat</visible>
						<visible>Control.HasFocus(606)</visible>
					</control>
				</control>
				<control type="group" id="699">
					<width>50</width>
					<height>50</height>
					<visible>!MusicPlayer.Content(LiveTV)</visible>
					<control type="togglebutton" id="607">
						<left>250</left>
						<top>7</top>
						<width>50</width>
						<height>50</height>
						<label>$LOCALIZE[590]$INFO[Playlist.Random, : ]</label>
						<font></font>
						<texturefocus colordiffuse="FFEFB415">OSDRandomOffNF.png</texturefocus>
						<texturenofocus colordiffuse="white">OSDRandomOffNF.png</texturenofocus>
						<usealttexture>Playlist.IsRandom</usealttexture>
						<alttexturefocus colordiffuse="FFEFB415">OSDRandomOnNF.png</alttexturefocus>
						<alttexturenofocus colordiffuse="white">OSDRandomOnNF.png</alttexturenofocus>
						<onclick>PlayerControl(Random)</onclick>
						<visible>!MusicPlayer.Content(LiveTV)</visible>
						<onleft>606</onleft>
						<onright>705</onright>
						<onup>1000</onup>
						<ondown>1000</ondown>
					</control>
				</control>
			</control>
			<control type="grouplist" id="101">
				<left>1355</left>
				<top>7</top>
				<onup>1000</onup>
				<ondown>1000</ondown>
				<onleft>607</onleft>
				<onright>300</onright>
				<orientation>horizontal</orientation>
				<itemgap>35</itemgap>
				<animation effect="fade" time="200">VisibleChange</animation>
				<visible>![Window.IsVisible(AddonSettings) | Window.IsVisible(SelectDialog) | Window.IsVisible(VisualisationPresetList) | Window.IsVisible(PVROSDChannels) | Window.IsVisible(PVRChannelGuide) | Window.IsVisible(PVRRadioRDSInfo) | Window.IsVisible(Addon)]</visible>
				<control type="button" id="705">
					<width>50</width>
					<height>50</height>
					<label>563</label>
					<font></font>
					<texturefocus colordiffuse="FFEFB415">OSDBookmarksNF.png</texturefocus>
					<texturenofocus colordiffuse="white">OSDBookmarksNF.png</texturenofocus>
					<onclick>setrating</onclick>
				</control>
				<control type="togglebutton" id="701">
					<width>50</width>
					<height>50</height>
					<label>31128</label>
					<font></font>
					<texturefocus colordiffuse="FFEFB415">OSDLyricsNF.png</texturefocus>
					<texturenofocus colordiffuse="white">OSDLyricsNF.png</texturenofocus>
					<alttexturefocus colordiffuse="FFEFB415">OSDLyricsNF.png</alttexturefocus>
					<alttexturenofocus colordiffuse="white">OSDLyricsNF.png</alttexturenofocus>
					<onclick>Close</onclick>
					<onclick>RunScript($INFO[Skin.String(LyricScript_Path)])</onclick>
					<altclick>Skin.SetAddon(LyricScript_Path,xbmc.python.lyrics)</altclick>
					<altclick>Close</altclick>
					<altclick>RunScript($INFO[Skin.String(LyricScript_Path)])</altclick>
					<usealttexture>String.IsEmpty(Skin.String(LyricScript_Path))</usealttexture>
					<visible>!MusicPlayer.Content(LiveTV)</visible>
				</control>
				<control type="button" id="500">
					<width>50</width>
					<height>50</height>
					<label>12006</label>
					<font></font>
					<texturefocus colordiffuse="FFEFB415">OSDVizNF.png</texturefocus>
					<texturenofocus colordiffuse="white">OSDVizNF.png</texturenofocus>
				</control>
				<control type="button" id="702">
					<width>50</width>
					<height>50</height>
					<label>$LOCALIZE[250] $LOCALIZE[21417]</label>
					<font></font>
					<texturefocus colordiffuse="FFEFB415">OSDPresetSettingsNF.png</texturefocus>
					<texturenofocus colordiffuse="white">OSDPresetSettingsNF.png</texturenofocus>
					<onclick>Addon.Default.OpenSettings(xbmc.player.musicviz)</onclick>
				</control>
				<control type="button" id="703">
					<width>50</width>
					<height>50</height>
					<label>31048</label>
					<font></font>
					<texturefocus colordiffuse="FFEFB415">OSDPreNF.png</texturefocus>
					<texturenofocus colordiffuse="white">OSDPreNF.png</texturenofocus>
					<onclick>ActivateWindow(122)</onclick>
					<enable>Visualisation.HasPresets</enable>
					<animation effect="fade" start="100" end="50" time="100" condition="!Visualisation.HasPresets">Conditional</animation>
				</control>
				<control type="button" id="704">
					<width>50</width>
					<height>50</height>
					<label>264</label>
					<font></font>
					<texturefocus colordiffuse="FFEFB415">OSDRecordOffNF.png</texturefocus>
					<texturenofocus colordiffuse="white">OSDRecordOffNF.png</texturenofocus>
					<onclick>PVR.ToggleRecordPlayingChannel</onclick>
					<visible>PVR.CanRecordPlayingChannel</visible>
					<animation effect="fade" start="100" end="50" time="100" condition="!PVR.CanRecordPlayingChannel">Conditional</animation>
				</control>
			</control>
		</control>
	</controls>
</window>