<?xml version="1.0" encoding="UTF-8"?>
<window>
	<defaultcontrol always="true">95</defaultcontrol>
	<controls>
		<include>CommonBackground</include>
		<include>VisibleFadeEffect</include>
		 <control type="group">
		<left>30</left>
		<control type="image">
		    <left>-2</left>
		    <top>17</top>
		    <width>98.6%</width>
		    <height>10.6%</height>
		    <texture>homeshadow_1.png</texture>
		 </control>
		<control type="image">
		    <left>0</left>
		    <top>20</top>
		    <width>98.4%</width>
		    <height>10%</height>
		    <texture colordiffuse="black">backgrounds/bg_fade_2.png</texture>
			<bordertexture colordiffuse="$INFO[Skin.String(color.500)]">backgrounds/bg_fade_3.png</bordertexture>
			<bordersize>2</bordersize>
		 </control>
		 <control type="image">
		    <left>-2</left>
		    <top>947</top>
		    <width>98.6%</width>
		    <height>10.6%</height>
		    <texture>homeshadow_2.png</texture>
		  </control>
		<control type="image">
		    <left>0</left>
		    <top>950</top>
		    <width>98.4%</width>
		    <height>10%</height>
		    <texture colordiffuse="black">backgrounds/bg_fade_2.png</texture>
			<bordertexture colordiffuse="$INFO[Skin.String(color.500)]">backgrounds/bg_fade_3.png</bordertexture>
			<bordersize>2</bordersize>
		  </control>
		  <control type="label">
			<left>725</left>
			<top>987</top>
			<width>450</width>
			<height>60</height>
		    <label>Simple[COLORdeepskyblue]Touch[/COLOR]Reloaded</label>
			<align>center</align>
			<font>font14</font>
		  </control>
	    </control>
		<control type="group">
		<visible>!Skin.HasSetting(Clock)</visible>
			<control type="image">
				<right>62</right>
				<top>45</top>
				<width>250</width>
				<height>60</height>
				<texture colordiffuse="FF2E2E2E">backgrounds/bg_fade_7.png</texture>
				<bordertexture colordiffuse="$INFO[Skin.String(color.500)]">backgrounds/bg_fade_4.png</bordertexture>
			    <bordersize>2</bordersize>
			</control>
			<control type="label">
				<right>177</right>
				<top>45</top>
				<width>200</width>
				<height>60</height>
				<align>right</align>
				<aligny>center</aligny>
				<font>fontContextMenu</font>
				<textcolor>white</textcolor>
				<label>$INFO[System.Time(hh:mm)]</label>
			</control>
			<control type="label">
				<right>107</right>
				<top>45</top>
				<width>70</width>
				<height>60</height>
				<align>left</align>
				<aligny>center</aligny>
				<font>fontContextMenu</font>
				<textcolor>white</textcolor>
				<label>:$INFO[System.Time(ss)]</label>
			</control>
			<control type="image">
				<left>60</left>
				<top>45</top>
				<width>250</width>
				<height>60</height>
				<texture colordiffuse="FF2E2E2E">backgrounds/bg_fade_7.png</texture>
			    <bordertexture colordiffuse="$INFO[Skin.String(color.500)]">backgrounds/bg_fade_4.png</bordertexture>
				<bordersize>2</bordersize>
			</control>
			<control type="label">
				<left>111</left>
				<top>45</top>
				<width>360</width>
				<height>60</height>
				<align>left</align>
				<aligny>center</aligny>
				<font>fontContextMenu</font>
				<textcolor>white</textcolor>
				<label>$INFO[System.Date(dd:mm:yyyy]</label>
			</control>
		</control>
		<control type="group">
			<visible>Skin.HasSetting(Touchmode)</visible>
			<control type="image">
				<left>60</left>
				<top>110r</top>
				<width>70</width>
				<height>70</height>
				<texture colordiffuse="FF2E2E2E">backgrounds/bg_fade_7.png</texture>
				<bordertexture colordiffuse="$INFO[Skin.String(color.500)]">backgrounds/bg_fade_4.png</bordertexture>
				<bordersize>2</bordersize>
			</control>
			<control type="button">
				<description>Back push button</description>
				<left>55</left>
				<top>115r</top>
				<width>80</width>
				<height>80</height>
				<font/>
				<onclick>back</onclick>
				<texturefocus colordiffuse="$INFO[Skin.String(color.500)]">icons/back.png</texturefocus>
				<texturenofocus colordiffuse="FFFFFFFF">icons/back.png</texturenofocus>
			</control>
			<control type="image">
				<right>70</right>
				<top>110r</top>
				<width>70</width>
				<height>70</height>
				<texture colordiffuse="FF2E2E2E">backgrounds/bg_fade_7.png</texture>
				<bordertexture colordiffuse="$INFO[Skin.String(color.500)]">backgrounds/bg_fade_4.png</bordertexture>
				<bordersize>2</bordersize>
			</control>
			<control type="button">
				<description>Home push button</description>
				<right>65</right>
				<top>115r</top>
				<width>80</width>
				<height>80</height>
				<font/>
				<onclick>ActivateWindow(home)</onclick>
				<texturefocus colordiffuse="$INFO[Skin.String(color.500)]">icons/home.png</texturefocus>
				<texturenofocus colordiffuse="FFFFFFFF">icons/home.png</texturenofocus>
			</control>
		</control>
		<!--main content-->
		<control type="group">
			<left>60</left>
			<centertop>50%</centertop>
			<width>1800</width>
			<height>783</height>
			<control type="image">
				<left>-2</left>
				<top>-3</top>
				<width>1804.5</width>
				<height>776.5</height>
				<texture>homeshadow_2.png</texture>
			</control>
			<control type="image">
				<left>0</left>
				<top>0</top>
				<width>1800</width>
				<height>770</height>
				<texture colordiffuse="black">backgrounds/bg_fade_2.png</texture>
				<bordertexture colordiffuse="$INFO[Skin.String(color.500)]">backgrounds/bg_fade_5.png</bordertexture>
			    <bordersize>2</bordersize>
			</control>
			<control type="image">
				<left>0</left>
				<top>0</top>
				<width>375</width>
				<height>770</height>
				<texture colordiffuse="black">backgrounds/bg_fade_2.png</texture>
				<bordertexture colordiffuse="$INFO[Skin.String(color.500)]">backgrounds/bg_fade_5.png</bordertexture>
			    <bordersize>2</bordersize>
			</control>
			<!--title-->
			<control type="label" id="40">
				<left>120</left>
				<top>25</top>
				<width>1800</width>
				<height>60</height>
				<font>info.title</font>
				<align>center</align>
				<aligny>center</aligny>
				<textcolor>$INFO[Skin.String(color.500)]</textcolor>
				<label></label>
			</control>
			<control type="grouplist" id="9000">
				<left>10</left>
				<top>120</top>
				<width>390</width>
				<height>650</height>
				<itemgap>0</itemgap>
				<onup>9000</onup>
				<ondown>9000</ondown>
				<onleft>60</onleft>
				<onright>60</onright>
				<control type="button" id="95">
					<description>Button Summary Values</description>
					<include>ButtonSettingCommonValues</include>
					<label>20037</label>
				</control>
				<control type="button" id="94">
					<description>Button Storage</description>
					<include>ButtonSettingCommonValues</include>
					<label>13277</label>
				</control>
				<control type="button" id="96">
					<description>Button Network</description>
					<include>ButtonSettingCommonValues</include>
					<label>13279</label>
				</control>
				<control type="button" id="97">
					<description>Button Video</description>
					<include>ButtonSettingCommonValues</include>
					<label>13280</label>
				</control>
				<control type="button" id="98">
					<description>Button Hardware</description>
					<include>ButtonSettingCommonValues</include>
					<label>13281</label>
				</control>
				<control type="button" id="99">
					<description>Button PVR</description>
					<include>ButtonSettingCommonValues</include>
					<label>19191</label>
				</control>
				<control type="button" id="100">
					<description>Button PVR</description>
					<include>ButtonSettingCommonValues</include>
					<label>12389</label>
				</control>
			</control>
			<control type="textbox" id="30">
				<left>600</left>
				<top>125</top>
				<height>435</height>
				<width>965</width>
				<pagecontrol>60</pagecontrol>
				<autoscroll delay="5000" repeat="7500" time="5000">true</autoscroll>
			</control>
			<!--scrollbar-->
			<control type="scrollbar" id="60">
				<left>1695</left>
				<top>110</top>
				<height>450</height>
				<onleft>9000</onleft>
				<onright>9000</onright>
				<visible>Control.IsVisible(30)</visible>
			</control>
			<control type="grouplist" id="9001">
				<left>600</left>
				<top>125</top>
				<width>965</width>
				<height>640</height>
				<itemgap>5</itemgap>
				<onleft>9000</onleft>
				<onright>9000</onright>
				<onup>9001</onup>
				<ondown>9001</ondown>
				<control type="label" id="2">
					<description>Label 2</description>
					<width>965</width>
					<height>40</height>
					<font>button.bold</font>
					<label></label>
				</control>
				<control type="label" id="3">
					<description>Label 3</description>
					<width>965</width>
					<height>40</height>
					<font>button.bold</font>
					<label></label>
				</control>
				<control type="label" id="4">
					<description>Label 4</description>
					<width>965</width>
					<height>40</height>
					<font>button.bold</font>
					<label></label>
				</control>
				<control type="label" id="5">
					<description>Label 5</description>
					<width>965</width>
					<height>40</height>
					<font>button.bold</font>
					<label></label>
				</control>
				<control type="label" id="6">
					<description>Label 6</description>
					<width>965</width>
					<height>40</height>
					<font>button.bold</font>
					<label></label>
				</control>
				<control type="label" id="7">
					<description>Label 7</description>
					<width>965</width>
					<height>40</height>
					<font>button.bold</font>
					<label></label>
				</control>
				<control type="label" id="8">
					<description>Label 8</description>
					<width>965</width>
					<height>40</height>
					<font>button.bold</font>
					<label></label>
				</control>
				<control type="label" id="9">
					<description>Label 9</description>
					<width>965</width>
					<height>40</height>
					<font>button.bold</font>
					<label></label>
				</control>
				<control type="label" id="10">
					<description>Label 10</description>
					<width>965</width>
					<height>40</height>
					<font>button.bold</font>
					<label></label>
				</control>
				<control type="label" id="11">
					<description>Label 11</description>
					<width>965</width>
					<height>40</height>
					<font>button.bold</font>
					<label></label>
				</control>
				<control type="label" id="52">
					<description>Kodi Build Version</description>
					<width>965</width>
					<height>40</height>
					<label>144</label>
					<align>right</align>
					<textcolor>$INFO[Skin.String(color.500)]</textcolor>
					<font>button.bold</font>
				</control>
				<control type="label">
					<description>CPU Text</description>
					<width>965</width>
					<height>35</height>
					<label>$LOCALIZE[13271] $INFO[System.CPUUsage]</label>
					<align>right</align>
					<font>button.bold</font>
				</control>
				<control type="progress">
					<description>CPU BAR</description>
					<width>965</width>
					<height>24</height>
					<info>System.CPUUsage</info>
				</control>
				<control type="label">
					<description>Memory Text</description>
					<width>965</width>
					<height>35</height>
					<label>$LOCALIZE[31309] $INFO[system.memory(used.percent)]</label>
					<align>right</align>
					<font>button.bold</font>
				</control>
				<control type="progress">
					<description>Memory BAR</description>
					<width>965</width>
					<height>24</height>
					<info>system.memory(used)</info>
				</control>
			</control>
		</control>
	</controls>
</window>