<?xml version="1.0" encoding="UTF-8" standalone="yes"?>
<addon id="plugin.video.blackarrow18" name="[COLORlime]black[/COLOR] [COLORmaroon]arrow18[/COLOR]" version="1.1.8" provider-name="@by_Black Eagle"> 
    <requires>
        <import addon="script.module.simplejson" />
        <import addon="script.module.six" />
        <import addon="script.module.kodi-six" />
    </requires>  
       <extension point="xbmc.python.pluginsource" library="default.py">
        <provides>video</provides>
	</extension>  
<extension point="xbmc.addon.metadata">
		<summary>Canais de adultos</summary>
		<description lang="en">[COLOR red]black[/COLOR] [COLORorange]arrow18[/COLOR] [COLORorange]é um addon da familia Black Eagle.TODOS OS LINKS ESTÃO DISPONIVEIS NA INTERNET![/COLOR]</description>
		<platform>all</platform>
		<assets>
       <icon>icon.png</icon>
       <fanart>fanart.jpg</fanart>
       <screenshot>resources/screenshots/1.jpg</screenshot>
       <screenshot>resources/screenshots/2.jpg</screenshot>
       <screenshot>resources/screenshots/3.jpg</screenshot>
    </assets>
    </extension>
</addon>    
