<?xml version="1.0" encoding="utf-8"?>
<window type="dialog" id="1113">
	<defaultcontrol always="true">61</defaultcontrol>
	<controls>
		<control type="group">
			<include>dialogeffect4</include>
			<control type="button">
				<left>1860</left>
				<top>30</top>
				<width>30</width>
				<height>30</height>
				<texturefocus>close-window-focus.png</texturefocus>
				<texturenofocus>close-window-nofocus.png</texturenofocus>
				<onclick>Dialog.Close(1113)</onclick>
				<visible>Skin.HasSetting(TouchScreenMode)</visible>
			</control>
			<control type="label">
				<description>Item Title value</description>
				<left>60</left>
				<top>22</top>
				<width>1800</width>
				<height>45</height>
				<align>center</align>
				<aligny>center</aligny>
				<textcolor>blue</textcolor>
				<label>$VAR[DialogPlotHeader]</label>
				<font>font-32</font>
			</control>
			<control type="image">
				<left>0</left>
				<top>81</top>
				<width>1920</width>
				<height>3</height>
				<texture>separator.png</texture>
			</control>
			<control type="textbox">
				<left>435</left>
				<top>123</top>
				<width>1050</width>
				<height>672</height>
				<label>$VAR[DialogPlotTextBox]</label>
				<font>font-23</font>
				<align>justify</align>
				<textcolor>white</textcolor>
				<shadowcolor>black</shadowcolor>
				<pagecontrol>61</pagecontrol>
				<autoscroll time="3000" delay="30000" repeat="5000">Skin.HasSetting(AutoScroll)</autoscroll>
			</control>
			<control type="group">
				<visible>VideoPlayer.Content(LiveTV)</visible>
				<control type="label">
					<left>386</left>
					<top>844</top>
					<width>926</width>
					<height>45</height>
					<font>font-30</font>
					<textcolor>blue</textcolor>
					<shadowcolor>black</shadowcolor>
					<align>left</align>
					<aligny>center</aligny>
					<label>$INFO[Window(Home).Property(Transparency.EPGTitle)]</label>
				</control>
				<control type="label">
					<left>386</left>
					<top>885</top>
					<width>780</width>
					<height>45</height>
					<font>font-20</font>
					<textcolor>white</textcolor>
					<shadowcolor>black</shadowcolor>
					<align>left</align>
					<aligny>center</aligny>
					<label>$INFO[Window(Home).Property(Transparency.EPGDate)]</label>
				</control>
			</control>
			<control type="group">
				<animation effect="slide" start="0,0" end="90,-18" time="0" condition="Container.Content(Episodes) | Container.Content(MusicVideos)">Conditional</animation>
				<visible>!Container.Content(Artists) + !Container.Content(Albums) + !Container.Content(Songs) + !VideoPlayer.Content(LiveTV)</visible>
				<control type="label">
					<left>386</left>
					<top>844</top>
					<width>926</width>
					<height>45</height>
					<font>font-30</font>
					<textcolor>blue</textcolor>
					<shadowcolor>black</shadowcolor>
					<align>left</align>
					<aligny>center</aligny>
					<label>$INFO[ListItem.Title]</label>
				</control>
				<control type="label">
					<left>386</left>
					<top>885</top>
					<width>780</width>
					<height>45</height>
					<font>font-20</font>
					<textcolor>white</textcolor>
					<shadowcolor>black</shadowcolor>
					<align>left</align>
					<aligny>center</aligny>
					<label>$INFO[ListItem.Genre,[UPPERCASE][B][COLOR=lightblue]$LOCALIZE[515]: [/COLOR][/B][/UPPERCASE]]</label>
				</control>
				<control type="label">
					<left>386</left>
					<top>915</top>
					<width>780</width>
					<height>45</height>
					<font>font-20</font>
					<textcolor>white</textcolor>
					<shadowcolor>black</shadowcolor>
					<align>left</align>
					<aligny>center</aligny>
					<label>$INFO[ListItem.Duration,[UPPERCASE][B][COLOR=lightblue]$LOCALIZE[2050]: [/COLOR][/B][/UPPERCASE]]</label>
				</control>
				<control type="label">
					<left>386</left>
					<top>945</top>
					<width>927</width>
					<height>45</height>
					<font>font-20</font>
					<textcolor>white</textcolor>
					<shadowcolor>black</shadowcolor>
					<align>left</align>
					<aligny>center</aligny>
					<label>$INFO[ListItem.Year,[UPPERCASE][B][COLOR=lightblue]$LOCALIZE[345]: [/COLOR][/B][/UPPERCASE]]</label>
				</control>
				<control type="label">
					<left>386</left>
					<top>975</top>
					<width>927</width>
					<height>45</height>
					<font>font-20</font>
					<textcolor>white</textcolor>
					<shadowcolor>black</shadowcolor>
					<align>left</align>
					<aligny>center</aligny>
					<label>$INFO[ListItem.Rating,[UPPERCASE][B][COLOR=lightblue]$LOCALIZE[563]: [/COLOR][/B][/UPPERCASE]]</label>
				</control>
				<control type="label">
					<left>386</left>
					<top>1005</top>
					<width>930</width>
					<height>45</height>
					<font>font-20</font>
					<textcolor>white</textcolor>
					<shadowcolor>black</shadowcolor>
					<align>left</align>
					<aligny>center</aligny>
					<label>$INFO[ListItem.Studio,[UPPERCASE][B][COLOR=lightblue]$LOCALIZE[572]: [/COLOR][/B][/UPPERCASE]]</label>
				</control>
			</control>
			<control type="group">
				<visible>Container.Content(Artists) | Container.Content(Albums) | Container.Content(Songs)</visible>
				<control type="label">
					<left>386</left>
					<top>878</top>
					<width>1500</width>
					<height>45</height>
					<font>font-30</font>
					<textcolor>blue</textcolor>
					<shadowcolor>black</shadowcolor>
					<align>left</align>
					<aligny>center</aligny>
					<label>$INFO[ListItem.Artist]</label>
				</control>
				<control type="label">
					<left>386</left>
					<top>924</top>
					<width>1500</width>
					<height>45</height>
					<font>font-20</font>
					<textcolor>white</textcolor>
					<shadowcolor>black</shadowcolor>
					<align>left</align>
					<aligny>center</aligny>
					<label>$VAR[DialogPlotLabel2]</label>
				</control>
				<control type="label">
					<left>386</left>
					<top>954</top>
					<width>1500</width>
					<height>45</height>
					<font>font-20</font>
					<textcolor>white</textcolor>
					<shadowcolor>black</shadowcolor>
					<align>left</align>
					<aligny>center</aligny>
					<label>$VAR[DialogPlotLabel3]</label>
				</control>
				<control type="label">
					<left>386</left>
					<top>984</top>
					<width>1500</width>
					<height>45</height>
					<font>font-20</font>
					<textcolor>white</textcolor>
					<shadowcolor>black</shadowcolor>
					<align>left</align>
					<aligny>center</aligny>
					<label>$VAR[DialogPlotLabel4]</label>
				</control>
			</control>
			<control type="spincontrol" id="61">
				<description>Next page button</description>
				<left>1770</left>
				<top>1048</top>
				<subtype>page</subtype>
				<font>font-19</font>
				<onleft>61</onleft>
				<onright>61</onright>
				<ondown>61</ondown>
				<onup>61</onup>
				<textcolor>white</textcolor>
				<showonepage>true</showonepage>
			</control>
		</control>
	</controls>
</window>
