<?xml version="1.0" encoding="utf-8"?>
<window type="dialog" id="1115">
	<onload condition="System.HasAddon(script.videoextras)">RunScript(script.videoextras,check,"$INFO[ListItem.FilenameAndPath]")</onload>
	<onunload>ClearProperty(ActorName,Home)</onunload>
	<onunload>ClearProperty(DirectorName,Home)</onunload>
	<onunload>ClearProperty(WriterName,Home)</onunload>
	<defaultcontrol always="true">3</defaultcontrol>
	<coordinates>
		<left>502</left>
		<top>52</top>
	</coordinates>
	<include>dialogeffect</include>
	<controls>
		<control type="image">
			<description>background image</description>
			<left>0</left>
			<top>0</top>
			<width>915</width>
			<height>975</height>
			<texture border="32">dialog.png</texture>
		</control>
		<control type="button">
			<left>825</left>
			<top>52</top>
			<width>30</width>
			<height>30</height>
			<texturefocus>close-window-focus.png</texturefocus>
			<texturenofocus>close-window-nofocus.png</texturenofocus>
			<onclick>Dialog.Close(selectdialog)</onclick>
			<visible>Skin.HasSetting(TouchScreenMode)</visible>
		</control>
		<control type="label" id="1">
			<description>heading label</description>
			<left>60</left>
			<top>60</top>
			<width>765</width>
			<height>45</height>
			<align>center</align>
			<aligny>center</aligny>
			<font>font-30</font>
			<label>137</label>
			<textcolor>blue</textcolor>
		</control>
		<control type="image">
			<left>60</left>
			<top>117</top>
			<width>765</width>
			<height>3</height>
			<texture>separator.png</texture>
		</control>
		<control type="list" id="3">
			<left>68</left>
			<top>135</top>
			<width>750</width>
			<height>662</height>
			<onup>3</onup>
			<ondown>3</ondown>
			<onleft>3</onleft>
			<onright>3</onright>
			<scrolltime>200</scrolltime>
			<itemlayout width="750" height="44">
				<control type="image">
					<left>0</left>
					<top>0</top>
					<width>750</width>
					<height>45</height>
					<texture border="7">list-nofocus.png</texture>
				</control>
				<control type="label">
					<left>15</left>
					<top>0</top>
					<width>720</width>
					<height>45</height>
					<font>font-20</font>
					<align>left</align>
					<aligny>center</aligny>
					<selectedcolor>blue</selectedcolor>
					<label>$INFO[ListItem.Label]</label>
				</control>
			</itemlayout>
			<focusedlayout width="750" height="44">
				<control type="image">
					<left>0</left>
					<top>0</top>
					<width>750</width>
					<height>45</height>
					<texture border="7">list-nofocus.png</texture>
				</control>
				<control type="image">
					<left>0</left>
					<top>0</top>
					<width>750</width>
					<height>45</height>
					<texture border="7">list-focus2.png</texture>
					<include>ListFocusScroll14</include>
				</control>
				<control type="label">
					<left>15</left>
					<top>0</top>
					<width>720</width>
					<height>45</height>
					<font>font-20</font>
					<align>left</align>
					<aligny>center</aligny>
					<selectedcolor>blue</selectedcolor>
					<label>$INFO[ListItem.Label]</label>
				</control>
			</focusedlayout>
			<content>
				<item>
					<label>13511</label>
					<onclick>Dialog.Close(1115)</onclick>
					<onclick>SendClick(2003,10)</onclick>
				</item>
				<item>
					<label>40000</label>
					<onclick>Dialog.Close(1115)</onclick>
					<onclick>SendClick(2003,14)</onclick>
				</item>
				<item>
					<label>40211</label>
					<onclick>Dialog.Close(1115)</onclick>
					<onclick>SendClick(2003,15)</onclick>
				</item>
				<item>
					<label>21435</label>
					<onclick>Dialog.Close(1115)</onclick>
					<onclick>RunScript(script.metadata.editor,dbid=$INFO[ListItem.DBID],type=$INFO[ListItem.DBType])</onclick>
					<visible>System.HasAddon(script.metadata.editor) + !String.IsEqual(ListItem.DBTYPE,set)</visible>
				</item>
				<item>
					<label>$LOCALIZE[31006]</label>
					<onclick>Dialog.Close(1115)</onclick>
					<onclick>RunScript(script.videoextras,display,"$INFO[ListItem.FilenameAndPath]")</onclick>
					<visible>System.HasAddon(script.videoextras) + !Container.Content(Seasons)</visible>
				</item>
			</content>
		</control>
	</controls>
</window>
