<?xml version="1.0" encoding="utf-8"?>
<window>
	<defaultcontrol always="true">8</defaultcontrol>
	<controls>
		<control type="group">
			<visible>!Window.IsVisible(DialogVideoManager.xml)</visible>
			<include>VisibleFadeEffect</include>
			<control type="image">
				<left>0</left>
				<top>0</top>
				<width>1920</width>
				<height>1080</height>
				<texture>black.png</texture>
				<animation effect="fade" start="0" end="70" time="300">WindowOpen</animation>
				<animation effect="fade" start="70" end="0" time="300">WindowClose</animation>
			</control>
			<control type="group">
				<include>DialogFade</include>
				<control type="image">
					<left>0</left>
					<top>825</top>
					<width>1920</width>
					<height>237</height>
					<texture border="10">underlay.png</texture>
					<visible>Container.Content(Movies)</visible>
				</control>
				<control type="image">
					<left>0</left>
					<top>783</top>
					<width>1920</width>
					<height>279</height>
					<texture border="10">underlay.png</texture>
					<visible>!Container.Content(Movies)</visible>
				</control>
				<control type="image">
					<left>27</left>
					<top>594</top>
					<width>327</width>
					<height>465</height>
					<texture>$VAR[IconPoster]</texture>
					<visible>Container.Content(Movies) | [Container.Content(TVShows) + !Skin.HasSetting(TVShowsPosters)]</visible>
				</control>
				<control type="image">
					<left>27</left>
					<top>552</top>
					<width>351</width>
					<height>540</height>
					<texture fallback="case-sets.png">case$INFO[ListItem.VideoResolution].png</texture>
					<visible>Container.Content(Movies) + !Skin.HasSetting(HideMovieCase)</visible>
				</control>
				<control type="image">
					<left>27</left>
					<top>552</top>
					<width>351</width>
					<height>540</height>
					<texture>case-tv.png</texture>
					<visible>Container.Content(TVShows) + !Skin.HasSetting(TVShowsPosters) + !Skin.HasSetting(HideTVShowCase)</visible>
				</control>
				<control type="image">
					<left>15</left>
					<top>796</top>
					<width>447</width>
					<height>252</height>
					<aspectratio scalediffuse="true" aligny="center">keep</aspectratio>
					<texture diffuse="video-diffuse.png">$INFO[Listitem.Icon]</texture>
					<bordertexture border="9">video-shadow.png</bordertexture>
					<bordersize>8</bordersize>
					<visible>Container.Content(Episodes) | Container.Content(MusicVideos)</visible>
				</control>
			</control>
			<control type="group">
				<include>dialogeffect4</include>
				<include>DialogFade</include>
				<animation effect="fade" start="100" end="0" time="200" condition="Window.IsVisible(custom_DialogPlot.xml)">Conditional</animation>
				<control type="button">
					<left>1860</left>
					<top>30</top>
					<width>30</width>
					<height>30</height>
					<texturefocus>close-window-focus.png</texturefocus>
					<texturenofocus>close-window-nofocus.png</texturenofocus>
					<onclick>Dialog.Close(movieinformation)</onclick>
					<visible>Skin.HasSetting(TouchScreenMode)</visible>
				</control>
				<control type="label">
					<description>Item Title value</description>
					<left>60</left>
					<top>22</top>
					<width>1800</width>
					<height>45</height>
					<align>center</align>
					<aligny>center</aligny>
					<textcolor>blue</textcolor>
					<label>$VAR[DialogVideoInfoTitle]</label>
					<font>font-32</font>
				</control>
				<control type="image">
					<left>0</left>
					<top>81</top>
					<width>1920</width>
					<height>3</height>
					<texture>separator.png</texture>
				</control>
				<control type="image">
					<left>0</left>
					<top>540</top>
					<width>1920</width>
					<height>3</height>
					<texture>separator.png</texture>
					<animation effect="slide" start="0,0" end="0,123" time="0" condition="Container.Content(TvShows) + Skin.HasSetting(TVShowsPosters)">Conditional</animation>
					<animation effect="slide" start="0,0" end="0,81" time="0" condition="Container.Content(Episodes)">Conditional</animation>
				</control>
				<control type="group" id="9001">
					<control type="group" id="9000">
						<left>210</left>
						<top>573</top>
						<animation effect="slide" start="0,0" end="165,0" time="0" condition="Container.Content(Movies)">Conditional</animation>
						<animation effect="slide" start="0,0" end="0,63" time="0" condition="Container.Content(TvShows) + Skin.HasSetting(TVShowsPosters)">Conditional</animation>
						<animation effect="slide" start="0,0" end="165,0" time="0" condition="Container.Content(TvShows) + !Skin.HasSetting(TVShowsPosters)">Conditional</animation>
						<animation effect="slide" start="0,0" end="0,27" time="0" condition="Container.Content(Episodes)">Conditional</animation>
						<control type="button" id="5">
							<description>Cast/Review</description>
							<left>0</left>
							<top>50</top>
							<width>300</width>
							<height>52</height>
							<font>font-20</font>
							<textcolor>white</textcolor>
							<focusedcolor>white</focusedcolor>
							<shadowcolor>black</shadowcolor>
							<align>center</align>
							<aligny>center</aligny>
							<texturefocus border="7">button-nofocus.png</texturefocus>
							<texturenofocus border="7">button-nofocus.png</texturenofocus>
							<label>206</label>
							<onleft>7</onleft>
							<onright>8</onright>
							<onup>49</onup>
							<ondown>1110</ondown>
						</control>
						<control type="togglebutton" id="8">
							<description>Play/browse to Show</description>
							<left>300</left>
							<top>50</top>
							<width>300</width>
							<height>52</height>
							<font>font-20</font>
							<textcolor>white</textcolor>
							<focusedcolor>white</focusedcolor>
							<shadowcolor>black</shadowcolor>
							<align>center</align>
							<aligny>center</aligny>
							<texturefocus border="7">button-nofocus.png</texturefocus>
							<texturenofocus border="7">button-nofocus.png</texturenofocus>
							<label>208</label>
							<altlabel>1024</altlabel>
							<alttexturefocus border="7">button-nofocus.png</alttexturefocus>
							<alttexturenofocus border="7">button-nofocus.png</alttexturenofocus>
							<usealttexture>Container.Content(TVShows)</usealttexture>
							<onleft>5</onleft>
							<onright>6</onright>
							<onup>49</onup>
							<ondown>1110</ondown>
						</control>
						<control type="button" id="6">
							<description>Refresh</description>
							<left>600</left>
							<top>50</top>
							<width>300</width>
							<height>52</height>
							<font>font-20</font>
							<textcolor>white</textcolor>
							<focusedcolor>white</focusedcolor>
							<shadowcolor>black</shadowcolor>
							<align>center</align>
							<aligny>center</aligny>
							<texturefocus border="7">button-nofocus.png</texturefocus>
							<texturenofocus border="7">button-nofocus.png</texturenofocus>
							<label>184</label>
							<onleft>8</onleft>
							<onright>1113</onright>
							<onup>49</onup>
							<ondown>1110</ondown>
						</control>
						<control type="button" id="1113">
							<description>Extras</description>
							<left>900</left>
							<top>50</top>
							<width>300</width>
							<height>52</height>
							<font>font-20</font>
							<textcolor>white</textcolor>
							<focusedcolor>white</focusedcolor>
							<shadowcolor>black</shadowcolor>
							<align>center</align>
							<aligny>center</aligny>
							<texturefocus border="7">button-nofocus.png</texturefocus>
							<texturenofocus border="7">button-nofocus.png</texturenofocus>
							<label>22082</label>
							<onleft>6</onleft>
							<onright>7</onright>
							<onup>49</onup>
							<ondown>1110</ondown>
							<onclick condition="Container.Content(TVShows)">SetProperty(TVShowPath,$INFO[ListItem.FilenameAndPath],Home)</onclick>
							<!-- <onclick condition="[Container.Content(Movies) | Container.Content(TVShows) | Container.Content(Episodes)] + Control.IsVisible(50)">SetProperty(ActorName,$INFO[Container(50).Listitem.Label],Home)</onclick> -->
							<!-- <onclick condition="[Container.Content(Movies) | Container.Content(Episodes) | Container.Content(MusicVideos)]">SetProperty(DirectorName,$INFO[ListItem.Director],Home)</onclick> -->
							<!-- <onclick condition="[Container.Content(Movies) | Container.Content(Episodes)]">SetProperty(WriterName,$INFO[ListItem.Writer],Home)</onclick> -->
							<onclick>ActivateWindow(1115)</onclick>
						</control>
						<control type="button" id="7">
							<description>Rating button</description>
							<left>1200</left>
							<top>50</top>
							<width>300</width>
							<height>52</height>
							<font>font-20</font>
							<textcolor>white</textcolor>
							<focusedcolor>white</focusedcolor>
							<shadowcolor>black</shadowcolor>
							<align>center</align>
							<aligny>center</aligny>
							<texturefocus border="7">button-nofocus.png</texturefocus>
							<texturenofocus border="7">button-nofocus.png</texturenofocus>
							<label>38023</label>
							<onleft>1113</onleft>
							<onright>5</onright>
							<onup>49</onup>
							<ondown>1110</ondown>
						</control>
					</control>
				</control>
				<control type="image">
					<left>210</left>
					<top>622</top>
					<width>300</width>
					<height>52</height>
					<texture border="7">button-focus.png</texture>
					<animation effect="slide" start="0,0" end="300,0" time="200" condition="Control.HasFocus(8)">Conditional</animation>
					<animation effect="slide" start="0,0" end="600,0" time="200" condition="Control.HasFocus(6)">Conditional</animation>
					<animation effect="slide" start="0,0" end="900,0" time="200" condition="Control.HasFocus(1113)">Conditional</animation>
					<animation effect="slide" start="0,0" end="1200,0" time="200" condition="Control.HasFocus(7)">Conditional</animation>
					<animation effect="slide" start="0,0" end="165,0" time="0" condition="Container.Content(Movies)">Conditional</animation>
					<animation effect="slide" start="0,0" end="0,63" time="0" condition="Container.Content(TvShows) + Skin.HasSetting(TVShowsPosters)">Conditional</animation>
					<animation effect="slide" start="0,0" end="165,0" time="0" condition="Container.Content(TvShows) + !Skin.HasSetting(TVShowsPosters)">Conditional</animation>
					<animation effect="slide" start="0,0" end="0,27" time="0" condition="Container.Content(Episodes)">Conditional</animation>
					<animation effect="fade" start="70" end="100" time="750" pulse="true" condition="true">Conditional</animation>
					<visible>Control.HasFocus(5) | Control.HasFocus(8) | Control.HasFocus(6) | Control.HasFocus(12) | Control.HasFocus(10) | Control.HasFocus(1113) | Control.HasFocus(7)</visible>
				</control>
				<control type="group">
					<left>720</left>
					<top>706</top>
					<width>810</width>
					<height>72</height>
					<include condition="[Container.Content(Movies) | Container.Content(Episodes) | Container.Content(MusicVideos)] + !Skin.HasSetting(Enable_Movies_Media_Flags)">VideoMediaFlags</include>
					<animation effect="slide" start="0,0" end="-165,12" time="0" condition="Container.Content(Episodes)">Conditional</animation>
					<animation effect="slide" start="0,0" end="-165,0" time="0" condition="Container.Content(MusicVideos)">Conditional</animation>
				</control>
				<control type="group" id="1110">
					<ondown>50</ondown>
					<control type="button" id="11">
						<left>1792</left>
						<top>706</top>
						<width>72</width>
						<height>72</height>
						<label></label>
						<font></font>
						<texturefocus>trailer-focus.png</texturefocus>
						<texturenofocus>trailer-nofocus.png</texturenofocus>
						<onup>9000</onup>
						<ondown>50</ondown>
						<visible>Container.Content(Movies) + !String.IsEmpty(Listitem.trailer)</visible>
					</control>
					<control type="image">
						<left>1720</left>
						<top>706</top>
						<width>72</width>
						<height>72</height>
						<texture>$VAR[VersionsExtrasIcon]</texture>
					</control>
				</control>
				<control type="label">
					<left>532</left>
					<top>795</top>
					<width>1200</width>
					<height>45</height>
					<font>font-20c</font>
					<textcolor>lightblue</textcolor>
					<align>center</align>
					<label>$VAR[DialogVideoInfoLabel]</label>
					<animation effect="slide" start="0,0" end="-165,15" time="0" condition="Container.Content(TvShows) + Skin.HasSetting(TVShowsPosters)">Conditional</animation>
					<animation effect="slide" start="0,0" end="0,15" time="0" condition="Container.Content(Episodes) | Container.Content(MusicVideos) | [Container.Content(TVShows) + !Skin.HasSetting(TVShowsPosters)]">Conditional</animation>
				</control>
				<control type="textbox" id="4">
					<description>textarea</description>
					<left>382</left>
					<top>868</top>
					<width>1485</width>
					<height>154</height>
					<label></label>
					<font>font-19</font>
					<align>justify</align>
					<textcolor>white</textcolor>
					<shadowcolor>black</shadowcolor>
					<pagecontrol>61</pagecontrol>
					<autoscroll time="3000" delay="16000" repeat="5000">!Control.HasFocus(61) + Skin.HasSetting(AutoScroll)</autoscroll>
					<animation effect="slide" start="0,0" end="-165,0" time="0" condition="Container.Content(TvShows) + Skin.HasSetting(TVShowsPosters)">Conditional</animation>
					<visible>!Container.Content(Episodes) + !Container.Content(MusicVideos) + !Control.IsVisible(50)</visible>
				</control>
				<control type="textbox" id="4">
					<description>textarea</description>
					<left>495</left>
					<top>868</top>
					<width>1372</width>
					<height>154</height>
					<label></label>
					<font>font-19</font>
					<align>justify</align>
					<textcolor>white</textcolor>
					<shadowcolor>black</shadowcolor>
					<pagecontrol>61</pagecontrol>
					<autoscroll time="3000" delay="16000" repeat="5000">!Control.HasFocus(61) + Skin.HasSetting(AutoScroll)</autoscroll>
					<visible>[Container.Content(Episodes) | Container.Content(MusicVideos)] + !Control.IsVisible(50)</visible>
				</control>
				<control type="wraplist" id="50">
					<left>398</left>
					<top>861</top>
					<width>1485</width>
					<height>165</height>
					<onleft>50</onleft>
					<onright>50</onright>
					<onup>9000</onup>
					<ondown>61</ondown>
					<viewtype label="">list</viewtype>
					<pagecontrol>61</pagecontrol>
					<scrolltime>200</scrolltime>
					<focusposition>4</focusposition>
					<orientation>horizontal</orientation>
					<hitrect x="1005" y="848" w="210" h="202" />
					<animation effect="slide" start="0,0" end="-178,0" time="0" condition="Container.Content(TvShows) + Skin.HasSetting(TVShowsPosters)">Conditional</animation>
					<animation effect="slide" start="0,0" end="44,0" time="0" condition="Container.Content(Episodes) | Container.Content(MusicVideos)">Conditional</animation>
					<itemlayout width="165" height="165">
						<control type="image">
							<left>8</left>
							<top>8</top>
							<width>150</width>
							<height>150</height>
							<aspectratio scalediffuse="false">scale</aspectratio>
							<texture diffuse="thumb-diffuse.png">$INFO[ListItem.Icon]</texture>
						</control>
					</itemlayout>
					<focusedlayout width="165" height="165">
						<control type="image">
							<left>3</left>
							<top>3</top>
							<width>159</width>
							<height>159</height>
							<texture border="4">thumb-shadow2.png</texture>
							<animation effect="zoom" start="3,3,159,159" end="-21,-21,207,207" time="200">focus</animation>
							<animation effect="zoom" start="-21,-21,207,207" end="3,3,159,159" time="200">unfocus</animation>
							<visible>Control.HasFocus(50)</visible>
						</control>
						<control type="image">
							<left>8</left>
							<top>8</top>
							<width>150</width>
							<height>150</height>
							<aspectratio scalediffuse="false">scale</aspectratio>
							<texture diffuse="thumb-diffuse.png">$INFO[ListItem.Icon]</texture>
							<animation effect="zoom" start="8,8,150,150" end="-15,-15,195,195" time="200">focus</animation>
							<animation effect="zoom" start="-15,-15,195,195" end="8,8,150,150" time="200">unfocus</animation>
						</control>
					</focusedlayout>
				</control>
				<control type="spincontrol" id="61">
					<description>Next page button</description>
					<left>1770</left>
					<top>1048</top>
					<subtype>page</subtype>
					<font>font-19</font>
					<onleft>1114</onleft>
					<onright>1114</onright>
					<ondown>5</ondown>
					<onup>50</onup>
					<textcolor>white</textcolor>
					<showonepage>true</showonepage>
				</control>
				<control type="button" id="1114">
					<left>1875</left>
					<top>1050</top>
					<width>30</width>
					<height>30</height>
					<label></label>
					<font></font>
					<texturefocus>magnifier-small-focus.png</texturefocus>
					<texturenofocus>magnifier-small-nofocus.png</texturenofocus>
					<onleft>61</onleft>
					<onright>61</onright>
					<onup>11</onup>
					<ondown>5</ondown>
					<onclick>ActivateWindow(1113)</onclick>
				</control>
				<control type="group">
					<visible>!Container.Content(TVShows) + !Container.Content(Episodes) + !Container.Content(MusicVideos)</visible>
					<control type="group">
						<include>VisibleFadeEffect</include>
						<control type="list" id="49">
							<left>86</left>
							<top>86</top>
							<width>1800</width>
							<height>442</height>
							<onleft>49</onleft>
							<onright>49</onright>
							<onup>5</onup>
							<ondown>5</ondown>
							<pagecontrol></pagecontrol>
							<scrolltime>200</scrolltime>
							<itemlayout width="1800" height="34">
								<control type="image">
									<left>0</left>
									<top>0</top>
									<width>1749</width>
									<height>34</height>
									<texture border="7">list-nofocus.png</texture>
									<include>VisibleFadeEffect</include>
								</control>
								<control type="label">
									<left>0</left>
									<top>0</top>
									<width>240</width>
									<height>34</height>
									<font>font-20c</font>
									<align>right</align>
									<aligny>center</aligny>
									<textcolor>lightblue</textcolor>
									<selectedcolor>white</selectedcolor>
									<label>$INFO[ListItem.Label]</label>
								</control>
								<control type="label">
									<left>262</left>
									<top>0</top>
									<width>1470</width>
									<height>34</height>
									<font>font-20</font>
									<align>left</align>
									<aligny>center</aligny>
									<textcolor>white</textcolor>
									<selectedcolor>white</selectedcolor>
									<label>$INFO[ListItem.Label2]</label>
								</control>
							</itemlayout>
							<focusedlayout width="1800" height="34">
								<control type="image">
									<left>0</left>
									<top>0</top>
									<width>1749</width>
									<height>34</height>
									<texture border="7">list-nofocus.png</texture>
									<include>VisibleFadeEffect</include>
								</control>
								<control type="image">
									<left>0</left>
									<top>0</top>
									<width>1749</width>
									<height>34</height>
									<texture border="7">list-focus2.png</texture>
									<include>VisibleFadeEffect</include>
									<visible>Control.HasFocus(49)</visible>
									<include>ListFocusScroll22</include>
								</control>
								<control type="label">
									<left>0</left>
									<top>0</top>
									<width>240</width>
									<height>34</height>
									<font>font-20c</font>
									<align>right</align>
									<aligny>center</aligny>
									<textcolor>lightblue</textcolor>
									<selectedcolor>white</selectedcolor>
									<label>$INFO[ListItem.Label]</label>
								</control>
								<control type="label">
									<left>262</left>
									<top>0</top>
									<width>1470</width>
									<height>34</height>
									<font>font-20</font>
									<align>left</align>
									<aligny>center</aligny>
									<textcolor>white</textcolor>
									<selectedcolor>white</selectedcolor>
									<label>$INFO[ListItem.Label2]</label>
								</control>
							</focusedlayout>
							<content>
								<item>
									<label>[UPPERCASE][B]$LOCALIZE[20339]:[/B][/UPPERCASE]</label>
									<label2>$INFO[ListItem.Director]</label2>
									<onclick>SendClick(2003,13)</onclick>
								</item>
								<item>
									<label>[UPPERCASE][B]$LOCALIZE[20417]:[/B][/UPPERCASE]</label>
									<label2>$INFO[ListItem.Writer]</label2>
									<onclick>noop</onclick>
								</item>
								<item>
									<label>[UPPERCASE][B]$LOCALIZE[572]:[/B][/UPPERCASE]</label>
									<label2>$INFO[ListItem.Studio]</label2>
									<onclick>noop</onclick>
								</item>
								<item>
									<label>[UPPERCASE][B]$LOCALIZE[515]:[/B][/UPPERCASE]</label>
									<label2>$INFO[ListItem.Genre]</label2>
									<onclick>noop</onclick>
								</item>
								<item>
									<label>[UPPERCASE][B]$LOCALIZE[562]:[/B][/UPPERCASE]</label>
									<label2>$INFO[ListItem.Year]</label2>
									<onclick>noop</onclick>
								</item>
								<item>
									<label>[UPPERCASE][B]$LOCALIZE[574]:[/B][/UPPERCASE]</label>
									<label2>$INFO[ListItem.Country]</label2>
									<onclick>noop</onclick>
								</item>
								<item>
									<label>[UPPERCASE][B]$LOCALIZE[2050]:[/B][/UPPERCASE]</label>
									<label2>$INFO[ListItem.Duration]</label2>
									<onclick>noop</onclick>
								</item>
								<item>
									<label>[UPPERCASE][B]$LOCALIZE[567]:[/B][/UPPERCASE]</label>
									<label2>$INFO[ListItem.PlayCount]$INFO[ListItem.LastPlayed, ($LOCALIZE[568]: ,)]</label2>
									<onclick>noop</onclick>
								</item>
								<item>
									<label>[UPPERCASE][B]$LOCALIZE[563]:[/B][/UPPERCASE]</label>
									<label2>$INFO[ListItem.RatingAndVotes]</label2>
									<onclick>noop</onclick>
								</item>
								<item>
									<label>[UPPERCASE][B]$LOCALIZE[38018]:[/B][/UPPERCASE]</label>
									<label2>$INFO[ListItem.UserRating]</label2>
									<onclick>noop</onclick>
								</item>
								<item>
									<label>[UPPERCASE][B]$LOCALIZE[202]:[/B][/UPPERCASE]</label>
									<label2>$INFO[ListItem.TagLine]</label2>
									<onclick>noop</onclick>
								</item>
								<item>
									<label>[UPPERCASE][B]$LOCALIZE[20074]:[/B][/UPPERCASE]</label>
									<label2>$INFO[ListItem.mpaa]</label2>
									<onclick>noop</onclick>
								</item>
								<item>
									<label>[UPPERCASE][B]$LOCALIZE[15311][/B][/UPPERCASE]</label>
									<label2>$INFO[ListItem.FilenameAndPath]</label2>
									<onclick>noop</onclick>
								</item>
							</content>
						</control>
					</control>
				</control>
				<control type="group">
					<visible>Container.Content(TVShows)</visible>
					<control type="image">
						<description>Cover image</description>
						<left>60</left>
						<top>105</top>
						<width>1800</width>
						<height>210</height>
						<texture diffuse="banner-diffuse.png">$VAR[IconBanner]</texture>
						<aspectratio>keep</aspectratio>
						<visible>Container.Content(TvShows) + Skin.HasSetting(TVShowsPosters)</visible>
					</control>
					<control type="image">
						<description>Cover image</description>
						<left>60</left>
						<top>315</top>
						<width>1800</width>
						<height>210</height>
						<texture flipy="true" diffuse="banner-diffuse-mirror.png">$VAR[IconBanner]</texture>
						<aspectratio>keep</aspectratio>
						<visible>Container.Content(TvShows) + Skin.HasSetting(TVShowsPosters)</visible>
					</control>
					<control type="group">
						<include>VisibleFadeEffect</include>
						<control type="list" id="49">
							<left>86</left>
							<top>280</top>
							<width>1800</width>
							<height>404</height>
							<onleft>49</onleft>
							<onright>49</onright>
							<onup>5</onup>
							<ondown>5</ondown>
							<pagecontrol></pagecontrol>
							<scrolltime>200</scrolltime>
							<animation effect="slide" start="0,0" end="0,-165" time="0" condition="!Skin.HasSetting(TVShowsPosters)">Conditional</animation>
							<itemlayout width="1800" height="44">
								<control type="image">
									<left>0</left>
									<top>0</top>
									<width>1749</width>
									<height>45</height>
									<texture border="7">list-nofocus.png</texture>
									<include>VisibleFadeEffect</include>
								</control>
								<control type="label">
									<left>0</left>
									<top>0</top>
									<width>240</width>
									<height>45</height>
									<font>font-20c</font>
									<align>right</align>
									<aligny>center</aligny>
									<textcolor>lightblue</textcolor>
									<selectedcolor>white</selectedcolor>
									<label>$INFO[ListItem.Label]</label>
								</control>
								<control type="label">
									<left>262</left>
									<top>0</top>
									<width>1470</width>
									<height>45</height>
									<font>font-20</font>
									<align>left</align>
									<aligny>center</aligny>
									<textcolor>white</textcolor>
									<selectedcolor>white</selectedcolor>
									<label>$INFO[ListItem.Label2]</label>
								</control>
							</itemlayout>
							<focusedlayout width="1800" height="44">
								<control type="image">
									<left>0</left>
									<top>0</top>
									<width>1749</width>
									<height>45</height>
									<texture border="7">list-nofocus.png</texture>
									<include>VisibleFadeEffect</include>
								</control>
								<control type="image">
									<left>0</left>
									<top>0</top>
									<width>1749</width>
									<height>45</height>
									<texture border="7">list-focus2.png</texture>
									<include>VisibleFadeEffect</include>
									<visible>Control.HasFocus(49)</visible>
									<include>ListFocusScroll22</include>
								</control>
								<control type="label">
									<left>0</left>
									<top>0</top>
									<width>240</width>
									<height>45</height>
									<font>font-20c</font>
									<align>right</align>
									<aligny>center</aligny>
									<textcolor>lightblue</textcolor>
									<selectedcolor>white</selectedcolor>
									<label>$INFO[ListItem.Label]</label>
								</control>
								<control type="label">
									<left>262</left>
									<top>0</top>
									<width>1470</width>
									<height>45</height>
									<font>font-20</font>
									<align>left</align>
									<aligny>center</aligny>
									<textcolor>white</textcolor>
									<selectedcolor>white</selectedcolor>
									<label>$INFO[ListItem.Label2]</label>
								</control>
							</focusedlayout>
							<content>
								<item>
									<label>[UPPERCASE][B]$LOCALIZE[33054]:[/B][/UPPERCASE]</label>
									<label2>$INFO[ListItem.Property(TotalSeasons)]</label2>
									<onclick>noop</onclick>
								</item>
								<item>
									<label>[UPPERCASE][B]$LOCALIZE[20360]:[/B][/UPPERCASE]</label>
									<label2>$INFO[ListItem.Property(TotalEpisodes)] [COLOR=grey] $INFO[ListItem.Property(WatchedEpisodes),(, $LOCALIZE[16102] - ]$INFO[ListItem.Property(UnWatchedEpisodes), , $LOCALIZE[16101])][/COLOR]</label2>
									<onclick>noop</onclick>
								</item>
								<item>
									<label>[UPPERCASE][B]$LOCALIZE[20416]:[/B][/UPPERCASE]</label>
									<label2>$INFO[ListItem.Premiered]</label2>
									<onclick>noop</onclick>
								</item>
								<item>
									<label>[UPPERCASE][B]$LOCALIZE[515]:[/B][/UPPERCASE]</label>
									<label2>$INFO[ListItem.Genre]</label2>
									<onclick>noop</onclick>
								</item>
								<item>
									<label>[UPPERCASE][B]$LOCALIZE[562]:[/B][/UPPERCASE]</label>
									<label2>$INFO[ListItem.Year]</label2>
									<onclick>noop</onclick>
								</item>
								<item>
									<label>[UPPERCASE][B]$LOCALIZE[563]:[/B][/UPPERCASE]</label>
									<label2>$INFO[ListItem.Rating]</label2>
									<onclick>noop</onclick>
								</item>
								<item>
									<label>[UPPERCASE][B]$LOCALIZE[38018]:[/B][/UPPERCASE]</label>
									<label2>$INFO[ListItem.UserRating]</label2>
									<onclick>noop</onclick>
								</item>
								<item>
									<label>[UPPERCASE][B]$LOCALIZE[20074]:[/B][/UPPERCASE]</label>
									<label2>$INFO[ListItem.mpaa]</label2>
									<onclick>noop</onclick>
								</item>
								<item>
									<label>[UPPERCASE][B]$LOCALIZE[15311][/B][/UPPERCASE]</label>
									<label2>$INFO[ListItem.FilenameAndPath]</label2>
									<onclick>noop</onclick>
								</item>
							</content>
						</control>
					</control>
				</control>
				<control type="group">
					<visible>Container.Content(Episodes)</visible>
					<control type="group">
						<include>VisibleFadeEffect</include>
						<control type="list" id="49">
							<left>86</left>
							<top>87</top>
							<width>1800</width>
							<height>570</height>
							<onleft>49</onleft>
							<onright>49</onright>
							<onup>5</onup>
							<ondown>5</ondown>
							<pagecontrol></pagecontrol>
							<scrolltime>200</scrolltime>
							<itemlayout width="1800" height="44">
								<control type="image">
									<left>0</left>
									<top>0</top>
									<width>1749</width>
									<height>45</height>
									<texture border="7">list-nofocus.png</texture>
									<include>VisibleFadeEffect</include>
								</control>
								<control type="label">
									<left>0</left>
									<top>0</top>
									<width>240</width>
									<height>45</height>
									<font>font-20c</font>
									<align>right</align>
									<aligny>center</aligny>
									<textcolor>lightblue</textcolor>
									<selectedcolor>white</selectedcolor>
									<label>$INFO[ListItem.Label]</label>
								</control>
								<control type="label">
									<left>262</left>
									<top>0</top>
									<width>1470</width>
									<height>45</height>
									<font>font-20</font>
									<align>left</align>
									<aligny>center</aligny>
									<textcolor>white</textcolor>
									<selectedcolor>white</selectedcolor>
									<label>$INFO[ListItem.Label2]</label>
								</control>
							</itemlayout>
							<focusedlayout width="1800" height="44">
								<control type="image">
									<left>0</left>
									<top>0</top>
									<width>1749</width>
									<height>45</height>
									<texture border="7">list-nofocus.png</texture>
									<include>VisibleFadeEffect</include>
								</control>
								<control type="image">
									<left>0</left>
									<top>0</top>
									<width>1749</width>
									<height>45</height>
									<texture border="7">list-focus2.png</texture>
									<include>VisibleFadeEffect</include>
									<visible>Control.HasFocus(49)</visible>
									<include>ListFocusScroll22</include>
								</control>
								<control type="label">
									<left>0</left>
									<top>0</top>
									<width>240</width>
									<height>45</height>
									<font>font-20c</font>
									<align>right</align>
									<aligny>center</aligny>
									<textcolor>lightblue</textcolor>
									<selectedcolor>white</selectedcolor>
									<label>$INFO[ListItem.Label]</label>
								</control>
								<control type="label">
									<left>262</left>
									<top>0</top>
									<width>1470</width>
									<height>45</height>
									<font>font-20</font>
									<align>left</align>
									<aligny>center</aligny>
									<textcolor>white</textcolor>
									<selectedcolor>white</selectedcolor>
									<label>$INFO[ListItem.Label2]</label>
								</control>
							</focusedlayout>
							<content>
								<item>
									<label>[UPPERCASE][B]$LOCALIZE[20364]:[/B][/UPPERCASE]</label>
									<label2>$INFO[ListItem.TVShowTitle]</label2>
									<onclick>noop</onclick>
								</item>
								<item>
									<label>[UPPERCASE][B]$LOCALIZE[20359]:[/B][/UPPERCASE]</label>
									<label2>$INFO[ListItem.Season,,.]$INFO[ListItem.Episode]</label2>
									<onclick>noop</onclick>
								</item>
								<item>
									<label>[UPPERCASE][B]$LOCALIZE[552]:[/B][/UPPERCASE]</label>
									<label2>$INFO[ListItem.Premiered]</label2>
									<onclick>noop</onclick>
								</item>
								<item>
									<label>[UPPERCASE][B]$LOCALIZE[572]:[/B][/UPPERCASE]</label>
									<label2>$INFO[ListItem.Studio]</label2>
									<onclick>noop</onclick>
								</item>
								<item>
									<label>[UPPERCASE][B]$LOCALIZE[20339]:[/B][/UPPERCASE]</label>
									<label2>$INFO[ListItem.Director]</label2>
									<onclick>SendClick(2003,13)</onclick>
								</item>
								<item>
									<label>[UPPERCASE][B]$LOCALIZE[20417]:[/B][/UPPERCASE]</label>
									<label2>$INFO[ListItem.Writer]</label2>
									<onclick>noop</onclick>
								</item>
								<item>
									<label>[UPPERCASE][B]$LOCALIZE[562]:[/B][/UPPERCASE]</label>
									<label2>$INFO[ListItem.Year]</label2>
									<onclick>noop</onclick>
								</item>
								<item>
									<label>[UPPERCASE][B]$LOCALIZE[2050]:[/B][/UPPERCASE]</label>
									<label2>$INFO[ListItem.Duration]</label2>
									<onclick>noop</onclick>
								</item>
								<item>
									<label>[UPPERCASE][B]$LOCALIZE[567]:[/B][/UPPERCASE]</label>
									<label2>$INFO[ListItem.PlayCount]$INFO[ListItem.LastPlayed, ($LOCALIZE[568]: ,)]</label2>
									<onclick>noop</onclick>
								</item>
								<item>
									<label>[UPPERCASE][B]$LOCALIZE[563]:[/B][/UPPERCASE]</label>
									<label2>$INFO[ListItem.Rating]</label2>
									<onclick>noop</onclick>
								</item>
								<item>
									<label>[UPPERCASE][B]$LOCALIZE[38018]:[/B][/UPPERCASE]</label>
									<label2>$INFO[ListItem.UserRating]</label2>
									<onclick>noop</onclick>
								</item>
								<item>
									<label>[UPPERCASE][B]$LOCALIZE[15311][/B][/UPPERCASE]</label>
									<label2>$INFO[ListItem.FilenameAndPath]</label2>
									<onclick>noop</onclick>
								</item>
							</content>
						</control>
					</control>
				</control>
				<control type="group">
					<visible>Container.Content(MusicVideos)</visible>
					<control type="group">
						<include>VisibleFadeEffect</include>
						<control type="list" id="49">
							<left>86</left>
							<top>94</top>
							<width>1800</width>
							<height>450</height>
							<onleft>49</onleft>
							<onright>49</onright>
							<onup>5</onup>
							<ondown>5</ondown>
							<pagecontrol></pagecontrol>
							<scrolltime>200</scrolltime>
							<itemlayout width="1800" height="44">
								<control type="image">
									<left>0</left>
									<top>0</top>
									<width>1749</width>
									<height>45</height>
									<texture border="7">list-nofocus.png</texture>
									<include>VisibleFadeEffect</include>
								</control>
								<control type="label">
									<left>0</left>
									<top>0</top>
									<width>240</width>
									<height>45</height>
									<font>font-20c</font>
									<align>right</align>
									<aligny>center</aligny>
									<textcolor>lightblue</textcolor>
									<selectedcolor>white</selectedcolor>
									<label>$INFO[ListItem.Label]</label>
								</control>
								<control type="label">
									<left>262</left>
									<top>0</top>
									<width>1470</width>
									<height>45</height>
									<font>font-20</font>
									<align>left</align>
									<aligny>center</aligny>
									<textcolor>white</textcolor>
									<selectedcolor>white</selectedcolor>
									<label>$INFO[ListItem.Label2]</label>
								</control>
							</itemlayout>
							<focusedlayout width="1800" height="44">
								<control type="image">
									<left>0</left>
									<top>0</top>
									<width>1749</width>
									<height>45</height>
									<texture border="7">list-nofocus.png</texture>
									<include>VisibleFadeEffect</include>
								</control>
								<control type="image">
									<left>0</left>
									<top>0</top>
									<width>1749</width>
									<height>45</height>
									<texture border="7">list-focus2.png</texture>
									<include>VisibleFadeEffect</include>
									<visible>Control.HasFocus(49)</visible>
									<include>ListFocusScroll22</include>
								</control>
								<control type="label">
									<left>0</left>
									<top>0</top>
									<width>240</width>
									<height>45</height>
									<font>font-20c</font>
									<align>right</align>
									<aligny>center</aligny>
									<textcolor>lightblue</textcolor>
									<selectedcolor>white</selectedcolor>
									<label>$INFO[ListItem.Label]</label>
								</control>
								<control type="label">
									<left>262</left>
									<top>0</top>
									<width>1470</width>
									<height>45</height>
									<font>font-20</font>
									<align>left</align>
									<aligny>center</aligny>
									<textcolor>white</textcolor>
									<selectedcolor>white</selectedcolor>
									<label>$INFO[ListItem.Label2]</label>
								</control>
							</focusedlayout>
							<content>
								<item>
									<label>[UPPERCASE][B]$LOCALIZE[557]:[/B][/UPPERCASE]</label>
									<label2>$INFO[ListItem.Artist]</label2>
									<onclick>noop</onclick>
								</item>
								<item>
									<label>[UPPERCASE][B]$LOCALIZE[558]:[/B][/UPPERCASE]</label>
									<label2>$INFO[ListItem.Album]</label2>
									<onclick>noop</onclick>
								</item>
								<item>
									<label>[UPPERCASE][B]$LOCALIZE[515]:[/B][/UPPERCASE]</label>
									<label2>$INFO[ListItem.Genre]</label2>
									<onclick>noop</onclick>
								</item>
								<item>
									<label>[UPPERCASE][B]$LOCALIZE[572]:[/B][/UPPERCASE]</label>
									<label2>$INFO[ListItem.Studio]</label2>
									<onclick>noop</onclick>
								</item>
								<item>
									<label>[UPPERCASE][B]$LOCALIZE[20339]:[/B][/UPPERCASE]</label>
									<label2>$INFO[ListItem.Director]</label2>
									<onclick>SendClick(2003,13)</onclick>
								</item>
								<item>
									<label>[UPPERCASE][B]$LOCALIZE[562]:[/B][/UPPERCASE]</label>
									<label2>$INFO[ListItem.Year]</label2>
									<onclick>noop</onclick>
								</item>
								<item>
									<label>[UPPERCASE][B]$LOCALIZE[2050]:[/B][/UPPERCASE]</label>
									<label2>$INFO[ListItem.Duration]</label2>
									<onclick>noop</onclick>
								</item>
								<item>
									<label>[UPPERCASE][B]$LOCALIZE[567]:[/B][/UPPERCASE]</label>
									<label2>$INFO[ListItem.PlayCount]$INFO[ListItem.LastPlayed, ($LOCALIZE[568]: ,)]</label2>
									<onclick>noop</onclick>
								</item>
								<item>
									<label>[UPPERCASE][B]$LOCALIZE[38018]:[/B][/UPPERCASE]</label>
									<label2>$INFO[ListItem.UserRating]</label2>
									<onclick>noop</onclick>
								</item>
								<item>
									<label>[UPPERCASE][B]$LOCALIZE[15311][/B][/UPPERCASE]</label>
									<label2>$INFO[ListItem.FilenameAndPath]</label2>
									<onclick>noop</onclick>
								</item>
							</content>
						</control>
					</control>
				</control>
			</control>
		</control>
	</controls>
</window>
