<?xml version="1.0" encoding="utf-8"?>
<window>
	<controls>
		<control type="group">
			<include>ContentFade</include>
			<visible>!Window.IsVisible(VideoOSD)</visible>
			<control type="group">
				<top>780</top>
				<animation effect="slide" start="0,270" end="0,0" time="300">WindowOpen</animation>
				<animation effect="slide" start="0,0" end="0,270" time="300">WindowClose</animation>
				<control type="image">
					<description>media info background image</description>
					<left>-42</left>
					<top>48</top>
					<width>2004</width>
					<height>333</height>
					<texture border="17">panel.png</texture>
					<bordersize>11</bordersize>
				</control>
				<control type="label">
					<left>488</left>
					<top>87</top>
					<width>1065</width>
					<height>38</height>
					<label>$VAR[DialogFullScreenInfoLabel1]</label>
					<align>left</align>
					<aligny>center</aligny>
					<font>font-20</font>
					<textcolor>blue</textcolor>
				</control>
				<control type="label">
					<left>488</left>
					<top>126</top>
					<width>1388</width>
					<height>38</height>
					<label>$INFO[VideoPlayer.Title]</label>
					<align>left</align>
					<aligny>center</aligny>
					<font>font-32</font>
					<textcolor>lightblue</textcolor>
				</control>
				<control type="label">
					<left>488</left>
					<top>165</top>
					<width>938</width>
					<height>38</height>
					<label>$VAR[DialogFullScreenInfoLabel2]</label>
					<align>left</align>
					<aligny>center</aligny>
					<font>font-20</font>
					<textcolor>white</textcolor>
				</control>
				<control type="label">
					<description>System Time Label</description>
					<left>1582</left>
					<top>87</top>
					<width>300</width>
					<height>38</height>
					<textcolor>blue</textcolor>
					<label>$INFO[System.Time]</label>
					<align>right</align>
					<aligny>center</aligny>
					<font>font-23</font>
				</control>
				<control type="button">
					<left>1887</left>
					<top>93</top>
					<width>30</width>
					<height>30</height>
					<texturefocus>close-window-focus.png</texturefocus>
					<texturenofocus>close-window-nofocus.png</texturenofocus>
					<onclick>Dialog.Close(fullscreeninfo)</onclick>
					<visible>Skin.HasSetting(TouchScreenMode)</visible>
				</control>
				<control type="label">
					<description>Video End Time</description>
					<left>1432</left>
					<top>165</top>
					<width>450</width>
					<height>38</height>
					<textcolor>white</textcolor>
					<label>$LOCALIZE[31050]: $INFO[Player.FinishTime]</label>
					<align>right</align>
					<aligny>center</aligny>
					<font>font-20</font>
				</control>
				<control type="label">
					<description>time label</description>
					<left>488</left>
					<top>201</top>
					<width>420</width>
					<height>38</height>
					<textcolor>lightblue</textcolor>
					<label>$INFO[VideoPlayer.Time]</label>
					<align>left</align>
					<aligny>center</aligny>
					<font>font-20</font>
				</control>
				<control type="progress">
					<description>Progressbar Cache</description>
					<left>630</left>
					<top>210</top>
					<width>1112</width>
					<height>22</height>
					<info>Player.ProgressCache</info>
					<midtexture border="10,0,10,0">ProgressCache.png</midtexture>
				</control>
				<control type="progress">
					<description>Progressbar</description>
					<left>630</left>
					<top>210</top>
					<width>1112</width>
					<height>22</height>
					<info>Player.Progress</info>
				</control>
				<control type="ranges">
					<left>630</left>
					<top>221</top>
					<width>1112</width>
					<height>8</height>
					<texturebg border="2">empty.png</texturebg>
					<righttexture>chapter_marker.png</righttexture>
					<info>Player.Chapters</info>
				</control>
				<control type="slider" id="888">
					<description>Slider</description>
					<left>630</left>
					<top>210</top>
					<width>1112</width>
					<height>22</height>
					<action>seek</action>
				</control>
				<control type="label">
					<description>time label</description>
					<left>1462</left>
					<top>201</top>
					<width>420</width>
					<height>38</height>
					<textcolor>lightblue</textcolor>
					<label>$INFO[Player.Duration]</label>
					<align>right</align>
					<aligny>center</aligny>
					<font>font-20</font>
				</control>
				<control type="label">
					<description>Chapter Pos No</description>
					<left>1148</left>
					<top>246</top>
					<width>735</width>
					<height>38</height>
					<textcolor>lightgrey</textcolor>
					<label>$INFO[Player.Chapter,$LOCALIZE[21396]: ]$INFO[Player.ChapterCount, / ]$INFO[Player.ChapterName, - ]</label>
					<align>right</align>
					<aligny>center</aligny>
					<font>font-19</font>
					<wrapmultiline>true</wrapmultiline>
					<visible>Player.ChapterCount + !VideoPlayer.Content(LiveTV)</visible>
				</control>
				<control type="label">
					<description>Chapter Pos No</description>
					<left>1148</left>
					<top>232</top>
					<width>735</width>
					<height>38</height>
					<textcolor>lightgrey</textcolor>
					<label>$LOCALIZE[19148]: $INFO[VideoPlayer.ChannelNumberLabel,, - ]$LOCALIZE[19141]: $INFO[VideoPlayer.ChannelGroup]</label>
					<align>right</align>
					<aligny>center</aligny>
					<font>font-19</font>
					<wrapmultiline>true</wrapmultiline>
					<visible>VideoPlayer.Content(LiveTV)</visible>
				</control>
				<control type="label">
					<description>Chapter Pos No</description>
					<left>1148</left>
					<top>262</top>
					<width>735</width>
					<height>38</height>
					<textcolor>lightgrey</textcolor>
					<label>$LOCALIZE[209]: $INFO[VideoPlayer.NextTitle]</label>
					<align>right</align>
					<aligny>center</aligny>
					<font>font-19</font>
					<wrapmultiline>true</wrapmultiline>
					<visible>VideoPlayer.Content(LiveTV)</visible>
				</control>
				<control type="group">
					<left>480</left>
					<top>234</top>
					<width>606</width>
					<height>72</height>
					<include condition="VideoPlayer.Content(Movies) + !Skin.HasSetting(Enable_Movies_Media_Flags)">FullScreenVideoMediaFlags</include>
					<include condition="VideoPlayer.Content(Episodes) + !Skin.HasSetting(Enable_TVShows_Media_Flags)">FullScreenVideoMediaFlags</include>
					<include condition="VideoPlayer.Content(MusicVideos) + !Skin.HasSetting(Enable_MusicVideos_Media_Flags)">FullScreenVideoMediaFlags</include>
					<include condition="VideoPlayer.Content(LiveTV) + !Skin.HasSetting(Enable_TV_Media_Flags)">FullScreenVideoMediaFlags</include>
					<include condition="!VideoPlayer.Content(Movies) + !VideoPlayer.Content(Episodes) + !VideoPlayer.Content(MusicVideos) + !VideoPlayer.Content(LiveTV)">FullScreenVideoMediaFlags</include>
				</control>
			</control>
			<control type="group">
				<left>0</left>
				<top>570</top>
				<animation effect="slide" start="-420,0" end="0,0" time="300">WindowOpen</animation>
				<animation effect="slide" start="0,0" end="-420,0" time="300">WindowClose</animation>
				<include condition="Skin.HasSetting(ClearArt) + VideoPlayer.Content(Episodes)">clearart-dialogfullscreeninfo</include>
				<control type="image">
					<description>cover image</description>
					<left>15</left>
					<top>274</top>
					<width>418</width>
					<height>236</height>
					<aspectratio align="center" aligny="center" scalediffuse="true">keep</aspectratio>
					<texture diffuse="video-diffuse.png">$INFO[Player.Art(thumb)]</texture>
					<visible>VideoPlayer.Content(Episodes) + [!Skin.HasSetting(ClearArt) | [String.IsEmpty(Control.GetLabel(7017))] | Skin.HasSetting(Safemode) | String.Contains(Player.FolderPath,pvr://) | String.Contains(Player.FolderPath,http://) | String.Contains(Player.FolderPath,https://) | String.Contains(Player.FolderPath,htsp://)]</visible>
				</control>
				<control type="image">
					<description>cover image</description>
					<left>15</left>
					<top>274</top>
					<width>418</width>
					<height>236</height>
					<aspectratio align="center" aligny="center" scalediffuse="true">keep</aspectratio>
					<texture diffuse="video-diffuse.png">$INFO[Player.Art(thumb)]</texture>
					<visible>[!VideoPlayer.Content(Movies) + !VideoPlayer.Content(Episodes)] | [VideoPlayer.Content(Movies) + [String.StartsWith(Player.FileNameAndPath,http) | String.StartsWith(Player.FileNameAndPath,mms) | String.StartsWith(Player.FileNameAndPath,rtmp)]]</visible>
				</control>
				<control type="image">
					<description>cover image</description>
					<left>66</left>
					<top>60</top>
					<width>309</width>
					<height>438</height>
					<texture>$INFO[Player.Art(poster)]</texture>
					<visible>VideoPlayer.Content(Movies) + ![String.StartsWith(Player.FileNameAndPath,http) | String.StartsWith(Player.FileNameAndPath,mms) | String.StartsWith(Player.FileNameAndPath,rtmp)]</visible>
				</control>
				<control type="image">
					<left>66</left>
					<top>24</top>
					<width>333</width>
					<height>507</height>
					<texture fallback="case-sets.png">case$INFO[VideoPlayer.VideoResolution].png</texture>
					<visible>VideoPlayer.Content(Movies) + !Skin.HasSetting(HideMovieCase) + ![String.StartsWith(Player.FileNameAndPath,http) | String.StartsWith(Player.FileNameAndPath,mms) | String.StartsWith(Player.FileNameAndPath,rtmp)]</visible>
				</control>
			</control>
		</control>
		<include condition="Skin.HasSetting(DebugMode)">debuginfovideoplayer</include>
	</controls>
</window>
