<?xml version="1.0" encoding="utf-8"?>
<window>
	<defaultcontrol always="true">50</defaultcontrol>
	<controls>
		<control type="image">
			<width>1920</width>
			<height>1080</height>
			<texture>black.png</texture>
			<animation effect="fade" start="0" end="70" time="300">WindowOpen</animation>
			<animation effect="fade" start="70" end="0" time="300">WindowClose</animation>
		</control>
		<control type="group">
			<include>dialogeffect</include>
			<include>DialogFade3</include>
			<control type="button">
				<left>1860</left>
				<top>30</top>
				<width>30</width>
				<height>30</height>
				<texturefocus>close-window-focus.png</texturefocus>
				<texturenofocus>close-window-nofocus.png</texturenofocus>
				<onclick>Dialog.Close(DialogVideoManager.xml)</onclick>
				<visible>Skin.HasSetting(TouchScreenMode)</visible>
			</control>
			<control type="label" id="2">
				<description>heading label</description>
				<left>60</left>
				<width>1800</width>
				<height>100</height>
				<align>center</align>
				<aligny>center</aligny>
				<textcolor>blue</textcolor>
				<font>font-32</font>
				<label />
			</control>
			<control type="image">
				<top>100</top>
				<width>1920</width>
				<height>3</height>
				<texture>separator.png</texture>
			</control>
			<control type="list" id="50">
				<left>210</left>
				<top>120</top>
				<width>1500</width>
				<height>840</height>
				<onclick>SetFocus(9000)</onclick>
				<onleft>9000</onleft>
				<onright condition="Control.IsVisible(61)">61</onright>
				<onright condition="!Control.IsVisible(61)">9000</onright>
				<pagecontrol>61</pagecontrol>
				<scrolltime>200</scrolltime>
				<itemlayout width="1500" height="120">
					<control type="image">
						<width>1500</width>
						<height>120</height>
						<texture border="7">list-nofocus.png</texture>
					</control>
					<control type="image">
						<left>10</left>
						<top>5</top>
						<width>110</width>
						<height>110</height>
						<texture>$VAR[VersionsPoster]</texture>
						<aspectratio>keep</aspectratio>
					</control>
					<control type="label">
						<left>135</left>
						<width>1470</width>
						<height>40</height>
						<font>font-20c</font>
						<aligny>center</aligny>
						<textcolor>lightblue</textcolor>
						<selectedcolor>lightblue</selectedcolor>
						<label>[B]$INFO[ListItem.Label][/B]</label>
					</control>
					<control type="label">
						<left>135</left>
						<top>40</top>
						<width>1470</width>
						<height>40</height>
						<font>font-20</font>
						<align>left</align>
						<aligny>center</aligny>
						<textcolor>lightblue</textcolor>
						<selectedcolor>lightblue</selectedcolor>
						<label>$INFO[ListItem.Duration]$VAR[VideoResolutionLabel, | ]$VAR[AudioCodecLabel, | ]$VAR[AudioChannelsLabel, • ]</label>
					</control>
					<control type="label">
						<left>135</left>
						<top>80</top>
						<width>1470</width>
						<height>40</height>
						<font>font-20</font>
						<align>left</align>
						<aligny>center</aligny>
						<textcolor>lightblue</textcolor>
						<selectedcolor>lightblue</selectedcolor>
						<label>[I]$INFO[ListItem.Path][/I]</label>
					</control>
				</itemlayout>
				<focusedlayout width="1500" height="120">
					<control type="image">
						<width>1500</width>
						<height>120</height>
						<texture border="7">list-nofocus.png</texture>
					</control>
					<control type="image">
						<width>1500</width>
						<height>120</height>
						<texture border="7">list-focus2.png</texture>
						<animation effect="fade" start="100" end="40" time="300" tween="sine" easing="inout" condition="!Control.HasFocus(50)">Conditional</animation>
					</control>
					<control type="image">
						<left>10</left>
						<top>5</top>
						<width>110</width>
						<height>110</height>
						<texture>$VAR[VersionsPoster]</texture>
						<aspectratio>keep</aspectratio>
					</control>
					<control type="label">
						<left>135</left>
						<width>1470</width>
						<height>40</height>
						<font>font-20c</font>
						<aligny>center</aligny>
						<textcolor>white</textcolor>
						<selectedcolor>white</selectedcolor>
						<label>[B]$INFO[ListItem.Label][/B]</label>
					</control>
					<control type="label">
						<left>135</left>
						<top>40</top>
						<width>1470</width>
						<height>40</height>
						<font>font-20</font>
						<align>left</align>
						<aligny>center</aligny>
						<textcolor>white</textcolor>
						<selectedcolor>white</selectedcolor>
						<label>$INFO[ListItem.Duration]$VAR[VideoResolutionLabel, | ]$VAR[AudioCodecLabel, | ]$VAR[AudioChannelsLabel, • ]</label>
					</control>
					<control type="label">
						<left>135</left>
						<top>80</top>
						<width>1470</width>
						<height>40</height>
						<font>font-20</font>
						<align>left</align>
						<aligny>center</aligny>
						<textcolor>white</textcolor>
						<selectedcolor>white</selectedcolor>
						<label>[I]$INFO[ListItem.Path][/I]</label>
					</control>
				</focusedlayout>
			</control>
			<control type="scrollbar" id="61">
				<left>1750</left>
				<top>120</top>
				<width>30</width>
				<height>840</height>
				<texturesliderbackground border="0,10,0,10">scrollbar-back.png</texturesliderbackground>
				<texturesliderbar border="0,10,0,10">scrollbar-front-nofocus.png</texturesliderbar>
				<texturesliderbarfocus border="0,10,0,10">scrollbar-front.png</texturesliderbarfocus>
				<textureslidernib>scrollbar-nib-nofocus.png</textureslidernib>
				<textureslidernibfocus>scrollbar-nib.png</textureslidernibfocus>
				<onleft>50</onleft>
				<onright>50</onright>
				<showonepage>false</showonepage>
				<orientation>vertical</orientation>
			</control>
			<control type="image">
				<top>977</top>
				<width>1920</width>
				<height>3</height>
				<texture>separator.png</texture>
			</control>
			<control type="grouplist" id="9000">
				<top>998</top>
				<width>auto</width>
				<onup>50</onup>
				<ondown>50</ondown>
				<align>center</align>
				<orientation>horizontal</orientation>
				<control type="button" id="21">
					<description>Play Button</description>
					<width>300</width>
					<height>52</height>
					<align>center</align>
					<aligny>center</aligny>
					<texturefocus border="7">button-focus.png</texturefocus>
					<texturenofocus border="7">button-nofocus.png</texturenofocus>
					<label>208</label>
				</control>
				<control type="button" id="22">
					<description>Add Version Button</description>
					<width>300</width>
					<height>52</height>
					<align>center</align>
					<aligny>center</aligny>
					<texturefocus border="7">button-focus.png</texturefocus>
					<texturenofocus border="7">button-nofocus.png</texturenofocus>
					<label>40014</label>
					<visible>Window.IsVisible(managevideoversions)</visible>
				</control>
				<control type="button" id="23">
					<description>Add Extras Button</description>
					<width>300</width>
					<height>52</height>
					<align>center</align>
					<aligny>center</aligny>
					<texturefocus border="7">button-focus.png</texturefocus>
					<texturenofocus border="7">button-nofocus.png</texturenofocus>
					<label>40015</label>
					<visible>Window.IsVisible(managevideoextras)</visible>
				</control>
				<control type="button" id="27">
					<description>Choose Art Button</description>
					<width>300</width>
					<height>52</height>
					<align>center</align>
					<aligny>center</aligny>
					<texturefocus border="7">button-focus.png</texturefocus>
					<texturenofocus border="7">button-nofocus.png</texturenofocus>
					<label>13511</label>
				</control>
				<control type="button" id="24">
					<description>Rename Button</description>
					<width>300</width>
					<height>52</height>
					<align>center</align>
					<aligny>center</aligny>
					<texturefocus border="7">button-focus.png</texturefocus>
					<texturenofocus border="7">button-nofocus.png</texturenofocus>
					<label>118</label>
				</control>
				<control type="button" id="26">
					<description>Remove Button</description>
					<width>300</width>
					<height>52</height>
					<align>center</align>
					<aligny>center</aligny>
					<texturefocus border="7">button-focus.png</texturefocus>
					<texturenofocus border="7">button-nofocus.png</texturenofocus>
					<label>15015</label>
				</control>
				<control type="button" id="25">
					<description>Set Default Button</description>
					<width>300</width>
					<height>52</height>
					<align>center</align>
					<aligny>center</aligny>
					<texturefocus border="7">button-focus.png</texturefocus>
					<texturenofocus border="7">button-nofocus.png</texturenofocus>
					<label>40023</label>
					<visible>Window.IsVisible(managevideoversions)</visible>
				</control>
			</control>
		</control>
	</controls>
</window>
