<?xml version="1.0" encoding="utf-8"?>
<window>
	<defaultcontrol>11</defaultcontrol>
	<include>dialogeffect</include>
	<coordinates>
		<left>660</left>
		<top>0</top>
	</coordinates>
	<controls>
		<control type="group">
			<visible>![Window.IsVisible(Notification) | Window.IsVisible(VolumeBar)]</visible>
			<control type="image">
				<left>0</left>
				<top>0</top>
				<width>600</width>
				<height>52</height>
				<texture border="16,0,16,0">popup-small.png</texture>
			</control>
			<control type="label" id="10">
				<description>Dialog header</description>
				<left>30</left>
				<top>0</top>
				<width>270</width>
				<height>24</height>
				<align>left</align>
				<aligny>center</aligny>
				<font>font-15b</font>
				<textcolor>white</textcolor>
			</control>
			<control type="label" id="12">
				<description>Slider Value</description>
				<left>300</left>
				<top>0</top>
				<width>270</width>
				<height>24</height>
				<align>right</align>
				<aligny>center</aligny>
				<font>font-15b</font>
				<textcolor>white</textcolor>
			</control>
			<control type="slider" id="11">
				<description>Slider</description>
				<left>30</left>
				<top>22</top>
				<width>540</width>
				<height>24</height>
				<texturesliderbar>osd_slider_bg_2.png</texturesliderbar>
				<textureslidernib>osd_slider_nibNF.png</textureslidernib>
				<textureslidernibfocus>osd_slider_nib.png</textureslidernibfocus>
				<onup>11</onup>
				<ondown>11</ondown>
				<onleft>11</onleft>
				<onright>11</onright>
			</control>
		</control>
	</controls>
</window>
