<?xml version="1.0" encoding="utf-8"?>
<window>
	<onunload>ClearProperty(Transparency-AddonNews,Home)</onunload>
	<onunload>ClearProperty(Transparency-AddonScreenshots,Home)</onunload>
	<defaultcontrol always="true">9000</defaultcontrol>
	<controls>
		<control type="image">
			<left>0</left>
			<top>0</top>
			<width>1920</width>
			<height>1080</height>
			<texture>black.png</texture>
			<animation effect="fade" start="0" end="70" time="300">WindowOpen</animation>
			<animation effect="fade" start="70" end="0" time="300">WindowClose</animation>
		</control>
		<control type="group">
			<include>DialogFade6</include>
			<visible>!Window.IsVisible(TextViewer)</visible>
			<control type="image">
				<left>0</left>
				<top>840</top>
				<width>1920</width>
				<height>210</height>
				<texture border="10">underlay.png</texture>
			</control>
			<control type="image">
				<left>12</left>
				<top>758</top>
				<width>315</width>
				<height>315</height>
				<texture>thumb-shadow.png</texture>
				<visible>!ListItem.IsParentFolder</visible>
			</control>
			<control type="image">
				<left>12</left>
				<top>758</top>
				<width>315</width>
				<height>315</height>
				<aspectratio scalediffuse="false">scale</aspectratio>
				<texture diffuse="thumb-diffuse.png" background="true">$INFO[Listitem.Icon]</texture>
				<bordersize>6</bordersize>
				<fadetime>IconCrossfadeTime</fadetime>
				<visible>!ListItem.IsParentFolder</visible>
			</control>
		</control>
		<control type="group">
			<include>dialogeffect4</include>
			<include>DialogFade5</include>
			<control type="button">
				<left>1860</left>
				<top>30</top>
				<width>30</width>
				<height>30</height>
				<texturefocus>close-window-focus.png</texturefocus>
				<texturenofocus>close-window-nofocus.png</texturenofocus>
				<onclick>Dialog.Close(addoninformation)</onclick>
				<visible>Skin.HasSetting(TouchScreenMode)</visible>
			</control>
			<control type="label">
				<description>Item Title value</description>
				<left>60</left>
				<top>68</top>
				<width>1800</width>
				<height>45</height>
				<align>center</align>
				<aligny>center</aligny>
				<textcolor>blue</textcolor>
				<shadowcolor>black</shadowcolor>
				<label>$INFO[Listitem.Label]</label>
				<font>font-32</font>
			</control>
			<control type="image">
				<left>60</left>
				<top>126</top>
				<width>1800</width>
				<height>3</height>
				<texture>separator.png</texture>
			</control>
			<control type="image">
				<left>60</left>
				<top>660</top>
				<width>1800</width>
				<height>3</height>
				<texture>separator.png</texture>
			</control>
			<control type="grouplist" id="9000">
				<left>1600</left>
				<top>140</top>
				<width>273</width>
				<orientation>vertical</orientation>
				<onleft condition="Control.IsVisible(49)">49</onleft>
				<onleft condition="Control.IsVisible(50)">50</onleft>
				<onright>60</onright>
				<control type="button" id="6">
					<description>Enable</description>
					<width>273</width>
					<height>52</height>
					<label>24022</label>
					<font>font-20</font>
					<textcolor>white</textcolor>
					<focusedcolor>white</focusedcolor>
					<shadowcolor>black</shadowcolor>
					<align>center</align>
					<aligny>center</aligny>
					<texturefocus border="7">button-focus.png</texturefocus>
					<texturenofocus border="7">button-nofocus.png</texturenofocus>
				</control>
				<control type="button" id="7">
					<description>Disable</description>
					<width>273</width>
					<height>52</height>
					<label>24021</label>
					<font>font-20</font>
					<textcolor>white</textcolor>
					<focusedcolor>white</focusedcolor>
					<shadowcolor>black</shadowcolor>
					<align>center</align>
					<aligny>center</aligny>
					<texturefocus border="7">button-focus.png</texturefocus>
					<texturenofocus border="7">button-nofocus.png</texturenofocus>
				</control>
				<control type="button" id="8">
					<description>Update</description>
					<width>273</width>
					<height>52</height>
					<label>24069</label>
					<font>font-20</font>
					<textcolor>white</textcolor>
					<focusedcolor>white</focusedcolor>
					<shadowcolor>black</shadowcolor>
					<align>center</align>
					<aligny>center</aligny>
					<texturefocus border="7">button-focus.png</texturefocus>
					<texturenofocus border="7">button-nofocus.png</texturenofocus>
				</control>
				<control type="button" id="9">
					<description>Settings</description>
					<width>273</width>
					<height>52</height>
					<label>5</label>
					<font>font-20</font>
					<textcolor>white</textcolor>
					<focusedcolor>white</focusedcolor>
					<shadowcolor>black</shadowcolor>
					<align>center</align>
					<aligny>center</aligny>
					<texturefocus border="7">button-focus.png</texturefocus>
					<texturenofocus border="7">button-nofocus.png</texturenofocus>
				</control>
				<control type="button" id="12">
					<description>Run</description>
					<width>273</width>
					<height>52</height>
					<label>518</label>
					<font>font-20</font>
					<textcolor>white</textcolor>
					<focusedcolor>white</focusedcolor>
					<shadowcolor>black</shadowcolor>
					<align>center</align>
					<aligny>center</aligny>
					<texturefocus border="7">button-focus.png</texturefocus>
					<texturenofocus border="7">button-nofocus.png</texturenofocus>
				</control>
				<control type="radiobutton" id="13">
					<description>update</description>
					<width>273</width>
					<height>52</height>
					<label>21340</label>
					<font>font-20</font>
					<textcolor>white</textcolor>
					<focusedcolor>white</focusedcolor>
					<shadowcolor>black</shadowcolor>
					<align>center</align>
					<aligny>center</aligny>
					<texturefocus border="7">button-focus.png</texturefocus>
					<texturenofocus border="7">button-nofocus.png</texturenofocus>
				</control>
				<control type="button" id="14">
					<description>versions</description>
					<width>273</width>
					<height>52</height>
					<label>24069</label>
					<font>font-20</font>
					<textcolor>white</textcolor>
					<focusedcolor>white</focusedcolor>
					<shadowcolor>black</shadowcolor>
					<align>center</align>
					<aligny>center</aligny>
					<texturefocus border="7">button-focus.png</texturefocus>
					<texturenofocus border="7">button-nofocus.png</texturenofocus>
				</control>
				<control type="togglebutton" id="201">
					<description>news</description>
					<width>273</width>
					<height>52</height>
					<label>24036</label>
					<altlabel>21821</altlabel>
					<font>font-20</font>
					<textcolor>white</textcolor>
					<focusedcolor>white</focusedcolor>
					<shadowcolor>black</shadowcolor>
					<align>center</align>
					<aligny>center</aligny>
					<texturefocus border="7">button-focus.png</texturefocus>
					<texturenofocus border="7">button-nofocus.png</texturenofocus>
					<alttexturefocus border="7">button-focus.png</alttexturefocus>
					<alttexturenofocus border="7">button-nofocus.png</alttexturenofocus>
					<usealttexture>!String.IsEmpty(Window(Home).Property(Transparency-AddonNews))</usealttexture>
					<enable>!String.IsEmpty(ListItem.AddonNews)</enable>
					<onclick condition="String.IsEmpty(Window(Home).Property(Transparency-AddonNews))">SetProperty(Transparency-AddonNews,True,Home)</onclick>
					<onclick condition="!String.IsEmpty(Window(Home).Property(Transparency-AddonNews))">ClearProperty(Transparency-AddonNews,Home)</onclick>
				</control>
				<control type="togglebutton" id="202">
					<description>screenshots</description>
					<width>273</width>
					<height>52</height>
					<label>20008</label>
					<altlabel>29915</altlabel>
					<font>font-20</font>
					<textcolor>white</textcolor>
					<focusedcolor>white</focusedcolor>
					<shadowcolor>black</shadowcolor>
					<align>center</align>
					<aligny>center</aligny>
					<texturefocus border="7">button-focus.png</texturefocus>
					<texturenofocus border="7">button-nofocus.png</texturenofocus>
					<alttexturefocus border="7">button-focus.png</alttexturefocus>
					<alttexturenofocus border="7">button-nofocus.png</alttexturenofocus>
					<usealttexture>!String.IsEmpty(Window(Home).Property(Transparency-AddonScreenshots))</usealttexture>
					<onclick condition="String.IsEmpty(Window(Home).Property(Transparency-AddonScreenshots))">SetProperty(Transparency-AddonScreenshots,True,Home)</onclick>
					<onclick condition="!String.IsEmpty(Window(Home).Property(Transparency-AddonScreenshots))">ClearProperty(Transparency-AddonScreenshots,Home)</onclick>
				</control>
				<control type="button" id="10">
					<description>Dependencies</description>
					<width>273</width>
					<height>52</height>
					<label>39024</label>
					<font>font-20</font>
					<textcolor>white</textcolor>
					<focusedcolor>white</focusedcolor>
					<shadowcolor>black</shadowcolor>
					<align>center</align>
					<aligny>center</aligny>
					<texturefocus border="7">button-focus.png</texturefocus>
					<texturenofocus border="7">button-nofocus.png</texturenofocus>
				</control>
			</control>
			<control type="textbox">
				<description>textarea</description>
				<left>398</left>
				<top>868</top>
				<width>1462</width>
				<height>154</height>
				<label>$INFO[ListItem.AddonDescription]</label>
				<font>font-19</font>
				<align>justify</align>
				<textcolor>white</textcolor>
				<shadowcolor>black</shadowcolor>
				<pagecontrol>60</pagecontrol>
				<autoscroll time="3000" delay="16000" repeat="5000">Skin.HasSetting(AutoScroll)</autoscroll>
				<visible>String.IsEmpty(Window(Home).Property(Transparency-AddonNews))</visible>
			</control>
			<control type="textbox">
				<description>textarea</description>
				<left>398</left>
				<top>868</top>
				<width>1462</width>
				<height>154</height>
				<label>$INFO[ListItem.AddonNews]</label>
				<font>font-19</font>
				<align>justify</align>
				<textcolor>white</textcolor>
				<shadowcolor>black</shadowcolor>
				<pagecontrol>60</pagecontrol>
				<autoscroll time="3000" delay="16000" repeat="5000">Skin.HasSetting(AutoScroll)</autoscroll>
				<visible>!String.IsEmpty(Window(Home).Property(Transparency-AddonNews))</visible>
			</control>
			<control type="spincontrol" id="60">
				<description>Next page button</description>
				<left>1770</left>
				<top>1048</top>
				<subtype>page</subtype>
				<font>font-19</font>
				<onup>9000</onup>
				<ondown>61</ondown>
				<onleft>60</onleft>
				<onright>60</onright>
				<textcolor>white</textcolor>
				<showonepage>true</showonepage>
			</control>
			<control type="group">
				<include>VisibleFadeEffect</include>
				<control type="list" id="49">
					<left>150</left>
					<top>180</top>
					<width>1350</width>
					<height>398</height>
					<onleft>9000</onleft>
					<onright>9000</onright>
					<onup>49</onup>
					<ondown>49</ondown>
					<pagecontrol></pagecontrol>
					<scrolltime>200</scrolltime>
					<visible>String.IsEmpty(Window(Home).Property(Transparency-AddonScreenshots))</visible>
					<itemlayout width="1350" height="44">
						<control type="image">
							<left>0</left>
							<top>0</top>
							<width>1350</width>
							<height>45</height>
							<texture border="7">list-nofocus.png</texture>
							<include>VisibleFadeEffect</include>
						</control>
						<control type="label">
							<left>15</left>
							<top>0</top>
							<width>315</width>
							<height>45</height>
							<font>font-20</font>
							<align>right</align>
							<aligny>center</aligny>
							<textcolor>lightblue</textcolor>
							<selectedcolor>white</selectedcolor>
							<label>$INFO[ListItem.Label]</label>
						</control>
						<control type="label">
							<left>352</left>
							<top>0</top>
							<width>1035</width>
							<height>45</height>
							<font>font-20</font>
							<align>left</align>
							<aligny>center</aligny>
							<textcolor>white</textcolor>
							<selectedcolor>white</selectedcolor>
							<label>$INFO[ListItem.Label2]</label>
						</control>
					</itemlayout>
					<focusedlayout width="1350" height="44">
						<control type="image">
							<left>0</left>
							<top>0</top>
							<width>1350</width>
							<height>45</height>
							<texture border="7">list-nofocus.png</texture>
							<include>VisibleFadeEffect</include>
						</control>
						<control type="image">
							<left>0</left>
							<top>0</top>
							<width>1350</width>
							<height>45</height>
							<texture border="7">list-focus2.png</texture>
							<include>VisibleFadeEffect</include>
							<visible>Control.HasFocus(49)</visible>
							<include>ListFocusScroll22</include>
						</control>
						<control type="label">
							<left>15</left>
							<top>0</top>
							<width>315</width>
							<height>45</height>
							<font>font-20</font>
							<align>right</align>
							<aligny>center</aligny>
							<textcolor>lightblue</textcolor>
							<selectedcolor>white</selectedcolor>
							<label>$INFO[ListItem.Label]</label>
						</control>
						<control type="label">
							<left>352</left>
							<top>0</top>
							<width>1035</width>
							<height>45</height>
							<font>font-20</font>
							<align>left</align>
							<aligny>center</aligny>
							<textcolor>white</textcolor>
							<selectedcolor>white</selectedcolor>
							<label>$INFO[ListItem.Label2]</label>
						</control>
					</focusedlayout>
					<content>
						<item>
							<label>[UPPERCASE][B]$LOCALIZE[21863]:[/B][/UPPERCASE]</label>
							<label2>$INFO[ListItem.AddonCreator]</label2>
							<onclick>noop</onclick>
						</item>
						<item>
							<label>[UPPERCASE][B]$LOCALIZE[24051][/B][/UPPERCASE]</label>
							<label2>$INFO[ListItem.AddonVersion]</label2>
							<onclick>noop</onclick>
						</item>
						<item>
							<label>[UPPERCASE][B]$LOCALIZE[20037]:[/B][/UPPERCASE]</label>
							<label2>$INFO[ListItem.AddonSummary]</label2>
							<onclick>noop</onclick>
						</item>
						<item>
							<label>[UPPERCASE][B]$LOCALIZE[564]:[/B][/UPPERCASE]</label>
							<label2>$INFO[ListItem.AddonType]</label2>
							<onclick>noop</onclick>
						</item>
						<item>
							<label>[UPPERCASE][B]$LOCALIZE[126]:[/B][/UPPERCASE]</label>
							<label2>$INFO[ListItem.Property(Addon.Status)]</label2>
							<onclick>noop</onclick>
						</item>
						<item>
							<label>[UPPERCASE][B]$LOCALIZE[24052]:[/B][/UPPERCASE]</label>
							<label2>$INFO[ListItem.AddonDisclaimer]</label2>
							<onclick>noop</onclick>
							<visible>!String.IsEmpty(ListItem.AddonDisclaimer)</visible>
						</item>
						<item>
							<label>[UPPERCASE][B]$LOCALIZE[560]:[/B][/UPPERCASE]</label>
							<label2>$INFO[ListItem.Property(Addon.id)]</label2>
							<onclick>noop</onclick>
						</item>
						<item>
							<label>[UPPERCASE][B]$LOCALIZE[573]:[/B][/UPPERCASE]</label>
							<label2>$INFO[ListItem.FileNameAndPath]</label2>
							<onclick>noop</onclick>
						</item>
					</content>
				</control>
				<control type="list" id="50">
					<left>150</left>
					<top>180</top>
					<width>1350</width>
					<height>398</height>
					<onleft>50</onleft>
					<onright>50</onright>
					<onup>9000</onup>
					<ondown>9000</ondown>
					<pagecontrol></pagecontrol>
					<scrolltime>200</scrolltime>
					<orientation>horizontal</orientation>
					<visible>!String.IsEmpty(Window(Home).Property(Transparency-AddonScreenshots))</visible>
					<itemlayout width="725" height="398">
						<control type="image">
							<left>4</left>
							<top>4</top>
							<width>700</width>
							<height>390</height>
							<texture background="true">$INFO[ListItem.Icon]</texture>
						</control>
					</itemlayout>
					<focusedlayout width="725" height="398">
						<control type="image">
							<left>0</left>
							<top>0</top>
							<width>708</width>
							<height>398</height>
							<texture border="7">thumb-focus.png</texture>
							<visible>Control.HasFocus(50)</visible>
						</control>
						<control type="image">
							<left>4</left>
							<top>4</top>
							<width>700</width>
							<height>390</height>
							<texture background="true">$INFO[ListItem.Icon]</texture>
						</control>
					</focusedlayout>
				</control>
			</control>
		</control>
	</controls>
</window>
