<?xml version="1.0" encoding="utf-8"?>
<window>
	<defaultcontrol always="true">9000</defaultcontrol>
	<controls>
		<control type="image">
			<left>0</left>
			<top>0</top>
			<width>1920</width>
			<height>1080</height>
			<texture>$INFO[ListItem.Art(fanart)]</texture>
			<animation effect="fade" start="0" end="100" time="300">WindowOpen</animation>
			<animation effect="fade" start="100" end="0" time="300">WindowClose</animation>
			<visible>Window.Is(musicinformation) + Window.IsVisible(songinformation)</visible>
		</control>
		<control type="image">
			<left>0</left>
			<top>0</top>
			<width>1920</width>
			<height>1080</height>
			<texture>black.png</texture>
			<animation effect="fade" start="0" end="70" time="300">WindowOpen</animation>
			<animation effect="fade" start="70" end="0" time="300">WindowClose</animation>
		</control>
		<control type="group">
			<include>DialogFade</include>
			<control type="image">
				<left>0</left>
				<top>840</top>
				<width>1920</width>
				<height>222</height>
				<texture border="10">underlay.png</texture>
			</control>
			<control type="image">
				<left>12</left>
				<top>758</top>
				<width>315</width>
				<height>315</height>
				<aspectratio scalediffuse="false">scale</aspectratio>
				<texture diffuse="thumb-diffuse.png" background="true">$INFO[Listitem.Icon]</texture>
				<bordertexture>thumb-shadow.png</bordertexture>
				<bordersize>6</bordersize>
				<visible>String.IsEqual(ListItem.DBTYPE,artist)</visible>
			</control>
			<control type="image">
				<left>51</left>
				<top>748</top>
				<width>312</width>
				<height>312</height>
				<texture>$INFO[ListItem.Icon]</texture>
				<visible>[String.IsEqual(ListItem.DBTYPE,album) | String.IsEqual(ListItem.DBTYPE,song)]</visible>
			</control>
			<control type="image">
				<left>18</left>
				<top>744</top>
				<width>354</width>
				<height>321</height>
				<texture>cdcase.png</texture>
				<visible>[String.IsEqual(ListItem.DBTYPE,album) | String.IsEqual(ListItem.DBTYPE,song)] + !Skin.HasSetting(HideMusicCase)</visible>
			</control>
			<control type="image">
				<left>12</left>
				<top>738</top>
				<width>368</width>
				<height>338</height>
				<texture>cdcase-shadow.png</texture>
				<visible>[String.IsEqual(ListItem.DBTYPE,album) | String.IsEqual(ListItem.DBTYPE,song)] + !Skin.HasSetting(HideMusicCase)</visible>
			</control>
		</control>
		<control type="group">
			<include>dialogeffect4</include>
			<include>DialogFade</include>
			<animation effect="fade" start="100" end="0" time="200" condition="Window.IsVisible(custom_DialogPlot.xml)">Conditional</animation>
			<control type="button">
				<left>1860</left>
				<top>30</top>
				<width>30</width>
				<height>30</height>
				<texturefocus>close-window-focus.png</texturefocus>
				<texturenofocus>close-window-nofocus.png</texturenofocus>
				<onclick>Dialog.Close(musicinformation)</onclick>
				<visible>Skin.HasSetting(TouchScreenMode)</visible>
			</control>
			<control type="label">
				<description>Title value</description>
				<left>60</left>
				<top>68</top>
				<width>1800</width>
				<height>45</height>
				<align>center</align>
				<aligny>center</aligny>
				<textcolor>blue</textcolor>
				<shadowcolor>black</shadowcolor>
				<label>$VAR[DialogAlbumInfoTitle]</label>
				<font>font-32</font>
			</control>
			<control type="image">
				<left>60</left>
				<top>126</top>
				<width>1800</width>
				<height>3</height>
				<texture>separator.png</texture>
			</control>
			<control type="image">
				<left>60</left>
				<top>622</top>
				<width>1800</width>
				<height>3</height>
				<texture>separator.png</texture>
			</control>
			<control type="group" id="9001">
				<control type="grouplist" id="9000">
					<left>210</left>
					<top>680</top>
					<width>1500</width>
					<height>52</height>
					<align>center</align>
					<orientation>horizontal</orientation>
					<itemgap>0</itemgap>
					<onup>49</onup>
					<ondown>50</ondown>
					<control type="togglebutton" id="900">
						<description>list / info button</description>
						<width>300</width>
						<height>52</height>
						<font>font-20</font>
						<textcolor>white</textcolor>
						<focusedcolor>white</focusedcolor>
						<shadowcolor>black</shadowcolor>
						<align>center</align>
						<aligny>center</aligny>
						<texturefocus border="7">button-focus.png</texturefocus>
						<texturenofocus border="7">button-nofocus.png</texturenofocus>
						<alttexturefocus border="7">button-focus.png</alttexturefocus>
						<alttexturenofocus border="7">button-nofocus.png</alttexturenofocus>
						<label>21888</label>
						<altlabel>19033</altlabel>
						<usealttexture>!String.IsEmpty(Window.Property(ShowAlbumList))</usealttexture>
						<onclick condition="String.IsEmpty(Window.Property(ShowAlbumList))">SetProperty(ShowAlbumList, show)</onclick>
						<onclick condition="!String.IsEmpty(Window.Property(ShowAlbumList))">ClearProperty(ShowAlbumList)</onclick>
						<visible>String.IsEqual(ListItem.DBTYPE,artist)</visible>
					</control>
					<control type="togglebutton" id="901">
						<description>list / info button</description>
						<width>300</width>
						<height>52</height>
						<font>font-20</font>
						<textcolor>white</textcolor>
						<focusedcolor>white</focusedcolor>
						<shadowcolor>black</shadowcolor>
						<align>center</align>
						<aligny>center</aligny>
						<texturefocus border="7">button-focus.png</texturefocus>
						<texturenofocus border="7">button-nofocus.png</texturenofocus>
						<alttexturefocus border="7">button-focus.png</alttexturefocus>
						<alttexturenofocus border="7">button-nofocus.png</alttexturenofocus>
						<label>182</label>
						<altlabel>19033</altlabel>
						<usealttexture>!String.IsEmpty(Window.Property(ShowSongList))</usealttexture>
						<onclick condition="String.IsEmpty(Window.Property(ShowSongList))">SetProperty(ShowSongList, show)</onclick>
						<onclick condition="!String.IsEmpty(Window.Property(ShowSongList))">ClearProperty(ShowSongList)</onclick>
						<visible>String.IsEqual(ListItem.DBTYPE,album)</visible>
					</control>
					<control type="togglebutton" id="902">
						<description>list / info button</description>
						<width>300</width>
						<height>52</height>
						<font>font-20</font>
						<textcolor>white</textcolor>
						<focusedcolor>white</focusedcolor>
						<shadowcolor>black</shadowcolor>
						<align>center</align>
						<aligny>center</aligny>
						<texturefocus border="7">button-focus.png</texturefocus>
						<texturenofocus border="7">button-nofocus.png</texturenofocus>
						<alttexturefocus border="7">button-focus.png</alttexturefocus>
						<alttexturenofocus border="7">button-nofocus.png</alttexturenofocus>
						<label>29994</label>
						<altlabel>19033</altlabel>
						<usealttexture>!String.IsEmpty(Window.Property(ShowRolesList))</usealttexture>
						<onclick condition="String.IsEmpty(Window.Property(ShowRolesList))">SetProperty(ShowRolesList, show)</onclick>
						<onclick condition="!String.IsEmpty(Window.Property(ShowRolesList))">ClearProperty(ShowRolesList)</onclick>
						<visible>String.IsEqual(ListItem.DBTYPE,song)</visible>
					</control>
					<control type="button" id="6">
						<description>Refresh</description>
						<width>300</width>
						<height>52</height>
						<font>font-20</font>
						<textcolor>white</textcolor>
						<focusedcolor>white</focusedcolor>
						<shadowcolor>black</shadowcolor>
						<align>center</align>
						<aligny>center</aligny>
						<texturefocus border="7">button-focus.png</texturefocus>
						<texturenofocus border="7">button-nofocus.png</texturenofocus>
						<label></label>
					</control>
					<control type="button" id="7">
						<description>Rating button</description>
						<width>300</width>
						<height>52</height>
						<font>font-20</font>
						<textcolor>white</textcolor>
						<focusedcolor>white</focusedcolor>
						<shadowcolor>black</shadowcolor>
						<align>center</align>
						<aligny>center</aligny>
						<texturefocus border="7">button-focus.png</texturefocus>
						<texturenofocus border="7">button-nofocus.png</texturenofocus>
						<label>38023</label>
					</control>
					<control type="button" id="10">
						<description>Get Thumb</description>
						<width>300</width>
						<height>52</height>
						<font>font-20</font>
						<textcolor>white</textcolor>
						<focusedcolor>white</focusedcolor>
						<shadowcolor>black</shadowcolor>
						<align>center</align>
						<aligny>center</aligny>
						<texturefocus border="7">button-focus.png</texturefocus>
						<texturenofocus border="7">button-nofocus.png</texturenofocus>
						<label></label>
					</control>
					<control type="button" id="12">
						<description>Get Fanart</description>
						<width>300</width>
						<height>52</height>
						<font>font-20</font>
						<textcolor>white</textcolor>
						<focusedcolor>white</focusedcolor>
						<shadowcolor>black</shadowcolor>
						<align>center</align>
						<aligny>center</aligny>
						<texturefocus border="7">button-focus.png</texturefocus>
						<texturenofocus border="7">button-nofocus.png</texturenofocus>
						<label></label>
					</control>
				</control>
			</control>
			<control type="label">
				<left>488</left>
				<top>795</top>
				<width>1200</width>
				<height>45</height>
				<font>font-20c</font>
				<textcolor>lightblue</textcolor>
				<align>center</align>
				<label>$VAR[DialogAlbumInfoLabel]</label>
				<visible>String.IsEqual(ListItem.DBTYPE,artist) + !Control.IsVisible(50)</visible>
			</control>
			<control type="textbox">
				<description>textarea</description>
				<left>338</left>
				<top>876</top>
				<width>1522</width>
				<height>154</height>
				<label>$INFO[ListItem.Property(Artist_Description)]</label>
				<font>font-19</font>
				<align>justify</align>
				<textcolor>white</textcolor>
				<shadowcolor>black</shadowcolor>
				<pagecontrol>61</pagecontrol>
				<autoscroll time="3000" delay="16000" repeat="5000">!Control.HasFocus(61) + Skin.HasSetting(AutoScroll)</autoscroll>
				<visible>String.IsEqual(ListItem.DBTYPE,artist) + !Control.IsVisible(50)</visible>
			</control>
			<control type="textbox">
				<description>textarea</description>
				<left>398</left>
				<top>876</top>
				<width>1462</width>
				<height>154</height>
				<label>$INFO[ListItem.Property(Album_Description)]</label>
				<font>font-19</font>
				<align>justify</align>
				<textcolor>white</textcolor>
				<shadowcolor>black</shadowcolor>
				<pagecontrol>61</pagecontrol>
				<autoscroll time="3000" delay="16000" repeat="5000">!Control.HasFocus(61) + Skin.HasSetting(AutoScroll)</autoscroll>
				<visible>String.IsEqual(ListItem.DBTYPE,album) + !Control.IsVisible(50)</visible>
			</control>
			<control type="group">
				<include>DialogFade5</include>
				<animation effect="fade" start="100" end="0" time="200" condition="Window.IsVisible(custom_DialogPlot.xml)">Conditional</animation>
				<visible>String.IsEqual(ListItem.DBTYPE,song) + !Control.IsVisible(50)</visible>
				<control type="label">
					<left>393</left>
					<top>866</top>
					<width>1290</width>
					<height>45</height>
					<font>font-30</font>
					<textcolor>blue</textcolor>
					<shadowcolor>black</shadowcolor>
					<align>left</align>
					<aligny>center</aligny>
					<label>$INFO[ListItem.Label]</label>
				</control>
				<control type="label">
					<left>393</left>
					<top>910</top>
					<width>1290</width>
					<height>45</height>
					<font>font-30</font>
					<textcolor>white</textcolor>
					<shadowcolor>black</shadowcolor>
					<align>left</align>
					<aligny>center</aligny>
					<label>$INFO[ListItem.Artist]</label>
				</control>
				<control type="label">
					<left>393</left>
					<top>966</top>
					<width>920</width>
					<height>45</height>
					<font>font-20</font>
					<textcolor>white</textcolor>
					<shadowcolor>black</shadowcolor>
					<align>left</align>
					<aligny>center</aligny>
					<label>$INFO[ListItem.Genre,[UPPERCASE][B][COLOR=lightblue]$LOCALIZE[515]: [/UPPERCASE][/B][/COLOR]]</label>
				</control>
				<control type="label">
					<left>393</left>
					<top>1000</top>
					<width>920</width>
					<height>45</height>
					<font>font-20</font>
					<textcolor>white</textcolor>
					<shadowcolor>black</shadowcolor>
					<align>left</align>
					<aligny>center</aligny>
					<label>$INFO[ListItem.Year,[UPPERCASE][B][COLOR=lightblue]$LOCALIZE[562]: [/UPPERCASE][/B][/COLOR]]</label>
				</control>
			</control>
			<control type="label">
				<left>518</left>
				<top>795</top>
				<width>1200</width>
				<height>45</height>
				<font>font-20</font>
				<textcolor>lightblue</textcolor>
				<align>center</align>
				<label fallback="..">$INFO[Container(50).Listitem.Label,[B],[/B]]</label>
				<visible>String.IsEqual(ListItem.DBTYPE,artist) + Control.IsVisible(50)</visible>
			</control>
			<control type="fixedlist" id="50">
				<left>340</left>
				<top>870</top>
				<width>1552</width>
				<height>165</height>
				<onleft>50</onleft>
				<onright>50</onright>
				<onup>9000</onup>
				<ondown>61</ondown>
				<viewtype label="">list</viewtype>
				<pagecontrol>61</pagecontrol>
				<scrolltime>200</scrolltime>
				<focusposition>4</focusposition>
				<movement>4</movement>
				<orientation>horizontal</orientation>
				<hitrect x="1005" y="848" w="210" h="202" />
				<visible>String.IsEqual(ListItem.DBTYPE,artist) + !String.IsEmpty(Window.Property(ShowAlbumList))</visible>
				<itemlayout width="172" height="165">
					<control type="image">
						<left>24</left>
						<top>10</top>
						<width>142</width>
						<height>142</height>
						<aspectratio>scale</aspectratio>
						<texture>$INFO[ListItem.Icon]</texture>
					</control>
					<control type="image">
						<left>8</left>
						<top>8</top>
						<width>164</width>
						<height>148</height>
						<texture>cdcase.png</texture>
						<visible>!Skin.HasSetting(HideMusicCase)</visible>
					</control>
				</itemlayout>
				<focusedlayout width="172" height="165">
					<control type="image">
						<left>24</left>
						<top>10</top>
						<width>142</width>
						<height>142</height>
						<aspectratio>scale</aspectratio>
						<texture>$INFO[ListItem.Icon]</texture>
						<animation effect="zoom" start="24,10,142,142" end="4,-12,186,186" time="100">focus</animation>
					</control>
					<control type="image">
						<left>8</left>
						<top>8</top>
						<width>164</width>
						<height>148</height>
						<texture>cdcase.png</texture>
						<animation effect="zoom" start="8,8,163,148" end="-16,-15,213,192" time="100">focus</animation>
						<visible>!Skin.HasSetting(HideMusicCase)</visible>
					</control>
				</focusedlayout>
			</control>
			<control type="panel" id="50">
				<left>390</left>
				<top>862</top>
				<width>1470</width>
				<height>180</height>
				<onleft>50</onleft>
				<onright>50</onright>
				<onup>9000</onup>
				<ondown>61</ondown>
				<viewtype label="">list</viewtype>
				<pagecontrol>61</pagecontrol>
				<scrolltime>200</scrolltime>
				<orientation>vertical</orientation>
				<visible>[String.IsEqual(ListItem.DBTYPE,song) + !String.IsEmpty(Window.Property(ShowRolesList))] | [String.IsEqual(ListItem.DBTYPE,album) + !String.IsEmpty(Window.Property(ShowSongList))]</visible>
				<itemlayout width="735" height="44" condition="String.IsEqual(ListItem.DBTYPE,album) + !String.IsEmpty(Window.Property(ShowSongList))">
					<control type="image">
						<left>0</left>
						<top>0</top>
						<width>735</width>
						<height>45</height>
						<texture border="7">button-nofocus.png</texture>
					</control>
					<control type="label">
						<left>15</left>
						<top>0</top>
						<width>690</width>
						<height>45</height>
						<font>font-20</font>
						<align>left</align>
						<aligny>center</aligny>
						<selectedcolor>white</selectedcolor>
						<label>[COLOR=blue][B]$INFO[ListItem.TrackNumber][/B][/COLOR] - $INFO[ListItem.Label]</label>
					</control>
					<control type="label">
						<left>480</left>
						<top>0</top>
						<width>225</width>
						<height>45</height>
						<font>font-20</font>
						<align>right</align>
						<aligny>center</aligny>
						<textcolor>lightblue</textcolor>
						<label>$INFO[ListItem.Duration]</label>
					</control>
				</itemlayout>
				<focusedlayout width="735" height="44" condition="String.IsEqual(ListItem.DBTYPE,album) + !String.IsEmpty(Window.Property(ShowSongList))">
					<control type="image">
						<left>0</left>
						<top>0</top>
						<width>735</width>
						<height>45</height>
						<visible>!Control.HasFocus(50)</visible>
						<texture border="7">button-nofocus.png</texture>
					</control>
					<control type="image">
						<left>0</left>
						<top>0</top>
						<width>735</width>
						<height>45</height>
						<visible>Control.HasFocus(50)</visible>
						<texture border="7">button-focus.png</texture>
					</control>
					<control type="label">
						<left>15</left>
						<top>0</top>
						<width>690</width>
						<height>45</height>
						<font>font-20</font>
						<align>left</align>
						<aligny>center</aligny>
						<selectedcolor>white</selectedcolor>
						<label>[COLOR=blue][B]$INFO[ListItem.TrackNumber][/B][/COLOR] - $INFO[ListItem.Label]</label>
					</control>
					<control type="label">
						<left>480</left>
						<top>0</top>
						<width>225</width>
						<height>45</height>
						<font>font-20</font>
						<align>right</align>
						<aligny>center</aligny>
						<textcolor>lightblue</textcolor>
						<label>$INFO[ListItem.Duration]</label>
					</control>
				</focusedlayout>
				<itemlayout width="735" height="44" condition="String.IsEqual(ListItem.DBTYPE,song) + !String.IsEmpty(Window.Property(ShowRolesList))">
					<control type="image">
						<left>0</left>
						<top>0</top>
						<width>735</width>
						<height>45</height>
						<texture border="7">button-nofocus.png</texture>
					</control>
					<control type="label">
						<left>15</left>
						<top>0</top>
						<width>690</width>
						<height>45</height>
						<font>font-20</font>
						<align>left</align>
						<aligny>center</aligny>
						<selectedcolor>white</selectedcolor>
						<label>$INFO[ListItem.Label]</label>
					</control>
					<control type="label">
						<left>480</left>
						<top>0</top>
						<width>225</width>
						<height>45</height>
						<font>font-20</font>
						<align>right</align>
						<aligny>center</aligny>
						<textcolor>lightblue</textcolor>
						<label>$INFO[ListItem.Label2]</label>
					</control>
				</itemlayout>
				<focusedlayout width="735" height="44" condition="String.IsEqual(ListItem.DBTYPE,song) + !String.IsEmpty(Window.Property(ShowRolesList))">
					<control type="image">
						<left>0</left>
						<top>0</top>
						<width>735</width>
						<height>45</height>
						<visible>!Control.HasFocus(50)</visible>
						<texture border="7">button-nofocus.png</texture>
					</control>
					<control type="image">
						<left>0</left>
						<top>0</top>
						<width>735</width>
						<height>45</height>
						<visible>Control.HasFocus(50)</visible>
						<texture border="7">button-focus.png</texture>
					</control>
					<control type="label">
						<left>15</left>
						<top>0</top>
						<width>690</width>
						<height>45</height>
						<font>font-20</font>
						<align>left</align>
						<aligny>center</aligny>
						<selectedcolor>white</selectedcolor>
						<label>$INFO[ListItem.Label]</label>
					</control>
					<control type="label">
						<left>480</left>
						<top>0</top>
						<width>225</width>
						<height>45</height>
						<font>font-20</font>
						<align>right</align>
						<aligny>center</aligny>
						<textcolor>lightblue</textcolor>
						<label>$INFO[ListItem.Label2]</label>
					</control>
				</focusedlayout>
			</control>
			<control type="spincontrol" id="61">
				<description>Next page button</description>
				<left>1770</left>
				<top>1048</top>
				<subtype>page</subtype>
				<font>font-19</font>
				<onleft>61</onleft>
				<onright>1112</onright>
				<ondown>9000</ondown>
				<onup>50</onup>
				<textcolor>white</textcolor>
				<showonepage>true</showonepage>
				<visible>Control.IsVisible(50)</visible>
			</control>
			<control type="button" id="1112">
				<left>1875</left>
				<top>1050</top>
				<width>30</width>
				<height>30</height>
				<label></label>
				<font></font>
				<texturefocus>magnifier-small-focus.png</texturefocus>
				<texturenofocus>magnifier-small-nofocus.png</texturenofocus>
				<onleft>61</onleft>
				<onright>61</onright>
				<onup>11</onup>
				<ondown>9000</ondown>
				<onclick>ActivateWindow(1113)</onclick>
			</control>
			<control type="group">
				<visible>String.IsEqual(ListItem.DBTYPE,artist)</visible>
				<control type="group">
					<include>VisibleFadeEffect</include>
					<control type="list" id="49">
						<left>120</left>
						<top>172</top>
						<width>1800</width>
						<height>450</height>
						<onleft>49</onleft>
						<onright>49</onright>
						<onup>9000</onup>
						<ondown>9000</ondown>
						<pagecontrol></pagecontrol>
						<scrolltime>200</scrolltime>
						<itemlayout width="1800" height="44">
							<control type="image">
								<left>0</left>
								<top>0</top>
								<width>1749</width>
								<height>45</height>
								<texture border="7">list-nofocus.png</texture>
								<include>VisibleFadeEffect</include>
							</control>
							<control type="label">
								<left>0</left>
								<top>0</top>
								<width>240</width>
								<height>45</height>
								<font>font-20</font>
								<align>right</align>
								<aligny>center</aligny>
								<textcolor>lightblue</textcolor>
								<selectedcolor>white</selectedcolor>
								<label>$INFO[ListItem.Label]</label>
							</control>
							<control type="label">
								<left>262</left>
								<top>0</top>
								<width>1470</width>
								<height>45</height>
								<font>font-20</font>
								<align>left</align>
								<aligny>center</aligny>
								<textcolor>white</textcolor>
								<selectedcolor>white</selectedcolor>
								<label>$INFO[ListItem.Label2]</label>
							</control>
						</itemlayout>
						<focusedlayout width="1800" height="44">
							<control type="image">
								<left>0</left>
								<top>0</top>
								<width>1749</width>
								<height>45</height>
								<texture border="7">list-nofocus.png</texture>
								<include>VisibleFadeEffect</include>
							</control>
							<control type="image">
								<left>0</left>
								<top>0</top>
								<width>1749</width>
								<height>45</height>
								<texture border="7">list-focus2.png</texture>
								<include>VisibleFadeEffect</include>
								<visible>Control.HasFocus(49)</visible>
								<include>ListFocusScroll22</include>
							</control>
							<control type="label">
								<left>0</left>
								<top>0</top>
								<width>240</width>
								<height>45</height>
								<font>font-20</font>
								<align>right</align>
								<aligny>center</aligny>
								<textcolor>lightblue</textcolor>
								<selectedcolor>white</selectedcolor>
								<label>$INFO[ListItem.Label]</label>
							</control>
							<control type="label">
								<left>262</left>
								<top>0</top>
								<width>1470</width>
								<height>45</height>
								<font>font-20</font>
								<align>left</align>
								<aligny>center</aligny>
								<textcolor>white</textcolor>
								<selectedcolor>white</selectedcolor>
								<label>$INFO[ListItem.Label2]</label>
							</control>
						</focusedlayout>
						<content>
							<item>
								<label>[UPPERCASE][B]$LOCALIZE[515]:[/B][/UPPERCASE]</label>
								<label2>$INFO[ListItem.Property(Artist_Genre)]</label2>
								<onclick>noop</onclick>
							</item>
							<item>
								<label>[UPPERCASE][B]$LOCALIZE[175]:[/B][/UPPERCASE]</label>
								<label2>$INFO[ListItem.Property(Artist_Mood)]</label2>
								<onclick>noop</onclick>
							</item>
							<item>
								<label>[UPPERCASE][B]$LOCALIZE[176]:[/B][/UPPERCASE]</label>
								<label2>$INFO[ListItem.Property(Artist_Style)]</label2>
								<onclick>noop</onclick>
							</item>
							<item>
								<label>[UPPERCASE][B]$LOCALIZE[21892]:[/B][/UPPERCASE]</label>
								<label2>$INFO[ListItem.Property(Artist_Instrument)]</label2>
								<onclick>noop</onclick>
							</item>
							<item>
								<label>[UPPERCASE][B]$LOCALIZE[21893]:[/B][/UPPERCASE]</label>
								<label2>$INFO[ListItem.Property(Artist_Born)]</label2>
								<onclick>noop</onclick>
							</item>
							<item>
								<label>[UPPERCASE][B]$LOCALIZE[21897]:[/B][/UPPERCASE]</label>
								<label2>$INFO[ListItem.Property(Artist_Died)]</label2>
								<onclick>noop</onclick>
							</item>
							<item>
								<label>[UPPERCASE][B]$LOCALIZE[21894]:[/B][/UPPERCASE]</label>
								<label2>$INFO[ListItem.Property(Artist_Formed)]</label2>
								<onclick>noop</onclick>
							</item>
							<item>
								<label>[UPPERCASE][B]$LOCALIZE[21896]:[/B][/UPPERCASE]</label>
								<label2>$INFO[ListItem.Property(Artist_Disbanded)]</label2>
								<onclick>noop</onclick>
							</item>
							<item>
								<label>[UPPERCASE][B]$LOCALIZE[21898]:[/B][/UPPERCASE]</label>
								<label2>$INFO[ListItem.Property(Artist_YearsActive)]</label2>
								<onclick>noop</onclick>
							</item>
						</content>
					</control>
				</control>
			</control>
			<control type="group">
				<visible>String.IsEqual(ListItem.DBTYPE,album)</visible>
				<control type="group">
					<include>VisibleFadeEffect</include>
					<control type="list" id="49">
						<left>120</left>
						<top>150</top>
						<width>1800</width>
						<height>450</height>
						<onleft>49</onleft>
						<onright>49</onright>
						<onup>9000</onup>
						<ondown>9000</ondown>
						<pagecontrol></pagecontrol>
						<scrolltime>200</scrolltime>
						<itemlayout width="1800" height="44">
							<control type="image">
								<left>0</left>
								<top>0</top>
								<width>1749</width>
								<height>45</height>
								<texture border="7">list-nofocus.png</texture>
								<include>VisibleFadeEffect</include>
							</control>
							<control type="label">
								<left>0</left>
								<top>0</top>
								<width>240</width>
								<height>45</height>
								<font>font-20</font>
								<align>right</align>
								<aligny>center</aligny>
								<textcolor>lightblue</textcolor>
								<selectedcolor>white</selectedcolor>
								<label>$INFO[ListItem.Label]</label>
							</control>
							<control type="label">
								<left>262</left>
								<top>0</top>
								<width>1470</width>
								<height>45</height>
								<font>font-20</font>
								<align>left</align>
								<aligny>center</aligny>
								<textcolor>white</textcolor>
								<selectedcolor>white</selectedcolor>
								<label>$INFO[ListItem.Label2]</label>
							</control>
						</itemlayout>
						<focusedlayout width="1800" height="44">
							<control type="image">
								<left>0</left>
								<top>0</top>
								<width>1749</width>
								<height>45</height>
								<texture border="7">list-nofocus.png</texture>
								<include>VisibleFadeEffect</include>
							</control>
							<control type="image">
								<left>0</left>
								<top>0</top>
								<width>1749</width>
								<height>45</height>
								<texture border="7">list-focus2.png</texture>
								<include>VisibleFadeEffect</include>
								<visible>Control.HasFocus(49)</visible>
								<include>ListFocusScroll22</include>
							</control>
							<control type="label">
								<left>0</left>
								<top>0</top>
								<width>240</width>
								<height>45</height>
								<font>font-20</font>
								<align>right</align>
								<aligny>center</aligny>
								<textcolor>lightblue</textcolor>
								<selectedcolor>white</selectedcolor>
								<label>$INFO[ListItem.Label]</label>
							</control>
							<control type="label">
								<left>262</left>
								<top>0</top>
								<width>1470</width>
								<height>45</height>
								<font>font-20</font>
								<align>left</align>
								<aligny>center</aligny>
								<textcolor>white</textcolor>
								<selectedcolor>white</selectedcolor>
								<label>$INFO[ListItem.Label2]</label>
							</control>
						</focusedlayout>
						<content>
							<item>
								<label>[UPPERCASE][B]$LOCALIZE[557]:[/B][/UPPERCASE]</label>
								<label2>$INFO[ListItem.Artist]</label2>
								<onclick>noop</onclick>
							</item>
							<item>
								<label>[UPPERCASE][B]$LOCALIZE[515]:[/B][/UPPERCASE]</label>
								<label2>$INFO[ListItem.Genre]</label2>
								<onclick>noop</onclick>
							</item>
							<item>
								<label>[UPPERCASE][B]$LOCALIZE[21899]:[/B][/UPPERCASE]</label>
								<label2>$INFO[ListItem.Property(Album_Label)]</label2>
								<onclick>noop</onclick>
							</item>
							<item>
								<label>[UPPERCASE][B]$LOCALIZE[562]:[/B][/UPPERCASE]</label>
								<label2>$INFO[ListItem.Year]</label2>
								<onclick>noop</onclick>
							</item>
							<item>
								<label>[UPPERCASE][B]$LOCALIZE[563]:[/B][/UPPERCASE]</label>
								<label2>$INFO[ListItem.Property(Album_Rating)]</label2>
								<onclick>noop</onclick>
							</item>
							<item>
								<label>[UPPERCASE][B]$LOCALIZE[38018]:[/B][/UPPERCASE]</label>
								<label2>$INFO[ListItem.UserRating]</label2>
								<onclick>noop</onclick>
							</item>
							<item>
								<label>[UPPERCASE][B]$LOCALIZE[175]:[/B][/UPPERCASE]</label>
								<label2>$INFO[ListItem.Property(Album_Mood)]</label2>
								<onclick>noop</onclick>
							</item>
							<item>
								<label>[UPPERCASE][B]$LOCALIZE[176]:[/B][/UPPERCASE]</label>
								<label2>$INFO[ListItem.Property(Album_Style)]</label2>
								<onclick>noop</onclick>
							</item>
							<item>
								<label>[UPPERCASE][B]$LOCALIZE[21895]:[/B][/UPPERCASE]</label>
								<label2>$INFO[ListItem.Property(Album_Theme)]</label2>
								<onclick>noop</onclick>
							</item>
							<item>
								<label>[UPPERCASE][B]$LOCALIZE[146][/B][/UPPERCASE]</label>
								<label2>$INFO[ListItem.Property(Album_Type)]</label2>
								<onclick>noop</onclick>
							</item>
						</content>
					</control>
				</control>
			</control>
			<control type="group">
				<visible>String.IsEqual(ListItem.DBTYPE,song)</visible>
				<control type="group">
					<include>VisibleFadeEffect</include>
					<control type="list" id="49">
						<left>150</left>
						<top>150</top>
						<width>1620</width>
						<height>450</height>
						<onleft>49</onleft>
						<onright>49</onright>
						<onup>9000</onup>
						<ondown>9000</ondown>
						<pagecontrol></pagecontrol>
						<scrolltime>200</scrolltime>
						<itemlayout width="1620" height="44">
							<control type="image">
								<left>0</left>
								<top>0</top>
								<width>1620</width>
								<height>45</height>
								<texture border="7">list-nofocus.png</texture>
								<include>VisibleFadeEffect</include>
							</control>
							<control type="label">
								<left>15</left>
								<top>0</top>
								<width>225</width>
								<height>45</height>
								<font>font-20</font>
								<align>right</align>
								<aligny>center</aligny>
								<textcolor>lightblue</textcolor>
								<selectedcolor>white</selectedcolor>
								<label>$INFO[ListItem.Label]</label>
							</control>
							<control type="label">
								<left>262</left>
								<top>0</top>
								<width>1342</width>
								<height>45</height>
								<font>font-20</font>
								<align>left</align>
								<aligny>center</aligny>
								<textcolor>white</textcolor>
								<selectedcolor>white</selectedcolor>
								<label>$INFO[ListItem.Label2]</label>
							</control>
						</itemlayout>
						<focusedlayout width="1620" height="44">
							<control type="image">
								<left>0</left>
								<top>0</top>
								<width>1620</width>
								<height>45</height>
								<texture border="7">list-nofocus.png</texture>
								<include>VisibleFadeEffect</include>
							</control>
							<control type="image">
								<left>0</left>
								<top>0</top>
								<width>1620</width>
								<height>45</height>
								<texture border="7">list-focus2.png</texture>
								<include>VisibleFadeEffect</include>
								<visible>Control.HasFocus(49)</visible>
								<include>ListFocusScroll22</include>
							</control>
							<control type="label">
								<left>15</left>
								<top>0</top>
								<width>225</width>
								<height>45</height>
								<font>font-20</font>
								<align>right</align>
								<aligny>center</aligny>
								<textcolor>lightblue</textcolor>
								<selectedcolor>white</selectedcolor>
								<label>$INFO[ListItem.Label]</label>
							</control>
							<control type="label">
								<left>262</left>
								<top>0</top>
								<width>1342</width>
								<height>45</height>
								<font>font-20</font>
								<align>left</align>
								<aligny>center</aligny>
								<textcolor>white</textcolor>
								<selectedcolor>white</selectedcolor>
								<label>$INFO[ListItem.Label2]</label>
							</control>
						</focusedlayout>
						<content>
							<item>
								<label>[UPPERCASE][B]$LOCALIZE[557]:[/B][/UPPERCASE]</label>
								<label2>$INFO[ListItem.Artist]</label2>
								<onclick>noop</onclick>
							</item>
							<item>
								<label>[UPPERCASE][B]$LOCALIZE[558]:[/B][/UPPERCASE]</label>
								<label2>$INFO[ListItem.Album]$INFO[ListItem.DiscNumber, ($LOCALIZE[427]: ,)]</label2>
								<onclick>noop</onclick>
							</item>
							<item>
								<label>[UPPERCASE][B]$LOCALIZE[554]:[/B][/UPPERCASE]</label>
								<label2>$INFO[ListItem.TrackNumber]</label2>
								<onclick>noop</onclick>
							</item>
							<item>
								<label>[UPPERCASE][B]$LOCALIZE[562]:[/B][/UPPERCASE]</label>
								<label2>$INFO[ListItem.Year]</label2>
								<onclick>noop</onclick>
							</item>
							<item>
								<label>[UPPERCASE][B]$LOCALIZE[515]:[/B][/UPPERCASE]</label>
								<label2>$INFO[ListItem.Genre]</label2>
								<onclick>noop</onclick>
							</item>
							<item>
								<label>[UPPERCASE][B]$LOCALIZE[567]:[/B][/UPPERCASE]</label>
								<label2>$INFO[ListItem.PlayCount]$INFO[ListItem.LastPlayed, ($LOCALIZE[568]: ,)]</label2>
								<onclick>noop</onclick>
							</item>
							<item>
								<label>[UPPERCASE][B]$LOCALIZE[563]:[/B][/UPPERCASE]</label>
								<label2>$INFO[ListItem.Rating]</label2>
								<onclick>noop</onclick>
							</item>
							<item>
								<label>[UPPERCASE][B]$LOCALIZE[38018]:[/B][/UPPERCASE]</label>
								<label2>$INFO[ListItem.UserRating]</label2>
								<onclick>noop</onclick>
							</item>
							<item>
								<label>[UPPERCASE][B]$LOCALIZE[569]:[/B][/UPPERCASE]</label>
								<label2>$INFO[ListItem.Comment]</label2>
								<onclick>noop</onclick>
							</item>
							<item>
								<label>[UPPERCASE][B]$LOCALIZE[15311][/B][/UPPERCASE]</label>
								<label2>$INFO[ListItem.FilenameAndPath]</label2>
								<onclick>noop</onclick>
							</item>
						</content>
					</control>
				</control>
			</control>
		</control>
	</controls>
</window>
