<?xml version="1.0" encoding="utf-8"?>
<includes>
	<include name="fanart-mymusicplaylisteditor">
		<control type="image">
			<description>dirty hack for fanart in album and song view</description>
			<left>0</left>
			<top>0</top>
			<width>1920</width>
			<height>1080</height>
			<texture background="true">$INFO[ListItem.Path,,../fanart.jpg]</texture>
			<aspectratio>scale</aspectratio>
			<fadetime>FanartCrossfadeTime</fadetime>
			<include>VisibleFadeEffect</include>
			<include condition="Skin.HasSetting(AnimateFanart)">backgroundanimation</include>
			<visible>String.IsEmpty(ListItem.Property(Fanart_Image)) + ![String.Contains(ListItem.Path,plugin://) | String.Contains(Container.FolderPath,plugin://) | String.Contains(Container.FolderPath,addon://)] + ![Player.HasVideo + !Skin.HasSetting(HideVideoBackgrounds)]</visible>
		</control>
		<control type="image">
			<description>dirty hack for fanart for album up icon</description>
			<left>0</left>
			<top>0</top>
			<width>1920</width>
			<height>1080</height>
			<texture background="true">$INFO[Container.FolderPath,,fanart.jpg]</texture>
			<aspectratio>scale</aspectratio>
			<fadetime>FanartCrossfadeTime</fadetime>
			<include>VisibleFadeEffect</include>
			<include condition="Skin.HasSetting(AnimateFanart)">backgroundanimation</include>
			<visible>String.IsEmpty(ListItem.Property(Fanart_Image)) + ![String.Contains(ListItem.Path,plugin://) | String.Contains(Container.FolderPath,plugin://) | String.Contains(Container.FolderPath,addon://)] + ![Player.HasVideo + !Skin.HasSetting(HideVideoBackgrounds)]</visible>
		</control>
		<control type="image">
			<description>dirty hack for fanart in artist view and song up icon</description>
			<left>0</left>
			<top>0</top>
			<width>1920</width>
			<height>1080</height>
			<texture background="true">$INFO[ListItem.Path,,fanart.jpg]</texture>
			<aspectratio>scale</aspectratio>
			<fadetime>FanartCrossfadeTime</fadetime>
			<include>VisibleFadeEffect</include>
			<include condition="Skin.HasSetting(AnimateFanart)">backgroundanimation</include>
			<visible>String.IsEmpty(ListItem.Property(Fanart_Image)) + ![String.Contains(ListItem.Path,plugin://) | String.Contains(Container.FolderPath,plugin://) | String.Contains(Container.FolderPath,addon://)] + ![Player.HasVideo + !Skin.HasSetting(HideVideoBackgrounds)]</visible>
		</control>
	</include>
	<include name="fanart-extra-programs">
		<control type="multiimage" id="6114">
			<left>0</left>
			<top>0</top>
			<width>1920</width>
			<height>1080</height>
			<timeperimage>5000</timeperimage>
			<randomize>true</randomize>
			<fadetime>2000</fadetime>
			<imagepath background="true">$INFO[Skin.String(Programs_Folder_Path)]$INFO[ListItem.label,,/extrafanart/]</imagepath>
			<aspectratio>scale</aspectratio>
			<include>VisibleFadeEffect</include>
			<include condition="Skin.HasSetting(AnimateFanart)">backgroundanimation</include>
			<visible>!ListItem.IsParentFolder + !String.IsEmpty(ListItem.Path) + ![Player.HasVideo + !Skin.HasSetting(HideVideoBackgrounds)]</visible>
		</control>
	</include>
	<include name="thumbs-extra-movies">
		<animation effect="slide" start="0,0" end="15,300" time="0" condition="Control.IsVisible(50)">Conditional</animation>
		<animation effect="slide" start="0,0" end="1530,188" time="0" condition="Control.IsVisible(57)">Conditional</animation>
		<animation effect="slide" start="0,0" end="1560,240" time="0" condition="Control.IsVisible(590)">Conditional</animation>
		<control type="multiimage">
			<left>21</left>
			<top>21</top>
			<width>318</width>
			<height>180</height>
			<imagepath background="true" diffuse="video-diffuse.png">$INFO[ListItem.Path,,extrathumbs/]</imagepath>
			<aspectratio scalediffuse="false">scale</aspectratio>
			<timeperimage>4000</timeperimage>
			<randomize>true</randomize>
			<fadetime>IconCrossfadeTime</fadetime>
			<visible>!ListItem.IsParentFolder + ![String.Contains(ListItem.Path,plugin://) | String.Contains(ListItem.Path,special://videoplaylists/) | String.Contains(Container.FolderPath,plugin://) | String.Contains(Container.FolderPath,addons://)]</visible>
		</control>
	</include>
</includes>
