<?xml version="1.0" encoding="utf-8"?>
<includes>
	<include name="debuginfo">
		<control type="group">
			<left>30</left>
			<top>150</top>
			<visible>Skin.HasSetting(DebugMode)</visible>
			<control type="label">
				<left>0</left>
				<top>0</top>
				<width>1860</width>
				<height>60</height>
				<label>Container.FolderPath: $INFO[Container.FolderPath]</label>
				<shadowcolor>black</shadowcolor>
			</control>
			<control type="label">
				<left>0</left>
				<top>30</top>
				<width>1860</width>
				<height>60</height>
				<label>Container.FolderName: $INFO[Container.FolderName]</label>
				<shadowcolor>black</shadowcolor>
			</control>
			<control type="label">
				<left>0</left>
				<top>60</top>
				<width>1860</width>
				<height>60</height>
				<label>ListItem.FileName: $INFO[ListItem.FileName]</label>
				<shadowcolor>black</shadowcolor>
			</control>
			<control type="label">
				<left>0</left>
				<top>90</top>
				<width>1860</width>
				<height>60</height>
				<label>ListItem.Path: $INFO[ListItem.Path]</label>
				<shadowcolor>black</shadowcolor>
			</control>
			<control type="label">
				<left>0</left>
				<top>120</top>
				<width>1860</width>
				<height>60</height>
				<label>ListItem.FolderName: $INFO[ListItem.FolderName]</label>
				<shadowcolor>black</shadowcolor>
			</control>
			<control type="label">
				<left>0</left>
				<top>150</top>
				<width>1860</width>
				<height>60</height>
				<label>ListItem.FileNameAndPath: $INFO[ListItem.FileNameAndPath]</label>
				<shadowcolor>black</shadowcolor>
			</control>
			<control type="label">
				<left>0</left>
				<top>180</top>
				<width>1860</width>
				<height>60</height>
				<label>ListItem.FolderPath: $INFO[ListItem.FolderPath]</label>
				<shadowcolor>black</shadowcolor>
			</control>
			<control type="label">
				<left>0</left>
				<top>210</top>
				<width>1860</width>
				<height>60</height>
				<label>ListItem.VideoCodec: $INFO[ListItem.VideoCodec]</label>
				<shadowcolor>black</shadowcolor>
				<visible>Window.IsVisible(Videos)</visible>
			</control>
			<control type="label">
				<left>0</left>
				<top>240</top>
				<width>1860</width>
				<height>60</height>
				<label>ListItem.VideoResolution: $INFO[ListItem.VideoResolution]</label>
				<shadowcolor>black</shadowcolor>
				<visible>Window.IsVisible(Videos)</visible>
			</control>
			<control type="label">
				<left>0</left>
				<top>270</top>
				<width>1860</width>
				<height>60</height>
				<label>ListItem.VideoAspect: $INFO[ListItem.VideoAspect]</label>
				<shadowcolor>black</shadowcolor>
				<visible>Window.IsVisible(Videos)</visible>
			</control>
			<control type="label">
				<left>0</left>
				<top>300</top>
				<width>1860</width>
				<height>60</height>
				<label>ListItem.AudioCodec: $INFO[ListItem.AudioCodec]</label>
				<shadowcolor>black</shadowcolor>
				<visible>Window.IsVisible(Videos)</visible>
			</control>
			<control type="label">
				<left>0</left>
				<top>330</top>
				<width>1860</width>
				<height>60</height>
				<label>ListItem.AudioChannels: $INFO[ListItem.AudioChannels]</label>
				<shadowcolor>black</shadowcolor>
				<visible>Window.IsVisible(Videos)</visible>
			</control>
			<control type="label">
				<left>0</left>
				<top>360</top>
				<width>1860</width>
				<height>60</height>
				<label>ListItem.AudioLanguage: $INFO[ListItem.AudioLanguage]</label>
				<shadowcolor>black</shadowcolor>
				<visible>Window.IsVisible(Videos)</visible>
			</control>
			<control type="label">
				<left>0</left>
				<top>390</top>
				<width>1860</width>
				<height>60</height>
				<label>ListItem.Art(tvshow.fanart): $INFO[ListItem.Art(tvshow.fanart)]</label>
				<shadowcolor>black</shadowcolor>
			</control>
			<control type="label">
				<left>0</left>
				<top>420</top>
				<width>1860</width>
				<height>60</height>
				<label>ListItem.Property(Fanart_Image): $INFO[ListItem.Property(Fanart_Image)]</label>
				<shadowcolor>black</shadowcolor>
			</control>
			<control type="label">
				<left>0</left>
				<top>450</top>
				<width>1860</width>
				<height>60</height>
				<label>ListItem.Art(fanart): $INFO[ListItem.Art(fanart)]</label>
				<shadowcolor>black</shadowcolor>
			</control>
			<control type="label">
				<left>0</left>
				<top>480</top>
				<width>1860</width>
				<height>60</height>
				<label>ListItem.Art(poster): $INFO[ListItem.Art(poster)]</label>
				<shadowcolor>black</shadowcolor>
			</control>
			<control type="label">
				<left>0</left>
				<top>510</top>
				<width>1860</width>
				<height>60</height>
				<label>ListItem.Art(banner): $INFO[ListItem.Art(banner)]</label>
				<shadowcolor>black</shadowcolor>
			</control>
			<control type="label">
				<left>0</left>
				<top>540</top>
				<width>1860</width>
				<height>60</height>
				<label>ListItem.Art(thumb): $INFO[ListItem.Art(thumb)]</label>
				<shadowcolor>black</shadowcolor>
			</control>
			<control type="label">
				<left>0</left>
				<top>570</top>
				<width>1860</width>
				<height>60</height>
				<label>ListItem.Thumb: $INFO[ListItem.Thumb]</label>
				<shadowcolor>black</shadowcolor>
			</control>
			<control type="label">
				<left>0</left>
				<top>600</top>
				<width>1860</width>
				<height>60</height>
				<label>ListItem.Icon: $INFO[ListItem.Icon]</label>
				<shadowcolor>black</shadowcolor>
			</control>
			<control type="label">
				<left>0</left>
				<top>630</top>
				<width>1860</width>
				<height>60</height>
				<label>ListItem.ActualIcon: $INFO[ListItem.ActualIcon]</label>
				<shadowcolor>black</shadowcolor>
			</control>
			<control type="label">
				<left>0</left>
				<top>660</top>
				<width>1860</width>
				<height>60</height>
				<label>Container.Art(season.poster): $INFO[Container.Art(season.poster)]</label>
				<shadowcolor>black</shadowcolor>
			</control>
			<control type="label">
				<left>0</left>
				<top>690</top>
				<width>1860</width>
				<height>60</height>
				<label>Container.Art(tvshow.fanart): $INFO[Container.Art(tvshow.fanart)]</label>
				<shadowcolor>black</shadowcolor>
			</control>
			<control type="label">
				<left>0</left>
				<top>720</top>
				<width>1860</width>
				<height>60</height>
				<label>Container.Art(tvshow.poster): $INFO[Container.Art(tvshow.poster)]</label>
				<shadowcolor>black</shadowcolor>
			</control>
			<control type="label">
				<left>0</left>
				<top>750</top>
				<width>1860</width>
				<height>60</height>
				<label>Container.Art(artist.fanart): $INFO[Container.Art(artist.fanart)]</label>
				<shadowcolor>black</shadowcolor>
			</control>
			<control type="label">
				<left>0</left>
				<top>810</top>
				<width>1860</width>
				<height>60</height>
				<label>Container.Content: $INFO[Container.Content]</label>
				<shadowcolor>black</shadowcolor>
			</control>
		</control>
	</include>
	<include name="debuginfovideoplayer">
		<control type="group">
			<left>30</left>
			<top>150</top>
			<visible>Skin.HasSetting(DebugMode)</visible>
			<control type="label">
				<left>0</left>
				<top>0</top>
				<width>1860</width>
				<height>60</height>
				<label>VideoPlayer.SubtitleLanguage: $INFO[VideoPlayer.SubtitleLanguage]</label>
				<shadowcolor>black</shadowcolor>
			</control>
			<control type="label">
				<left>0</left>
				<top>30</top>
				<width>1860</width>
				<height>60</height>
				<label>VideoPlayer.VideoCodec: $INFO[VideoPlayer.VideoCodec]</label>
				<shadowcolor>black</shadowcolor>
			</control>
			<control type="label">
				<left>0</left>
				<top>60</top>
				<width>1860</width>
				<height>60</height>
				<label>VideoPlayer.VideoResolution: $INFO[VideoPlayer.VideoResolution]</label>
				<shadowcolor>black</shadowcolor>
			</control>
			<control type="label">
				<left>0</left>
				<top>90</top>
				<width>1860</width>
				<height>60</height>
				<label>VideoPlayer.VideoAspect: $INFO[VideoPlayer.VideoAspect]</label>
				<shadowcolor>black</shadowcolor>
			</control>
			<control type="label">
				<left>0</left>
				<top>120</top>
				<width>1860</width>
				<height>60</height>
				<label>VideoPlayer.AudioCodec: $INFO[VideoPlayer.AudioCodec]</label>
				<shadowcolor>black</shadowcolor>
			</control>
			<control type="label">
				<left>0</left>
				<top>150</top>
				<width>1860</width>
				<height>60</height>
				<label>VideoPlayer.AudioChannels: $INFO[VideoPlayer.AudioChannels]</label>
				<shadowcolor>black</shadowcolor>
			</control>
			<control type="label">
				<left>0</left>
				<top>180</top>
				<width>1860</width>
				<height>60</height>
				<label>Player.FolderPath: $INFO[Player.FolderPath]</label>
				<shadowcolor>black</shadowcolor>
			</control>
			<control type="label">
				<left>0</left>
				<top>210</top>
				<width>1860</width>
				<height>60</height>
				<label>Player.FileNameAndPath: $INFO[Player.FileNameAndPath]</label>
				<shadowcolor>black</shadowcolor>
			</control>
		</control>
	</include>
	<include name="debuginfomusicplayer">
		<control type="group">
			<left>30</left>
			<top>150</top>
			<visible>Skin.HasSetting(DebugMode)</visible>
			<control type="label">
				<left>0</left>
				<top>0</top>
				<width>1860</width>
				<height>60</height>
				<label>MusicPlayer.Codec: $INFO[MusicPlayer.Codec]</label>
				<shadowcolor>black</shadowcolor>
			</control>
			<control type="label">
				<left>0</left>
				<top>30</top>
				<width>1860</width>
				<height>60</height>
				<label>Player.FolderPath: $INFO[Player.FolderPath]</label>
				<shadowcolor>black</shadowcolor>
			</control>
			<control type="label">
				<left>0</left>
				<top>60</top>
				<width>1860</width>
				<height>60</height>
				<label>Player.FileNameAndPath: $INFO[Player.FileNameAndPath]</label>
				<shadowcolor>black</shadowcolor>
			</control>
			<control type="label">
				<left>0</left>
				<top>90</top>
				<width>1860</width>
				<height>60</height>
				<label>MusicPlayer.Property(Fanart_Image): $INFO[MusicPlayer.Property(Fanart_Image)]</label>
				<shadowcolor>black</shadowcolor>
			</control>
		</control>
	</include>
</includes>
