<?xml version="1.0" encoding="utf-8"?>
<window>
	<controls>
		<control type="fadelabel" id="4410">
			<top>-100</top>
			<width>2560</width>
			<height>0</height>
			<scrollspeed>20</scrollspeed>
			<scrollout>false</scrollout>
			<randomize>true</randomize>
			<pauseatend>5000</pauseatend>
			<label>$INFO[Player.Art(artist.fanart)]</label>
			<label>$INFO[Player.Art(artist.fanart1)]</label>
			<label>$INFO[Player.Art(artist.fanart2)]</label>
			<label>$INFO[Player.Art(artist.fanart3)]</label>
			<label>$INFO[Player.Art(artist.fanart4)]</label>
			<label>$INFO[Player.Art(artist.fanart5)]</label>
			<label>$INFO[Player.Art(artist.fanart6)]</label>
			<label>$INFO[Player.Art(artist.fanart7)]</label>
			<label>$INFO[Player.Art(artist.fanart8)]</label>
			<label>$INFO[Player.Art(artist.fanart9)]</label>
			<label>$INFO[Player.Art(artist.fanart10)]</label>
			<label>$INFO[Player.Art(artist.fanart11)]</label>
			<label>$INFO[Player.Art(artist.fanart12)]</label>
			<label>$INFO[Player.Art(artist.fanart13)]</label>
			<label>$INFO[Player.Art(artist.fanart14)]</label>
			<label>$INFO[Player.Art(artist.fanart15)]</label>
			<label>$INFO[Player.Art(artist.fanart16)]</label>
			<label>$INFO[Player.Art(artist.fanart17)]</label>
			<label>$INFO[Player.Art(artist.fanart18)]</label>
			<label>$INFO[Player.Art(artist.fanart19)]</label>
			<label>$INFO[Player.Art(artist.fanart20)]</label>
		</control>
		<control type="fadelabel" id="4411">
			<top>-100</top>
			<width>2560</width>
			<height>0</height>
			<scrollspeed>20</scrollspeed>
			<scrollout>false</scrollout>
			<randomize>true</randomize>
			<pauseatend>5000</pauseatend>
			<label>$INFO[Player.Art(albumartist.fanart)]</label>
			<label>$INFO[Player.Art(albumartist.fanart1)]</label>
			<label>$INFO[Player.Art(albumartist.fanart2)]</label>
			<label>$INFO[Player.Art(albumartist.fanart3)]</label>
			<label>$INFO[Player.Art(albumartist.fanart4)]</label>
			<label>$INFO[Player.Art(albumartist.fanart5)]</label>
			<label>$INFO[Player.Art(albumartist.fanart6)]</label>
			<label>$INFO[Player.Art(albumartist.fanart7)]</label>
			<label>$INFO[Player.Art(albumartist.fanart8)]</label>
			<label>$INFO[Player.Art(albumartist.fanart9)]</label>
			<label>$INFO[Player.Art(albumartist.fanart10)]</label>
			<label>$INFO[Player.Art(albumartist.fanart11)]</label>
			<label>$INFO[Player.Art(albumartist.fanart12)]</label>
			<label>$INFO[Player.Art(albumartist.fanart13)]</label>
			<label>$INFO[Player.Art(albumartist.fanart14)]</label>
			<label>$INFO[Player.Art(albumartist.fanart15)]</label>
			<label>$INFO[Player.Art(albumartist.fanart16)]</label>
			<label>$INFO[Player.Art(albumartist.fanart17)]</label>
			<label>$INFO[Player.Art(albumartist.fanart18)]</label>
			<label>$INFO[Player.Art(albumartist.fanart19)]</label>
			<label>$INFO[Player.Art(albumartist.fanart20)]</label>
		</control>
		<control type="visualisation" id="2">
			<description>visualisation</description>
			<left>0</left>
			<top>0</top>
			<width>1920</width>
			<height>1080</height>
			<visible>Player.HasAudio + !Skin.HasSetting(Vis-Visualization) + ![String.IsEqual(Visualisation.Name,waveform) | String.IsEqual(Visualisation.Name,spectrum)]</visible>
		</control>
		<control type="image">
			<left>0</left>
			<top>0</top>
			<width>1920</width>
			<height>1080</height>
			<texture fallback="special://skin/backgrounds/background-music.jpg" background="true">$VAR[ArtistSlide]</texture>
			<aspectratio>keep</aspectratio>
			<fadetime>2000</fadetime>
			<animation effect="fade" start="100" end="20" time="0" condition="![String.IsEqual(Visualisation.Name,waveform) | String.IsEqual(Visualisation.Name,spectrum) | String.IsEmpty(Visualisation.Name)] + !Skin.HasSetting(Vis-Visualization)">Conditional</animation>
			<animation effect="fade" start="0" end="100" time="1000">Visible</animation>
			<animation effect="fade" start="100" end="0" time="1000">Hidden</animation>
			<include condition="Skin.HasSetting(Vis-Animation)">backgroundanimation2</include>
			<visible>Player.HasAudio + Skin.HasSetting(Vis-ArtistSlide)</visible>
		</control>
		<include>fanartslideshow-musicvisualisation</include>
		<control type="multiimage">
			<description>fallback texture if no fanart is available</description>
			<left>0</left>
			<top>0</top>
			<width>1920</width>
			<height>1080</height>
			<timeperimage>5000</timeperimage>
			<randomize>true</randomize>
			<fadetime>2000</fadetime>
			<imagepath fallback="special://skin/backgrounds/background-music.jpg" background="true">$INFO[Skin.String(Custom_Back_Music_Folder)]</imagepath>
			<aspectratio>scale</aspectratio>
			<include condition="Skin.HasSetting(Vis-Animation)">backgroundanimation2</include>
			<animation effect="fade" start="100" end="20" time="0" condition="![String.IsEqual(Visualisation.Name,waveform) | String.IsEqual(Visualisation.Name,spectrum) | String.IsEmpty(Visualisation.Name)] + !Skin.HasSetting(Vis-Visualization)">Conditional</animation>
			<visible>Player.HasAudio + [!Skin.HasSetting(Vis-Fanart) | [Skin.HasSetting(Vis-Slideshow) + String.IsEmpty(Control.GetLabel(6101))]] + String.IsEmpty(MusicPlayer.Property(Fanart_Image))</visible>
		</control>
		<control type="image">
			<left>0</left>
			<top>0</top>
			<width>1920</width>
			<height>1080</height>
			<texture background="true">$INFO[MusicPlayer.Property(Fanart_Image)]</texture>
			<aspectratio>scale</aspectratio>
			<fadetime>FanartCrossfadeTime</fadetime>
			<include>VisibleFadeEffect</include>
			<include condition="Skin.HasSetting(Vis-Animation)">backgroundanimation2</include>
			<animation effect="fade" start="100" end="20" time="0" condition="![String.IsEqual(Visualisation.Name,waveform) | String.IsEqual(Visualisation.Name,spectrum) | String.IsEmpty(Visualisation.Name)] + !Skin.HasSetting(Vis-Visualization)">Conditional</animation>
			<visible>Player.HasAudio + [!Skin.HasSetting(Vis-Fanart) | [Skin.HasSetting(Vis-Slideshow) + String.IsEmpty(Control.GetLabel(6101))]]</visible>
		</control>
		<include>cdwall-musicvisualisation</include>
		<include condition="Skin.HasSetting(ArtistLogo)">logo-artists-visualisation</include>
		<control type="visualisation" id="2">
			<description>visualisation</description>
			<left>0</left>
			<top>0</top>
			<width>1920</width>
			<height>1080</height>
			<visible>Player.HasAudio + !Skin.HasSetting(Vis-Visualization) + [String.IsEqual(Visualisation.Name,waveform) | String.IsEqual(Visualisation.Name,spectrum)]</visible>
		</control>
		<control type="group">
			<visible>Skin.HasSetting(Vis-ScrollTitles)</visible>
			<control type="group">
				<control type="label">
					<left>30</left>
					<top>660</top>
					<width>900</width>
					<height>120</height>
					<label>$INFO[MusicPlayer.Time]</label>
					<textcolor>99FFFFFF</textcolor>
					<font>font-160</font>
					<angle>90</angle>
					<include>VisibleFadeEffect</include>
				</control>
				<animation effect="fade" time="1500">Visible</animation>
				<animation effect="fade" time="1500">Hidden</animation>
				<visible>!Integer.IsGreater(System.Time(ss),21)</visible>
				<control type="group">
					<left>0</left>
					<top>0</top>
					<width>1920</width>
					<height>1080</height>
					<control type="label">
						<left>0</left>
						<top>750</top>
						<width>2025</width>
						<height>120</height>
						<include>MusicPlayerTitle</include>
					</control>
					<control type="label">
						<left>0</left>
						<top>900</top>
						<width>2025</width>
						<height>52</height>
						<include>MusicPlayerArtist</include>
						<scrollspeed>100</scrollspeed>
					</control>
					<control type="label">
						<left>0</left>
						<top>900</top>
						<width>2025</width>
						<height>48</height>
						<include>MusicPlayerAlbum</include>
						<scrollspeed>80</scrollspeed>
					</control>
				</control>
			</control>
			<control type="group">
				<control type="label">
					<left>450</left>
					<top>0</top>
					<width>900</width>
					<height>120</height>
					<label>$INFO[MusicPlayer.Time]</label>
					<textcolor>99FFFFFF</textcolor>
					<font>font-160</font>
					<angle>300</angle>
					<include>VisibleFadeEffect</include>
				</control>
				<animation effect="fade" time="1500">Visible</animation>
				<animation effect="fade" time="1500">Hidden</animation>
				<visible>Integer.IsGreater(System.Time(ss),19) + !Integer.IsGreater(System.Time(ss),41)</visible>
				<control type="group">
					<left>0</left>
					<top>0</top>
					<width>1920</width>
					<height>1080</height>
					<animation effect="rotate" start="0" end="30" center="960,540" time="0" condition="true">Conditional</animation>
					<control type="label">
						<left>-300</left>
						<top>420</top>
						<width>2520</width>
						<height>120</height>
						<include>MusicPlayerTitle</include>
						<scrollspeed>80</scrollspeed>
					</control>
					<control type="label">
						<left>0</left>
						<top>600</top>
						<width>2025</width>
						<height>52</height>
						<include>MusicPlayerArtist</include>
					</control>
					<control type="label">
						<left>0</left>
						<top>675</top>
						<width>2025</width>
						<height>48</height>
						<include>MusicPlayerAlbum</include>
						<scrollspeed>100</scrollspeed>
					</control>
				</control>
			</control>
			<control type="group">
				<control type="label">
					<left>840</left>
					<top>30</top>
					<width>900</width>
					<height>120</height>
					<label>$INFO[MusicPlayer.Time]</label>
					<textcolor>99FFFFFF</textcolor>
					<font>font-160</font>
					<include>VisibleFadeEffect</include>
				</control>
				<animation effect="fade" time="1500">Visible</animation>
				<animation effect="fade" time="1500">Hidden</animation>
				<visible>Integer.IsGreater(System.Time(ss),39) | !Integer.IsGreater(System.Time(ss),01)</visible>
				<control type="group">
					<left>0</left>
					<top>0</top>
					<width>1920</width>
					<height>1080</height>
					<animation effect="rotate" start="0" end="90" center="960,540" time="0" condition="true">Conditional</animation>
					<control type="label">
						<left>0</left>
						<top>1035</top>
						<width>2025</width>
						<height>120</height>
						<include>MusicPlayerTitle</include>
						<scrollspeed>100</scrollspeed>
					</control>
					<control type="label">
						<left>0</left>
						<top>1200</top>
						<width>2025</width>
						<height>52</height>
						<include>MusicPlayerArtist</include>
						<scrollspeed>80</scrollspeed>
					</control>
					<control type="label">
						<left>0</left>
						<top>1050</top>
						<width>2025</width>
						<height>48</height>
						<include>MusicPlayerAlbum</include>
					</control>
				</control>
			</control>
		</control>
		<control type="group">
			<include>ContentFade</include>
			<control type="textbox">
				<description>textarea</description>
				<left>150</left>
				<top>-234</top>
				<width>1620</width>
				<height>1080</height>
				<font>font-80</font>
				<align>center</align>
				<textcolor>AFFFFFFF</textcolor>
				<shadowcolor>A0000000</shadowcolor>
				<autoscroll time="2000" delay="0" repeat="7500">true</autoscroll>
				<label>$VAR[MusicVisualisation]</label>
				<animation effect="fade" start="100" end="0" time="400">Hidden</animation>
				<animation effect="fade" start="100" end="0" time="1500">WindowClose</animation>
				<animation effect="slide" start="0,0" end="0,234" time="300" condition="!Player.ShowInfo + !Window.IsVisible(MusicOSD)">Conditional</animation>
				<visible>Skin.HasSetting(Music_OSD_Info)</visible>
			</control>
			<control type="group">
				<left>0</left>
				<top>780</top>
				<animation effect="slide" start="0,270" end="0,0" time="300">Visible</animation>
				<animation effect="slide" start="0,0" end="0,270" time="300">Hidden</animation>
				<animation effect="slide" start="0,270" end="0,0" time="300">WindowOpen</animation>
				<animation effect="slide" start="0,0" end="0,270" time="300" delay="1200">WindowClose</animation>
				<visible>Player.ShowInfo | Window.IsVisible(MusicOSD)</visible>
				<control type="image">
					<description>media info background image</description>
					<left>-42</left>
					<top>48</top>
					<width>2004</width>
					<height>333</height>
					<texture border="17">panel.png</texture>
					<bordersize>11</bordersize>
				</control>
				<control type="button">
					<left>1887</left>
					<top>93</top>
					<width>30</width>
					<height>30</height>
					<texturefocus>close-window-focus.png</texturefocus>
					<texturenofocus>close-window-nofocus.png</texturenofocus>
					<onclick>FullScreen</onclick>
					<visible>Skin.HasSetting(TouchScreenMode) + !Window.IsVisible(MusicOSD)</visible>
				</control>
				<control type="label">
					<left>540</left>
					<top>87</top>
					<width>998</width>
					<height>38</height>
					<label>$INFO[MusicPlayer.Artist]</label>
					<align>left</align>
					<aligny>center</aligny>
					<font>font-23</font>
					<textcolor>blue</textcolor>
				</control>
				<control type="label">
					<left>540</left>
					<top>126</top>
					<width>1088</width>
					<height>38</height>
					<label>$INFO[MusicPlayer.Title]</label>
					<align>left</align>
					<aligny>center</aligny>
					<font>font-32</font>
					<textcolor>lightblue</textcolor>
				</control>
				<control type="label">
					<left>540</left>
					<top>165</top>
					<width>1162</width>
					<height>38</height>
					<label>$INFO[MusicPlayer.Album]</label>
					<align>left</align>
					<aligny>center</aligny>
					<font>font-20</font>
				</control>
				<control type="label">
					<description>System Time Label</description>
					<left>1582</left>
					<top>87</top>
					<width>300</width>
					<height>38</height>
					<textcolor>blue</textcolor>
					<label>$INFO[System.Time]</label>
					<align>right</align>
					<aligny>center</aligny>
					<font>font-23</font>
				</control>
				<control type="image">
					<description>Rating image</description>
					<left>1530</left>
					<top>82</top>
					<width>188</width>
					<height>45</height>
					<texture fallback="rating/0.0.png">$INFO[MusicPlayer.UserRating,rating/,.0.png]</texture>
					<aspectratio align="right">keep</aspectratio>
				</control>
				<control type="label">
					<left>1702</left>
					<top>123</top>
					<width>120</width>
					<height>22</height>
					<label>[B]$INFO[MusicPlayer.samplerate][/B]</label>
					<align>right</align>
					<aligny>center</aligny>
					<font>font-15</font>
					<textcolor>white</textcolor>
				</control>
				<control type="label">
					<left>1702</left>
					<top>144</top>
					<width>120</width>
					<height>22</height>
					<label>[B]$INFO[MusicPlayer.bitrate][/B]</label>
					<align>right</align>
					<aligny>center</aligny>
					<font>font-15</font>
					<textcolor>white</textcolor>
				</control>
				<control type="label">
					<left>1808</left>
					<top>123</top>
					<width>75</width>
					<height>22</height>
					<label>[B]kHz[/B]</label>
					<align>right</align>
					<aligny>center</aligny>
					<font>font-15</font>
					<textcolor>lightblue</textcolor>
					<visible>!String.IsEmpty(MusicPlayer.samplerate)</visible>
				</control>
				<control type="label">
					<left>1808</left>
					<top>144</top>
					<width>75</width>
					<height>22</height>
					<label>[B]kbps[/B]</label>
					<align>right</align>
					<aligny>center</aligny>
					<font>font-15</font>
					<textcolor>lightblue</textcolor>
					<visible>!String.IsEmpty(MusicPlayer.bitrate)</visible>
				</control>
				<control type="label">
					<description>Playlist Pos No</description>
					<left>1132</left>
					<top>165</top>
					<width>750</width>
					<height>38</height>
					<textcolor>white</textcolor>
					<label>$INFO[musicplayer.Playlistposition,$LOCALIZE[554]: ]$INFO[musicplayer.Playlistlength, / ]</label>
					<align>right</align>
					<aligny>center</aligny>
					<font>font-20</font>
					<visible>!MusicPartyMode.Enabled</visible>
				</control>
				<control type="label">
					<description>Party Mode Label</description>
					<left>1132</left>
					<top>165</top>
					<width>750</width>
					<height>38</height>
					<textcolor>white</textcolor>
					<label>589</label>
					<align>right</align>
					<font>font-20</font>
					<visible>MusicPartyMode.Enabled</visible>
				</control>
				<control type="label">
					<description>time label</description>
					<left>540</left>
					<top>201</top>
					<width>420</width>
					<height>38</height>
					<label>$INFO[MusicPlayer.Time]</label>
					<align>left</align>
					<aligny>center</aligny>
					<font>font-20</font>
					<textcolor>lightblue</textcolor>
				</control>
				<control type="progress">
					<description>Progressbar</description>
					<left>662</left>
					<top>210</top>
					<width>1095</width>
					<height>22</height>
					<info>Player.Progress</info>
				</control>
				<control type="slider" id="888">
					<description>Slider</description>
					<left>662</left>
					<top>210</top>
					<width>1095</width>
					<height>22</height>
					<action>seek</action>
				</control>
				<control type="label">
					<description>time label</description>
					<left>1462</left>
					<top>201</top>
					<width>420</width>
					<height>38</height>
					<label>$INFO[Player.Duration]</label>
					<align>right</align>
					<aligny>center</aligny>
					<font>font-20</font>
					<textcolor>lightblue</textcolor>
				</control>
				<include condition="!Skin.HasSetting(Enable_Music_Media_Flags)">FullScreenMusicMediaFlags</include>
				<control type="label">
					<left>832</left>
					<top>246</top>
					<width>1050</width>
					<height>38</height>
					<label>$INFO[MusicPlayer.offset(1).Artist,$LOCALIZE[19031] : , - ]$INFO[MusicPlayer.offset(1).Title]</label>
					<align>right</align>
					<aligny>center</aligny>
					<font>font-20</font>
					<textcolor>lightgrey</textcolor>
					<animation effect="fade" start="0" end="100" time="100" delay="200">Visible</animation>
					<visible>MusicPlayer.HasNext + !Window.IsVisible(MusicOSD)</visible>
				</control>
			</control>
			<control type="group">
				<left>0</left>
				<top>780</top>
				<visible>Player.ShowInfo | Window.IsVisible(MusicOSD)</visible>
				<animation effect="slide" start="-480,0" end="0,0" time="300">Visible</animation>
				<animation effect="slide" start="0,0" end="-480,0" time="300">Hidden</animation>
				<animation effect="slide" start="-480,0" end="0,0" time="300">WindowOpen</animation>
				<animation effect="slide" start="0,0" end="-480,0" time="300" delay="1200">WindowClose</animation>
				<include condition="!Skin.HasSetting(CDArt)">cdart-musicvisualisation</include>
				<control type="image">
					<description>default cd image</description>
					<left>52</left>
					<top>-6</top>
					<width>300</width>
					<height>300</height>
					<texture diffuse="disc_mask.png">disc.png</texture>
					<aspectratio>keep</aspectratio>
					<include>cdartspin</include>
					<visible>Skin.HasSetting(CDArt)</visible>
				</control>
				<control type="image">
					<description>cover image</description>
					<left>48</left>
					<top>-6</top>
					<width>300</width>
					<height>300</height>
					<texture>$INFO[MusicPlayer.Cover]</texture>
					<animation effect="fade" start="100" end="0" time="8000">Hidden</animation>
					<visible>Player.HasAudio</visible>
				</control>
				<control type="image">
					<left>15</left>
					<top>-10</top>
					<width>344</width>
					<height>310</height>
					<texture>cdcase.png</texture>
					<visible>!Skin.HasSetting(HideMusicCase)</visible>
				</control>
			</control>
		</control>
		<include condition="Skin.HasSetting(DebugMode)">debuginfomusicplayer</include>
	</controls>
</window>
