<?xml version="1.0" encoding="utf-8"?>
<window>
	<defaultcontrol always="true">2</defaultcontrol>
	<menucontrol>9000</menucontrol>
	<controls>
		<include condition="!Skin.HasSetting(HideVideoBackgrounds)">CommonVideoPlayingBackground</include>
		<control type="multiimage">
			<left>0</left>
			<top>0</top>
			<width>1920</width>
			<height>1080</height>
			<imagepath fallback="special://skin/backgrounds/background-settings.jpg" background="true">$INFO[Skin.String(Custom_Back_Settings_Folder)]</imagepath>
			<aspectratio>scale</aspectratio>
			<timeperimage>5000</timeperimage>
			<randomize>true</randomize>
			<fadetime>2000</fadetime>
			<include condition="Skin.HasSetting(AnimateBackgrounds)">backgroundanimation</include>
			<visible>![Player.HasVideo + !Skin.HasSetting(HideVideoBackgrounds)]</visible>
		</control>
		<control type="image">
			<left>266</left>
			<top>169</top>
			<width>1391</width>
			<height>744</height>
			<texture diffuse="panel-diffuse.png">special://skin/backgrounds/background-login.jpg</texture>
			<animation effect="zoom" start="788,458,345,208" end="266,169,1391,744" time="300">WindowOpen</animation>
			<animation effect="zoom" start="266,169,1391,744" end="788,458,345,208" time="300" delay="350">WindowClose</animation>
			<animation effect="slide" start="0,0" end="112,0" time="200" delay="200" tween="quadratic" easing="out" condition="Skin.HasSetting(WideSideMenuButtons) + ControlGroup(9000).HasFocus">Conditional</animation>
			<include>ContentFade</include>
			<visible>![Player.HasVideo + !Skin.HasSetting(HideVideoBackgrounds)]</visible>
		</control>
		<include condition="!Skin.HasSetting(HideVisBackgrounds)">CommonVisualizationBackground</include>
		<control type="group">
			<include>ContentFade</include>
			<include>ContentPanel</include>
			<animation effect="slide" start="0,0" end="112,0" time="200" delay="200" tween="quadratic" easing="out" condition="Skin.HasSetting(WideSideMenuButtons) + ControlGroup(9000).HasFocus">Conditional</animation>
			<animation effect="fade" start="0" end="100" time="350" delay="350">WindowOpen</animation>
			<animation effect="fade" start="100" end="0" time="350">WindowClose</animation>
			<control type="panel" id="2">
				<left>300</left>
				<top>210</top>
				<width>1320</width>
				<height>580</height>
				<onleft>9000</onleft>
				<onright>60</onright>
				<onup>53</onup>
				<ondown>53</ondown>
				<viewtype label="21371">list</viewtype>
				<pagecontrol>60</pagecontrol>
				<scrolltime>200</scrolltime>
				<preloaditems>2</preloaditems>
				<itemlayout width="330" height="290">
					<control type="image">
						<left>56</left>
						<top>0</top>
						<width>218</width>
						<height>218</height>
						<aspectratio scalediffuse="false">scale</aspectratio>
						<texture diffuse="thumb-diffuse.png" fallback="DefaultUser.png" background="true">$INFO[Listitem.Icon]</texture>
						<bordertexture border="7">thumb-nofocus.png</bordertexture>
						<bordersize>7</bordersize>
					</control>
					<control type="label">
						<left>39</left>
						<top>218</top>
						<width>267</width>
						<height>38</height>
						<font>font-20</font>
						<textcolor>white</textcolor>
						<selectedcolor>blue</selectedcolor>
						<align>center</align>
						<aligny>center</aligny>
						<label>$INFO[ListItem.Label]</label>
					</control>
				</itemlayout>
				<focusedlayout width="330" height="290">
					<control type="image">
						<left>56</left>
						<top>0</top>
						<width>218</width>
						<height>218</height>
						<aspectratio scalediffuse="false">scale</aspectratio>
						<texture diffuse="thumb-diffuse.png" fallback="DefaultUser.png" background="true">$INFO[Listitem.Icon]</texture>
						<bordertexture border="7">thumb-focus.png</bordertexture>
						<bordersize>7</bordersize>
						<animation type="focus">
							<effect type="slide" start="0,0" end="0,-15" time="200" />
							<effect type="zoom" start="100" end="117" center="auto" time="200" />
						</animation>
						<animation type="unfocus">
							<effect type="slide" start="0,-15" end="0,0" time="200" />
							<effect type="zoom" start="117" end="100" center="auto" time="200" />
						</animation>
					</control>
					<control type="label">
						<left>39</left>
						<top>218</top>
						<width>267</width>
						<height>38</height>
						<font>font-20</font>
						<textcolor>blue</textcolor>
						<selectedcolor>darkblue</selectedcolor>
						<align>center</align>
						<aligny>center</aligny>
						<label>$INFO[ListItem.Label]</label>
					</control>
				</focusedlayout>
			</control>
			<control type="scrollbar" id="60">
				<left>1624</left>
				<top>198</top>
				<width>30</width>
				<height>513</height>
				<texturesliderbackground border="0,10,0,10">scrollbar-back.png</texturesliderbackground>
				<texturesliderbar border="0,10,0,10">scrollbar-front-nofocus.png</texturesliderbar>
				<texturesliderbarfocus border="0,10,0,10">scrollbar-front.png</texturesliderbarfocus>
				<textureslidernib>scrollbar-nib-nofocus.png</textureslidernib>
				<textureslidernibfocus>scrollbar-nib.png</textureslidernibfocus>
				<onleft>2</onleft>
				<onright>9000</onright>
				<showonepage>false</showonepage>
				<orientation>vertical</orientation>
			</control>
			<control type="image">
				<left>300</left>
				<top>780</top>
				<width>1320</width>
				<height>3</height>
				<texture>separator.png</texture>
			</control>
			<control type="label">
				<left>300</left>
				<top>800</top>
				<width>1320</width>
				<height>45</height>
				<font>font-25</font>
				<textcolor>white</textcolor>
				<align>center</align>
				<aligny>bottom</aligny>
				<label>$INFO[Container(2).ListItem.Label,[COLOR=blue]$LOCALIZE[20093] : [/COLOR]]</label>
			</control>
			<control type="label">
				<left>300</left>
				<top>850</top>
				<width>1320</width>
				<height>45</height>
				<font>font-25</font>
				<textcolor>white</textcolor>
				<align>center</align>
				<aligny>bottom</aligny>
				<label>$INFO[Container(2).ListItem.Label2,[COLOR=blue]$LOCALIZE[31047] : [/COLOR]]</label>
			</control>
		</control>
		<control type="group" id="9000">
			<top>34</top>
			<include>ContentFade</include>
			<include>Window_OpenClose_Left_Panel_Animation</include>
			<include>CommonNowPlaying</include>
			<control type="group" id="9000">
				<include condition="!Skin.HasSetting(WideSideMenuButtons)">Window_OpenClose_Left_Panel_Position_Normal</include>
				<include condition="Skin.HasSetting(WideSideMenuButtons)">Window_OpenClose_Left_Panel_Position_Wide</include>
				<include>SideMenuAnim</include>
				<control type="radiobutton" id="4">
					<description>Enable Login screen</description>
					<left>0</left>
					<top>0</top>
					<include>ButtonCommonValues</include>
					<label>20096</label>
					<onup>5</onup>
					<ondown>5</ondown>
					<onleft>2</onleft>
					<onright>2</onright>
					<onback>SetFocus(2)</onback>
				</control>
				<control type="button" id="5">
					<description>Auto Login screen</description>
					<left>0</left>
					<top>69</top>
					<include>ButtonCommonValues</include>
					<label>$LOCALIZE[33084]</label>
					<onup>4</onup>
					<ondown>4</ondown>
					<onleft>2</onleft>
					<onright>2</onright>
					<onback>SetFocus(2)</onback>
					<enable>!System.HasLoginScreen</enable>
				</control>
				<control type="label">
					<description>Auto Login screen</description>
					<left>15</left>
					<top>112</top>
					<width>244</width>
					<height>70</height>
					<textcolor>white</textcolor>
					<font>font-15</font>
					<label>$INFO[System.ProfileAutoLogin]</label>
					<visible>!System.HasLoginScreen</visible>
				</control>
			</control>
		</control>
		<control type="group">
			<include>ContentFade</include>
			<include>Window_OpenClose_Header_Animation</include>
			<control type="image">
				<left>0</left>
				<top>0</top>
				<width>1920</width>
				<height>82</height>
				<texture border="1">Header.png</texture>
			</control>
			<include condition="!Skin.HasSetting(TopbarDateTime)">CommonDateTime</include>
			<include>CommonFileCount10</include>
			<control type="grouplist">
				<include>Breadcrumbs</include>
				<include>Breadcrumbs-Settings-Profile</include>
			</control>
		</control>
		<include condition="Skin.HasSetting(TouchScreenMode)">TouchScreenControls</include>
	</controls>
</window>
