<?xml version="1.0" encoding="utf-8"?>
<window>
	<defaultcontrol always="true">903</defaultcontrol>
	<controls>
		<control type="group">
			<include>ContentFade</include>
			<animation effect="fade" start="100" end="0" time="200" condition="Window.IsVisible(SliderDialog)">conditional</animation>
			<visible>Player.HasMedia</visible>
			<control type="group">
				<top>780</top>
				<animation effect="slide" start="0,345" end="0,0" time="300" condition="!Window.IsVisible(FullscreenInfo)">WindowOpen</animation>
				<animation effect="slide" start="0,0" end="0,345" time="300" condition="!Window.IsVisible(FullscreenInfo)">WindowClose</animation>
				<control type="image">
					<description>media info background image</description>
					<left>-42</left>
					<top>48</top>
					<width>2004</width>
					<height>333</height>
					<texture border="17">panel.png</texture>
					<bordersize>11</bordersize>
				</control>
				<control type="button">
					<left>1887</left>
					<top>93</top>
					<width>30</width>
					<height>30</height>
					<texturefocus>close-window-focus.png</texturefocus>
					<texturenofocus>close-window-nofocus.png</texturenofocus>
					<onclick>Dialog.Close(videoosd)</onclick>
					<visible>Skin.HasSetting(TouchScreenMode)</visible>
				</control>
				<control type="label">
					<left>488</left>
					<top>87</top>
					<width>1065</width>
					<height>38</height>
					<label>$VAR[DialogFullScreenInfoLabel1]</label>
					<align>left</align>
					<aligny>center</aligny>
					<font>font-20</font>
					<textcolor>blue</textcolor>
				</control>
				<control type="label">
					<left>488</left>
					<top>126</top>
					<width>1388</width>
					<height>38</height>
					<label>$INFO[VideoPlayer.Title]</label>
					<align>left</align>
					<aligny>center</aligny>
					<font>font-32</font>
					<textcolor>lightblue</textcolor>
				</control>
				<control type="label">
					<left>488</left>
					<top>165</top>
					<width>938</width>
					<height>38</height>
					<label>$VAR[DialogFullScreenInfoLabel2]</label>
					<align>left</align>
					<aligny>center</aligny>
					<font>font-20</font>
					<textcolor>white</textcolor>
				</control>
				<control type="label">
					<description>System Time Label</description>
					<left>1582</left>
					<top>87</top>
					<width>300</width>
					<height>38</height>
					<textcolor>blue</textcolor>
					<label>$INFO[System.Time]</label>
					<align>right</align>
					<aligny>center</aligny>
					<font>font-23</font>
				</control>
				<control type="label">
					<description>Video End Time</description>
					<left>1432</left>
					<top>165</top>
					<width>450</width>
					<height>38</height>
					<textcolor>white</textcolor>
					<label>$LOCALIZE[31050]: $INFO[Player.FinishTime]</label>
					<align>right</align>
					<aligny>center</aligny>
					<font>font-20</font>
				</control>
				<control type="label">
					<description>time label</description>
					<left>488</left>
					<top>201</top>
					<width>420</width>
					<height>38</height>
					<textcolor>lightblue</textcolor>
					<label>$INFO[VideoPlayer.Time]</label>
					<align>left</align>
					<aligny>center</aligny>
					<font>font-20</font>
				</control>
				<control type="progress">
					<description>Progressbar Cache</description>
					<left>630</left>
					<top>210</top>
					<width>1112</width>
					<height>22</height>
					<info>Player.ProgressCache</info>
					<midtexture border="10,0,10,0">ProgressCache.png</midtexture>
				</control>
				<control type="progress">
					<description>Progressbar</description>
					<left>630</left>
					<top>210</top>
					<width>1112</width>
					<height>22</height>
					<info>Player.Progress</info>
				</control>
				<control type="ranges">
					<left>630</left>
					<top>221</top>
					<width>1112</width>
					<height>8</height>
					<texturebg border="2">empty.png</texturebg>
					<righttexture>chapter_marker.png</righttexture>
					<info>Player.Chapters</info>
				</control>
				<control type="slider" id="888">
					<description>Slider</description>
					<left>630</left>
					<top>210</top>
					<width>1112</width>
					<height>22</height>
					<action>seek</action>
				</control>
				<control type="label">
					<description>time label</description>
					<left>1462</left>
					<top>201</top>
					<width>420</width>
					<height>38</height>
					<textcolor>lightblue</textcolor>
					<label>$INFO[Player.Duration]</label>
					<align>right</align>
					<aligny>center</aligny>
					<font>font-20</font>
				</control>
			</control>
			<control type="group">
				<control type="grouplist">
					<left>483</left>
					<top>1017</top>
					<animation effect="slide" start="0,345" end="0,0" time="300" condition="!Window.IsVisible(FullscreenInfo)">WindowOpen</animation>
					<animation effect="slide" start="0,0" end="0,345" time="300" condition="!Window.IsVisible(FullscreenInfo)">WindowClose</animation>
					<animation effect="fade" start="100" end="0" time="200" condition="Window.IsVisible(SliderDialog)">conditional</animation>
					<itemgap>0</itemgap>
					<orientation>horizontal</orientation>
					<onup>60</onup>
					<onleft>919</onleft>
					<onright>911</onright>
					<control type="button" id="901">
						<width>60</width>
						<height>60</height>
						<label></label>
						<font></font>
						<texturefocus>osdplayer-previous-focus.png</texturefocus>
						<texturenofocus>osdplayer-previous-nofocus.png</texturenofocus>
						<onclick>PlayerControl(Previous)</onclick>
					</control>
					<control type="button" id="902">
						<width>60</width>
						<height>60</height>
						<label></label>
						<font></font>
						<texturefocus>osdplayer-rewind-focus.png</texturefocus>
						<texturenofocus>osdplayer-rewind-nofocus.png</texturenofocus>
						<onclick>PlayerControl(Rewind)</onclick>
					</control>
					<control type="togglebutton" id="903">
						<width>60</width>
						<height>60</height>
						<label></label>
						<font></font>
						<texturefocus>osdplayer-pause-focus.png</texturefocus>
						<texturenofocus>osdplayer-pause-nofocus.png</texturenofocus>
						<usealttexture>Player.Paused | Player.Forwarding | Player.Rewinding</usealttexture>
						<alttexturefocus>osdplayer-play-focus.png</alttexturefocus>
						<alttexturenofocus>osdplayer-play-nofocus.png</alttexturenofocus>
						<onclick>PlayerControl(Play)</onclick>
					</control>
					<control type="button" id="904">
						<width>60</width>
						<height>60</height>
						<label></label>
						<font></font>
						<texturefocus>osdplayer-forward-focus.png</texturefocus>
						<texturenofocus>osdplayer-forward-nofocus.png</texturenofocus>
						<onclick>PlayerControl(Forward)</onclick>
					</control>
					<control type="button" id="905">
						<width>60</width>
						<height>60</height>
						<label></label>
						<font></font>
						<texturefocus>osdplayer-next-focus.png</texturefocus>
						<texturenofocus>osdplayer-next-nofocus.png</texturenofocus>
						<onclick>PlayerControl(Next)</onclick>
					</control>
					<control type="button" id="906">
						<width>60</width>
						<height>60</height>
						<label></label>
						<font></font>
						<texturefocus>osdplayer-stop-focus.png</texturefocus>
						<texturenofocus>osdplayer-stop-nofocus.png</texturenofocus>
						<onclick>PlayerControl(Stop)</onclick>
					</control>
					<control type="group" id="999">
						<width>60</width>
						<height>60</height>
						<control type="button" id="907">
							<left>0</left>
							<top>0</top>
							<width>60</width>
							<height>60</height>
							<label></label>
							<font></font>
							<texturefocus></texturefocus>
							<texturenofocus></texturenofocus>
							<onleft>906</onleft>
							<onright>908</onright>
							<onclick>PlayerControl(Repeat)</onclick>
						</control>
						<control type="image">
							<left>0</left>
							<top>0</top>
							<width>60</width>
							<height>60</height>
							<texture>osdplayer-repeat-nofocus.png</texture>
							<visible>!Playlist.IsRepeat + !Playlist.IsRepeatOne + !Control.HasFocus(907)</visible>
						</control>
						<control type="image">
							<left>0</left>
							<top>0</top>
							<width>60</width>
							<height>60</height>
							<texture>osdplayer-repeat-focus.png</texture>
							<visible>!Playlist.IsRepeat + !Playlist.IsRepeatOne + Control.HasFocus(907)</visible>
						</control>
						<control type="image">
							<left>0</left>
							<top>0</top>
							<width>60</width>
							<height>60</height>
							<texture>osdplayer-repeatone-nofocus.png</texture>
							<visible>Playlist.IsRepeatOne + !Control.HasFocus(907)</visible>
						</control>
						<control type="image">
							<left>0</left>
							<top>0</top>
							<width>60</width>
							<height>60</height>
							<texture>osdplayer-repeatone-focus.png</texture>
							<visible>Playlist.IsRepeatOne + Control.HasFocus(907)</visible>
						</control>
						<control type="image">
							<left>0</left>
							<top>0</top>
							<width>60</width>
							<height>60</height>
							<texture>osdplayer-repeatall-nofocus.png</texture>
							<visible>Playlist.IsRepeat + !Control.HasFocus(907)</visible>
						</control>
						<control type="image">
							<left>0</left>
							<top>0</top>
							<width>60</width>
							<height>60</height>
							<texture>osdplayer-repeatall-focus.png</texture>
							<visible>Playlist.IsRepeat + Control.HasFocus(907)</visible>
						</control>
					</control>
					<control type="togglebutton" id="908">
						<width>60</width>
						<height>60</height>
						<label></label>
						<font></font>
						<texturefocus>osdplayer-random-focus.png</texturefocus>
						<texturenofocus>osdplayer-random-nofocus.png</texturenofocus>
						<usealttexture>Playlist.IsRandom</usealttexture>
						<alttexturefocus>osdplayer-randomselected-focus.png</alttexturefocus>
						<alttexturenofocus>osdplayer-randomselected-nofocus.png</alttexturenofocus>
						<onclick>PlayerControl(Random)</onclick>
					</control>
					<control type="button" id="909">
						<width>60</width>
						<height>60</height>
						<label></label>
						<font></font>
						<texturefocus>osdplayer-record-focus.png</texturefocus>
						<texturenofocus>osdplayer-record-nofocus.png</texturenofocus>
						<onclick>PVR.ToggleRecordPlayingChannel</onclick>
						<visible>PVR.CanRecordPlayingChannel + !PVR.IsRecordingPlayingChannel</visible>
					</control>
					<control type="button" id="910">
						<width>60</width>
						<height>60</height>
						<label></label>
						<font></font>
						<texturefocus>osdplayer-recordrecording-focus.png</texturefocus>
						<texturenofocus>osdplayer-recordrecording-nofocus.png</texturenofocus>
						<onclick>PVR.ToggleRecordPlayingChannel</onclick>
						<visible>PVR.CanRecordPlayingChannel + PVR.IsRecordingPlayingChannel</visible>
					</control>
				</control>
				<control type="grouplist">
					<left>1293</left>
					<top>1017</top>
					<width>600</width>
					<animation effect="slide" start="0,345" end="0,0" time="300" condition="!Window.IsVisible(FullscreenInfo)">WindowOpen</animation>
					<animation effect="slide" start="0,0" end="0,345" time="300" condition="!Window.IsVisible(FullscreenInfo)">WindowClose</animation>
					<animation effect="fade" start="100" end="0" time="200" condition="Window.IsVisible(SliderDialog)">conditional</animation>
					<itemgap>0</itemgap>
					<orientation>horizontal</orientation>
					<align>right</align>
					<onleft>910</onleft>
					<onright>901</onright>
					<control type="button" id="911">
						<description>Channels Menu</description>
						<width>60</width>
						<height>60</height>
						<label></label>
						<font></font>
						<texturenofocus>osd-channels-nofocus.png</texturenofocus>
						<texturefocus>osd-channels-focus.png</texturefocus>
						<onclick>ActivateWindow(PVROSDChannels)</onclick>
						<visible>VideoPlayer.Content(LiveTV)</visible>
					</control>
					<control type="button" id="912">
						<description>EPG Menu</description>
						<width>60</width>
						<height>60</height>
						<label></label>
						<font></font>
						<texturenofocus>osd-epg-nofocus.png</texturenofocus>
						<texturefocus>osd-epg-focus.png</texturefocus>
						<onclick>ActivateWindow(pvrchannelguide)</onclick>
						<visible>VideoPlayer.Content(LiveTV)</visible>
					</control>
					<control type="button" id="921">
						<description>3D Menu</description>
						<width>60</width>
						<height>60</height>
						<label></label>
						<font></font>
						<texturenofocus>osd-3d-nofocus.png</texturenofocus>
						<texturefocus>osd-3d-focus.png</texturefocus>
						<onclick>ActivateWindow(1116)</onclick>
						<visible>VideoPlayer.IsStereoscopic</visible>
					</control>
					<control type="button" id="913">
						<description>Audio Menu</description>
						<width>60</width>
						<height>60</height>
						<label></label>
						<font></font>
						<texturenofocus>osd-audio-nofocus.png</texturenofocus>
						<texturefocus>osd-audio-focus.png</texturefocus>
						<onclick>ActivateWindow(OSDAudioSettings)</onclick>
						<visible>!Skin.HasSetting(KioskMode)</visible>
					</control>
					<control type="button" id="914">
						<description>Video Menu</description>
						<width>60</width>
						<height>60</height>
						<label></label>
						<font></font>
						<texturenofocus>osd-video-nofocus.png</texturenofocus>
						<texturefocus>osd-video-focus.png</texturefocus>
						<onclick>ActivateWindow(OSDVideoSettings)</onclick>
						<visible>!Skin.HasSetting(KioskMode)</visible>
					</control>
					<control type="button" id="920">
						<description>Colormanagement Settings</description>
						<width>60</width>
						<height>60</height>
						<label></label>
						<font></font>
						<texturenofocus>osd-vis-nofocus.png</texturenofocus>
						<texturefocus>osd-vis-focus.png</texturefocus>
						<onclick>ActivateWindow(OSDCMSSettings)</onclick>
						<visible>!Skin.HasSetting(KioskMode) + System.HasCMS</visible>
					</control>
					<control type="button" id="915">
						<description>Bookmarks Menu</description>
						<width>60</width>
						<height>60</height>
						<label></label>
						<font></font>
						<texturenofocus>osd-bookmark-nofocus.png</texturenofocus>
						<texturefocus>osd-bookmark-focus.png</texturefocus>
						<onclick>ActivateWindow(VideoBookmarks)</onclick>
					</control>
					<control type="button" id="916">
						<description>Subtitles button</description>
						<width>60</width>
						<height>60</height>
						<label></label>
						<font></font>
						<texturenofocus>osd-subs-nofocus.png</texturenofocus>
						<texturefocus>osd-subs-focus.png</texturefocus>
						<onclick>ActivateWindow(osdsubtitlesettings)</onclick>
					</control>
					<control type="button" id="917">
						<description>DVD menu button</description>
						<width>60</width>
						<height>60</height>
						<label></label>
						<font></font>
						<texturenofocus>osd-dvd-nofocus.png</texturenofocus>
						<texturefocus>osd-dvd-focus.png</texturefocus>
						<onclick>PlayerControl(ShowVideoMenu)</onclick>
						<visible>VideoPlayer.HasMenu</visible>
					</control>
					<control type="button" id="918">
						<description>Teletext button</description>
						<width>60</width>
						<height>60</height>
						<label></label>
						<font></font>
						<texturefocus>osd-teletext-focus.png</texturefocus>
						<texturenofocus>osd-teletext-nofocus.png</texturenofocus>
						<onclick>ActivateWindow(Teletext)</onclick>
						<visible>VideoPlayer.HasTeletext</visible>
					</control>
					<control type="button" id="919">
						<description>Info button</description>
						<width>60</width>
						<height>60</height>
						<label></label>
						<font></font>
						<texturefocus>osd-info-focus.png</texturefocus>
						<texturenofocus>osd-info-nofocus.png</texturenofocus>
						<onclick>Skin.ToggleSetting(VideoOSDInfo)</onclick>
					</control>
				</control>
			</control>
			<control type="group">
				<top>578</top>
				<visible>Skin.HasSetting(VideoOSDInfo)</visible>
				<animation effect="fade" time="400">VisibleChange</animation>
				<animation effect="fade" start="100" end="0" time="400">WindowClose</animation>
				<control type="image">
					<description>media info background image</description>
					<left>450</left>
					<top>-142</top>
					<width>1470</width>
					<height>405</height>
					<texture diffuse="underlay-diffuse.png" border="0,11,0,11">underlay3.png</texture>
				</control>
				<control type="textbox">
					<description>Plot</description>
					<left>578</left>
					<top>-94</top>
					<width>1208</width>
					<height>320</height>
					<font>font-20</font>
					<align>justify</align>
					<textcolor>white</textcolor>
					<pagecontrol>60</pagecontrol>
					<label>$INFO[VideoPlayer.Plot]</label>
					<autoscroll time="2000" delay="16000" repeat="5000">Skin.HasSetting(AutoScroll)</autoscroll>
				</control>
				<control type="scrollbar" id="60">
					<left>1822</left>
					<top>-123</top>
					<width>30</width>
					<height>368</height>
					<texturesliderbackground border="0,10,0,10">scrollbar-back.png</texturesliderbackground>
					<texturesliderbar border="0,10,0,10">scrollbar-front-nofocus.png</texturesliderbar>
					<texturesliderbarfocus border="0,10,0,10">scrollbar-front.png</texturesliderbarfocus>
					<textureslidernib>scrollbar-nib-nofocus.png</textureslidernib>
					<textureslidernibfocus>scrollbar-nib.png</textureslidernibfocus>
					<onup>60</onup>
					<ondown>60</ondown>
					<onleft>919</onleft>
					<onright>919</onright>
					<showonepage>false</showonepage>
					<orientation>vertical</orientation>
				</control>
			</control>
			<control type="group">
				<left>0</left>
				<top>570</top>
				<animation effect="slide" start="-420,0" end="0,0" time="300" condition="!Window.IsVisible(FullscreenInfo)">WindowOpen</animation>
				<animation effect="slide" start="0,0" end="-420,0" time="300" condition="!Window.IsVisible(FullscreenInfo)">WindowClose</animation>
				<include condition="Skin.HasSetting(ClearArt) + VideoPlayer.Content(Episodes)">clearart-dialogfullscreeninfo</include>
				<control type="image">
					<description>cover image</description>
					<left>15</left>
					<top>274</top>
					<width>418</width>
					<height>236</height>
					<aspectratio align="center" aligny="center" scalediffuse="true">keep</aspectratio>
					<texture diffuse="video-diffuse.png">$INFO[Player.Art(thumb)]</texture>
					<visible>VideoPlayer.Content(Episodes) + [!Skin.HasSetting(ClearArt) | [String.IsEmpty(Control.GetLabel(7017))] | Skin.HasSetting(Safemode) | String.Contains(Player.FolderPath,pvr://) | String.Contains(Player.FolderPath,http://) | String.Contains(Player.FolderPath,https://) | String.Contains(Player.FolderPath,htsp://)]</visible>
				</control>
				<control type="image">
					<description>cover image</description>
					<left>15</left>
					<top>274</top>
					<width>418</width>
					<height>236</height>
					<aspectratio align="center" aligny="center" scalediffuse="true">keep</aspectratio>
					<texture diffuse="video-diffuse.png">$INFO[Player.Art(thumb)]</texture>
					<visible>[!VideoPlayer.Content(Movies) + !VideoPlayer.Content(Episodes)] | [VideoPlayer.Content(Movies) + [String.StartsWith(Player.FileNameAndPath,http) | String.StartsWith(Player.FileNameAndPath,mms) | String.StartsWith(Player.FileNameAndPath,rtmp)]]</visible>
				</control>
				<control type="image">
					<description>cover image</description>
					<left>66</left>
					<top>60</top>
					<width>309</width>
					<height>438</height>
					<texture>$INFO[Player.Art(poster)]</texture>
					<visible>VideoPlayer.Content(Movies) + ![String.StartsWith(Player.FileNameAndPath,http) | String.StartsWith(Player.FileNameAndPath,mms) | String.StartsWith(Player.FileNameAndPath,rtmp)]</visible>
				</control>
				<control type="image">
					<left>66</left>
					<top>24</top>
					<width>333</width>
					<height>507</height>
					<texture fallback="case-sets.png">case$INFO[VideoPlayer.VideoResolution].png</texture>
					<visible>VideoPlayer.Content(Movies) + !Skin.HasSetting(HideMovieCase) + ![String.StartsWith(Player.FileNameAndPath,http) | String.StartsWith(Player.FileNameAndPath,mms) | String.StartsWith(Player.FileNameAndPath,rtmp)]</visible>
				</control>
			</control>
		</control>
		<include condition="Skin.HasSetting(DebugMode)">debuginfovideoplayer</include>
	</controls>
</window>
