<?xml version="1.0" encoding="utf-8"?>
<includes>
	<include name="Fanart-Videos">
		<control type="list" id="50">
			<left>300</left>
			<width>532</width>
			<onleft>7005</onleft>
			<onright>60</onright>
			<onup>50</onup>
			<ondown>50</ondown>
			<viewtype label="31030">list</viewtype>
			<pagecontrol>60</pagecontrol>
			<scrolltime>200</scrolltime>
			<preloaditems>2</preloaditems>
			<include condition="!Skin.HasSetting(Fanart_Show_Banners) + !Skin.HasSetting(FanartShort) + !Skin.HasSetting(FanartLong)">FanartNormal</include>
			<include condition="!Skin.HasSetting(Fanart_Show_Banners) + Skin.HasSetting(FanartShort)">FanartShort</include>
			<include condition="!Skin.HasSetting(Fanart_Show_Banners) + Skin.HasSetting(FanartLong)">FanartLong</include>
			<include condition="Skin.HasSetting(Fanart_Show_Banners) + !Skin.HasSetting(FanartShort) + !Skin.HasSetting(FanartLong)">FanartNormalBanners</include>
			<include condition="Skin.HasSetting(Fanart_Show_Banners) + Skin.HasSetting(FanartShort)">FanartShortBanners</include>
			<include condition="Skin.HasSetting(Fanart_Show_Banners) + Skin.HasSetting(FanartLong)">FanartLongBanners</include>
			<itemlayout width="532" height="44" condition="![Container.Content(TVShows) + Skin.HasSetting(Fanart_Show_Banners)]">
				<control type="image">
					<left>0</left>
					<top>0</top>
					<width>532</width>
					<height>45</height>
					<texture border="7">list-nofocus.png</texture>
					<include>VisibleFadeEffect</include>
				</control>
				<control type="label">
					<left>15</left>
					<top>0</top>
					<width>458</width>
					<height>45</height>
					<font>font-20</font>
					<textcolor>white</textcolor>
					<selectedcolor>blue</selectedcolor>
					<align>left</align>
					<aligny>center</aligny>
					<label>$INFO[ListItem.Label]</label>
				</control>
				<control type="image">
					<left>488</left>
					<top>0</top>
					<width>45</width>
					<height>45</height>
					<aspectratio>keep</aspectratio>
					<texture>$VAR[PartlyWatched]</texture>
					<visible>[[Container.Content(Movies) + !Skin.HasSetting(Enable_Movies_Watched_Flags)] | [Container.Content(TVShows) + !Skin.HasSetting(Enable_TVShows_Watched_Flags)] | [Container.Content(Seasons) + !Skin.HasSetting(Enable_TVShows_Watched_Flags)] | [Container.Content(Episodes) + !Skin.HasSetting(Enable_TVShows_Watched_Flags)] | [Container.Content(MusicVideos) + !Skin.HasSetting(Enable_MusicVideos_Watched_Flags)] | [[Container.Content(Videos) | Container.Content(Files)] + !Skin.HasSetting(Enable_Videos_Watched_Flags)] | Window.IsVisible(VideoPlaylist)]</visible>
				</control>
				<control type="image">
					<left>488</left>
					<top>0</top>
					<width>45</width>
					<height>45</height>
					<aspectratio>keep</aspectratio>
					<texture>$INFO[ListItem.Overlay]</texture>
					<visible>[Container.Content(Movies) + !Skin.HasSetting(Enable_Movies_Watched_Flags)] | [Container.Content(TVShows) + !Skin.HasSetting(Enable_TVShows_Watched_Flags)] | [Container.Content(Seasons) + !Skin.HasSetting(Enable_TVShows_Watched_Flags)] | [Container.Content(Episodes) + !Skin.HasSetting(Enable_TVShows_Watched_Flags)] | [Container.Content(MusicVideos) + !Skin.HasSetting(Enable_MusicVideos_Watched_Flags)] | [[Container.Content(Videos) | Container.Content(Files)] + !Skin.HasSetting(Enable_Videos_Watched_Flags)] | Window.IsVisible(VideoPlaylist)</visible>
				</control>
			</itemlayout>
			<focusedlayout width="532" height="44" condition="![Container.Content(TVShows) + Skin.HasSetting(Fanart_Show_Banners)]">
				<control type="image">
					<left>0</left>
					<top>0</top>
					<width>532</width>
					<height>45</height>
					<texture border="7">list-nofocus.png</texture>
					<include>VisibleFadeEffect</include>
				</control>
				<control type="image">
					<left>0</left>
					<top>0</top>
					<width>532</width>
					<height>45</height>
					<texture border="7">list-focus2.png</texture>
					<visible>Control.HasFocus(50)</visible>
					<include>VisibleFadeEffect</include>
					<include>ListFocusScroll</include>
				</control>
				<control type="label">
					<left>15</left>
					<top>0</top>
					<width>458</width>
					<height>45</height>
					<font>font-20</font>
					<textcolor>white</textcolor>
					<selectedcolor>blue</selectedcolor>
					<align>left</align>
					<aligny>center</aligny>
					<label>$INFO[ListItem.Label]</label>
				</control>
				<control type="image">
					<left>488</left>
					<top>0</top>
					<width>45</width>
					<height>45</height>
					<aspectratio>keep</aspectratio>
					<texture>$VAR[PartlyWatched]</texture>
					<visible>[[Container.Content(Movies) + !Skin.HasSetting(Enable_Movies_Watched_Flags)] | [Container.Content(TVShows) + !Skin.HasSetting(Enable_TVShows_Watched_Flags)] | [Container.Content(Seasons) + !Skin.HasSetting(Enable_TVShows_Watched_Flags)] | [Container.Content(Episodes) + !Skin.HasSetting(Enable_TVShows_Watched_Flags)] | [Container.Content(MusicVideos) + !Skin.HasSetting(Enable_MusicVideos_Watched_Flags)] | [[Container.Content(Videos) | Container.Content(Files)] + !Skin.HasSetting(Enable_Videos_Watched_Flags)] | Window.IsVisible(VideoPlaylist)]</visible>
				</control>
				<control type="image">
					<left>488</left>
					<top>0</top>
					<width>45</width>
					<height>45</height>
					<aspectratio>keep</aspectratio>
					<texture>$INFO[ListItem.Overlay]</texture>
					<visible>[Container.Content(Movies) + !Skin.HasSetting(Enable_Movies_Watched_Flags)] | [Container.Content(TVShows) + !Skin.HasSetting(Enable_TVShows_Watched_Flags)] | [Container.Content(Seasons) + !Skin.HasSetting(Enable_TVShows_Watched_Flags)] | [Container.Content(Episodes) + !Skin.HasSetting(Enable_TVShows_Watched_Flags)] | [Container.Content(MusicVideos) + !Skin.HasSetting(Enable_MusicVideos_Watched_Flags)] | [[Container.Content(Videos) | Container.Content(Files)] + !Skin.HasSetting(Enable_Videos_Watched_Flags)] | Window.IsVisible(VideoPlaylist)</visible>
				</control>
			</focusedlayout>
			<itemlayout width="532" height="130" condition="Container.Content(TVShows) + Skin.HasSetting(Fanart_Show_Banners)">
				<control type="image">
					<left>-12</left>
					<top>0</top>
					<width>532</width>
					<height>130</height>
					<texture background="true">$INFO[Listitem.Icon]</texture>
					<aspectratio>keep</aspectratio>
					<visible>ListItem.IsParentFolder</visible>
				</control>
				<control type="image">
					<left>-12</left>
					<top>0</top>
					<width>532</width>
					<height>130</height>
					<aspectratio scalediffuse="false">stretch</aspectratio>
					<texture fallback="DefaultBanner.png" diffuse="banner-diffuse.png" background="true">$VAR[IconBanner]</texture>
					<bordertexture border="13">banner-shadow.png</bordertexture>
					<bordersize>13</bordersize>
					<visible>!ListItem.IsParentFolder</visible>
				</control>
				<control type="image">
					<left>450</left>
					<top>66</top>
					<width>45</width>
					<height>45</height>
					<aspectratio>keep</aspectratio>
					<texture>$VAR[PartlyWatched]</texture>
					<visible>!Skin.HasSetting(Enable_TVShows_Watched_Flags)</visible>
				</control>
				<control type="image">
					<left>450</left>
					<top>66</top>
					<width>45</width>
					<height>45</height>
					<aspectratio>keep</aspectratio>
					<texture>$INFO[ListItem.Overlay]</texture>
					<visible>!Skin.HasSetting(Enable_TVShows_Watched_Flags)</visible>
				</control>
			</itemlayout>
			<focusedlayout width="532" height="130" condition="Container.Content(TVShows) + Skin.HasSetting(Fanart_Show_Banners)">
				<control type="image">
					<left>-12</left>
					<top>0</top>
					<width>532</width>
					<height>130</height>
					<texture background="true">$INFO[Listitem.Icon]</texture>
					<aspectratio>keep</aspectratio>
					<animation type="focus">
						<effect type="slide" start="0,0" end="0,0" time="200" />
						<effect type="zoom" start="100" end="113" center="auto" time="200" />
					</animation>
					<animation type="unfocus">
						<effect type="slide" start="0,0" end="0,0" time="200" />
						<effect type="zoom" start="113" end="100" center="auto" time="200" />
					</animation>
					<visible>ListItem.IsParentFolder</visible>
				</control>
				<control type="image">
					<left>-12</left>
					<top>0</top>
					<width>532</width>
					<height>130</height>
					<aspectratio scalediffuse="false">stretch</aspectratio>
					<texture fallback="DefaultBanner.png" diffuse="banner-diffuse.png" background="true">$VAR[IconBanner]</texture>
					<bordertexture border="13">banner-shadow.png</bordertexture>
					<bordersize>13</bordersize>
					<animation type="focus">
						<effect type="slide" start="0,0" end="0,0" time="200" />
						<effect type="zoom" start="100" end="113" center="auto" time="200" />
					</animation>
					<animation type="unfocus">
						<effect type="slide" start="0,0" end="0,0" time="200" />
						<effect type="zoom" start="113" end="100" center="auto" time="200" />
					</animation>
					<visible>!ListItem.IsParentFolder</visible>
				</control>
				<control type="image">
					<left>450</left>
					<top>66</top>
					<width>45</width>
					<height>45</height>
					<aspectratio>keep</aspectratio>
					<texture>$VAR[PartlyWatched]</texture>
					<animation type="focus">
						<effect type="slide" start="0,0" end="27,3" time="200" />
						<effect type="zoom" start="100" end="109" center="auto" time="200" />
					</animation>
					<animation type="unfocus">
						<effect type="slide" start="27,3" end="0,0" time="200" />
						<effect type="zoom" start="109" end="100" center="auto" time="200" />
					</animation>
					<visible>!Skin.HasSetting(Enable_TVShows_Watched_Flags)</visible>
				</control>
				<control type="image">
					<left>450</left>
					<top>66</top>
					<width>45</width>
					<height>45</height>
					<aspectratio>keep</aspectratio>
					<texture>$INFO[ListItem.Overlay]</texture>
					<animation type="focus">
						<effect type="slide" start="0,0" end="27,3" time="200" />
						<effect type="zoom" start="100" end="109" center="auto" time="200" />
					</animation>
					<animation type="unfocus">
						<effect type="slide" start="27,3" end="0,0" time="200" />
						<effect type="zoom" start="109" end="100" center="auto" time="200" />
					</animation>
					<visible>!Skin.HasSetting(Enable_TVShows_Watched_Flags)</visible>
				</control>
			</focusedlayout>
		</control>
	</include>
	<include name="Fanart-Videos_Root_Extras">
		<control type="group">
			<visible>Control.IsVisible(50) + ![Container.Content(Movies) | Container.Content(Sets) | Container.Content(TVShows) | Container.Content(Seasons) | Container.Content(Episodes) | Container.Content(MusicVideos) | Container.Content(AddOns) | Container.Content(LiveTV)]</visible>
			<include>Window_OpenClose_Visible_FanartInfo_Animation</include>
			<control type="image">
				<left>0</left>
				<top>825</top>
				<width>1312</width>
				<height>237</height>
				<texture border="10">underlay.png</texture>
			</control>
			<control type="label">
				<left>386</left>
				<top>921</top>
				<width>825</width>
				<height>45</height>
				<font>font-30</font>
				<textcolor>blue</textcolor>
				<shadowcolor>black</shadowcolor>
				<align>left</align>
				<aligny>center</aligny>
				<label>$INFO[ListItem.label]</label>
				<visible>!ListItem.IsParentFolder</visible>
			</control>
		</control>
		<control type="group">
			<visible>Control.IsVisible(50) + ![Container.Content(Movies) | Container.Content(Sets) | Container.Content(TVShows) | Container.Content(Seasons) | Container.Content(Episodes) | Container.Content(MusicVideos) | Container.Content(AddOns) | Container.Content(LiveTV)]</visible>
			<include>Window_OpenClose_Visible_FanartIcon_Animation</include>
			<control type="image">
				<left>15</left>
				<top>720</top>
				<width>321</width>
				<height>321</height>
				<aspectratio aligny="bottom">keep</aspectratio>
				<fadetime>IconCrossfadeTime</fadetime>
				<texture diffuse="thumb-diffuse.png" background="true">$INFO[Listitem.Icon]</texture>
				<visible>ListItem.IsParentFolder | [!ListItem.IsParentFolder + [[Skin.HasSetting(Enable_Foldericons_Movies_Genre) + String.IsEqual(Container.FolderPath,videodb://movies/genres/)] | [Skin.HasSetting(Enable_Foldericons_TVShows_Genre) + String.IsEqual(Container.FolderPath,videodb://tvshows/genres/)] | [Skin.HasSetting(Enable_Foldericons_MusicVideos_Genre) + String.IsEqual(Container.FolderPath,videodb://musicvideos/genres/)]]] | !Container.Content(Genres)</visible>
			</control>
			<control type="image">
				<left>15</left>
				<top>678</top>
				<width>321</width>
				<height>398</height>
				<texture>thumb-shadow.png</texture>
				<visible>!ListItem.IsParentFolder + [[!Skin.HasSetting(Enable_Foldericons_Movies_Genre) + String.IsEqual(Container.FolderPath,videodb://movies/genres/)] | [!Skin.HasSetting(Enable_Foldericons_TVShows_Genre) + String.IsEqual(Container.FolderPath,videodb://tvshows/genres/)] | [!Skin.HasSetting(Enable_Foldericons_MusicVideos_Genre) + String.IsEqual(Container.FolderPath,videodb://musicvideos/genres/)]]</visible>
			</control>
			<control type="image">
				<left>15</left>
				<top>678</top>
				<width>321</width>
				<height>398</height>
				<aspectratio scalediffuse="false">scale</aspectratio>
				<fadetime>IconCrossfadeTime</fadetime>
				<texture diffuse="thumb-diffuse.png" fallback="genre-movies-icon.jpg">$VAR[MovieGenreIcon]</texture>
				<bordersize>6</bordersize>
				<visible>!ListItem.IsParentFolder + !Skin.HasSetting(Enable_Foldericons_Movies_Genre) + String.IsEqual(Container.FolderPath,videodb://movies/genres/)</visible>
			</control>
			<control type="image">
				<left>15</left>
				<top>678</top>
				<width>321</width>
				<height>398</height>
				<aspectratio scalediffuse="false">scale</aspectratio>
				<fadetime>IconCrossfadeTime</fadetime>
				<texture diffuse="thumb-diffuse.png" fallback="genre-tvshows-icon.jpg">$VAR[MovieGenreIcon]</texture>
				<bordersize>6</bordersize>
				<visible>!ListItem.IsParentFolder + !Skin.HasSetting(Enable_Foldericons_TVShows_Genre) + String.IsEqual(Container.FolderPath,videodb://tvshows/genres/)</visible>
			</control>
			<control type="image">
				<left>15</left>
				<top>678</top>
				<width>321</width>
				<height>398</height>
				<aspectratio scalediffuse="false">scale</aspectratio>
				<fadetime>IconCrossfadeTime</fadetime>
				<texture diffuse="thumb-diffuse.png" fallback="genre-music-icon.jpg">$VAR[MusicGenreIcon]</texture>
				<bordersize>6</bordersize>
				<visible>!ListItem.IsParentFolder + !Skin.HasSetting(Enable_Foldericons_MusicVideos_Genre) + String.IsEqual(Container.FolderPath,videodb://musicvideos/genres/)</visible>
			</control>
		</control>
	</include>
	<include name="Fanart-Videos_Extras">
		<control type="group">
			<visible>Control.IsVisible(50) + [Container.Content(Movies) | Container.Content(Sets) | Window.IsVisible(VideoPlaylist)]</visible>
			<include>Window_OpenClose_Visible_FanartInfo_Animation</include>
			<animation effect="slide" end="0,52" time="0" condition="Skin.HasSetting(Enable_Movies_Media_Flags)">Conditional</animation>
			<control type="image">
				<left>0</left>
				<top>825</top>
				<width>1312</width>
				<height>237</height>
				<texture border="10">underlay.png</texture>
				<visible>!Skin.HasSetting(Enable_Movies_Media_Flags)</visible>
			</control>
			<control type="image">
				<left>0</left>
				<top>825</top>
				<width>1312</width>
				<height>184</height>
				<texture border="10">underlay.png</texture>
				<visible>Skin.HasSetting(Enable_Movies_Media_Flags)</visible>
			</control>
			<control type="label">
				<left>386</left>
				<top>852</top>
				<width>926</width>
				<height>45</height>
				<font>font-30</font>
				<textcolor>blue</textcolor>
				<shadowcolor>black</shadowcolor>
				<align>left</align>
				<aligny>center</aligny>
				<label>$INFO[ListItem.Title]</label>
			</control>
			<control type="label">
				<left>386</left>
				<top>852</top>
				<width>926</width>
				<height>45</height>
				<font>font-30</font>
				<textcolor>blue</textcolor>
				<shadowcolor>black</shadowcolor>
				<align>left</align>
				<aligny>center</aligny>
				<label>$INFO[ListItem.label]</label>
				<visible>String.IsEmpty(ListItem.Title) + !ListItem.IsParentFolder</visible>
			</control>
			<control type="group">
				<visible>!Skin.HasSetting(FanartShowPlot)</visible>
				<control type="label">
					<left>386</left>
					<top>890</top>
					<width>915</width>
					<height>45</height>
					<font>font-20</font>
					<textcolor>white</textcolor>
					<shadowcolor>black</shadowcolor>
					<align>left</align>
					<aligny>center</aligny>
					<label>$INFO[ListItem.Genre,[UPPERCASE][B][COLOR=lightblue]$LOCALIZE[515]: [/COLOR][/B][/UPPERCASE]]</label>
				</control>
				<control type="label">
					<left>386</left>
					<top>920</top>
					<width>750</width>
					<height>45</height>
					<font>font-20</font>
					<textcolor>white</textcolor>
					<shadowcolor>black</shadowcolor>
					<align>left</align>
					<aligny>center</aligny>
					<label>$VAR[ViewFanartLabel1]</label>
				</control>
				<control type="label">
					<left>386</left>
					<top>950</top>
					<width>240</width>
					<height>45</height>
					<font>font-20</font>
					<textcolor>white</textcolor>
					<shadowcolor>black</shadowcolor>
					<align>left</align>
					<aligny>center</aligny>
					<label>$INFO[ListItem.Year,[UPPERCASE][B][COLOR=lightblue]$LOCALIZE[345]: [/COLOR][/B][/UPPERCASE]]</label>
				</control>
				<control type="label">
					<left>626</left>
					<top>950</top>
					<width>240</width>
					<height>45</height>
					<font>font-20</font>
					<textcolor>white</textcolor>
					<shadowcolor>black</shadowcolor>
					<align>left</align>
					<aligny>center</aligny>
					<label>$INFO[ListItem.Rating,[UPPERCASE][B][COLOR=lightblue]$LOCALIZE[563]: [/COLOR][/B][/UPPERCASE]]</label>
				</control>
				<control type="label">
					<left>873</left>
					<top>950</top>
					<width>255</width>
					<height>45</height>
					<font>font-20</font>
					<textcolor>white</textcolor>
					<shadowcolor>black</shadowcolor>
					<align>left</align>
					<aligny>center</aligny>
					<label>$INFO[ListItem.Top250,[UPPERCASE][B][COLOR=lightblue]$LOCALIZE[31052]: [/COLOR][/B][/UPPERCASE]# ]</label>
				</control>
			</control>
			<control type="group">
				<visible>Skin.HasSetting(FanartShowPlot)</visible>
				<control type="textbox">
					<description>Plot Value for Movies</description>
					<left>386</left>
					<top>896</top>
					<width>735</width>
					<height>90</height>
					<font>font-19</font>
					<align>justify</align>
					<textcolor>white</textcolor>
					<shadowcolor>black</shadowcolor>
					<label>$VAR[ViewFanartText]</label>
					<autoscroll time="2000" delay="8000" repeat="5000">Skin.HasSetting(AutoScroll)</autoscroll>
				</control>
			</control>
			<control type="group">
				<visible>Control.IsVisible(50) + !Skin.HasSetting(Enable_Movies_Media_Flags) + [Container.Content(Movies) | Window.IsVisible(VideoPlaylist)]</visible>
				<control type="group">
					<left>378</left>
					<top>982</top>
					<width>708</width>
					<height>72</height>
					<include condition="!Skin.HasSetting(Enable_Movies_Media_Flags)">VideoMediaFlags</include>
				</control>
				<include condition="!Skin.HasSetting(Enable_Movies_Media_Flags)">MovieStudioFlag</include>
			</control>
		</control>
		<control type="group">
			<visible>Control.IsVisible(50) + [Container.Content(Movies) | Container.Content(Sets) | Window.IsVisible(VideoPlaylist)]</visible>
			<include>Window_OpenClose_Visible_FanartButton_Animation</include>
			<animation effect="slide" end="-602,0" time="0" condition="Skin.HasSetting(FanartLong)">Conditional</animation>
			<control type="button" id="7005">
				<left>1833</left>
				<top>21</top>
				<width>60</width>
				<height>60</height>
				<label />
				<font />
				<texturefocus>trailer-focus.png</texturefocus>
				<texturenofocus>trailer-nofocus.png</texturenofocus>
				<onleft>9000</onleft>
				<onright>50</onright>
				<onup>7005</onup>
				<ondown>7005</ondown>
				<onclick condition="Skin.HasSetting(Fullscreen_Trailer)">PlayMedia("$INFO[ListItem.Trailer]")</onclick>
				<onclick condition="!Skin.HasSetting(Fullscreen_Trailer)">PlayMedia("$INFO[ListItem.Trailer]",1)</onclick>
				<visible>!Skin.HasSetting(Hide_Trailer_Icon) + !String.IsEmpty(Listitem.Trailer)</visible>
			</control>
			<control type="image">
				<left>1833</left>
				<top>81</top>
				<width>60</width>
				<height>60</height>
				<texture>$VAR[VersionsExtrasIcon]</texture>
			</control>
		</control>
		<control type="videowindow">
			<description>trailer preview</description>
			<left>405</left>
			<top>300</top>
			<width>867</width>
			<height>488</height>
			<animation effect="fade" start="0" end="100" time="1000">Visible</animation>
			<animation effect="fade" start="100" end="0" time="1000">Hidden</animation>
			<animation effect="fade" start="0" end="100" time="300">WindowOpen</animation>
			<animation effect="fade" start="100" end="0" time="300">WindowClose</animation>
			<visible>Control.IsVisible(50) + [Player.HasVideo + !!Skin.HasSetting(HideVideoBackgrounds)] + !Skin.HasSetting(Fullscreen_Trailer)</visible>
		</control>
		<control type="group">
			<visible>Control.IsVisible(50) + [Container.Content(Movies) | Container.Content(Sets) | Window.IsVisible(VideoPlaylist)]</visible>
			<include>Window_OpenClose_Visible_FanartIcon_Animation</include>
			<control type="group">
				<include condition="Skin.HasSetting(MoviesExtraThumbs)">thumbs-extra-movies</include>
			</control>
			<animation effect="slide" end="0,60" time="0" condition="Skin.HasSetting(Enable_Movies_Media_Flags)">Conditional</animation>
			<control type="image">
				<left>27</left>
				<top>594</top>
				<width>327</width>
				<height>465</height>
				<texture background="true">$INFO[ListItem.Icon]</texture>
				<animation effect="slide" end="0,-60" time="0" condition="Skin.HasSetting(Enable_Movies_Media_Flags)">Conditional</animation>
				<visible>ListItem.IsParentFolder + !Window.IsVisible(VideoPlaylist)</visible>
			</control>
			<control type="image">
				<left>27</left>
				<top>594</top>
				<width>327</width>
				<height>465</height>
				<texture background="true">$VAR[IconPoster]</texture>
				<fadetime>IconCrossfadeTime</fadetime>
				<animation effect="slide" end="0,-60" time="0" condition="Skin.HasSetting(Enable_Movies_Media_Flags)">Conditional</animation>
				<visible>!ListItem.IsParentFolder</visible>
			</control>
			<control type="image">
				<left>27</left>
				<top>552</top>
				<width>351</width>
				<height>540</height>
				<texture fallback="case-sets.png">case$INFO[ListItem.VideoResolution].png</texture>
				<animation effect="slide" end="0,-60" time="0" condition="Skin.HasSetting(Enable_Movies_Media_Flags)">Conditional</animation>
				<visible>!ListItem.IsParentFolder + !Skin.HasSetting(HideMovieCase)</visible>
			</control>
			<control type="image">
				<left>168</left>
				<top>562</top>
				<width>45</width>
				<height>27</height>
				<texture>movieset.png</texture>
				<animation effect="slide" end="0,-60" time="0" condition="Skin.HasSetting(Enable_Movies_Media_Flags)">Conditional</animation>
				<visible>!ListItem.IsParentFolder + ListItem.IsFolder + !Window.IsVisible(VideoPlaylist) + String.StartsWith(Container.Folderpath,videodb://)</visible>
			</control>
			<control type="image">
				<left>45</left>
				<top>567</top>
				<width>50</width>
				<height>18</height>
				<texture>3d-logo.png</texture>
				<animation effect="slide" end="0,-60" time="0" condition="Skin.HasSetting(Enable_Movies_Media_Flags)">Conditional</animation>
				<visible>ListItem.IsStereoScopic</visible>
			</control>
		</control>
		<control type="group">
			<visible>Control.IsVisible(50) + Container.Content(TVShows)</visible>
			<include>Window_OpenClose_Visible_FanartInfo_Animation</include>
			<control type="image">
				<left>0</left>
				<top>783</top>
				<width>1312</width>
				<height>279</height>
				<texture border="10">underlay.png</texture>
			</control>
			<control type="label">
				<left>60</left>
				<top>802</top>
				<width>1178</width>
				<height>45</height>
				<font>font-30</font>
				<textcolor>blue</textcolor>
				<shadowcolor>black</shadowcolor>
				<align>center</align>
				<aligny>center</aligny>
				<label>$VAR[ViewFanartLabel2]</label>
			</control>
			<control type="label">
				<left>386</left>
				<top>802</top>
				<width>900</width>
				<height>45</height>
				<font>font-30</font>
				<textcolor>blue</textcolor>
				<shadowcolor>black</shadowcolor>
				<align>left</align>
				<aligny>center</aligny>
				<label>$VAR[ViewFanartLabel3]</label>
			</control>
			<control type="label">
				<left>60</left>
				<top>848</top>
				<width>1178</width>
				<height>45</height>
				<font>font-20</font>
				<textcolor>white</textcolor>
				<shadowcolor>black</shadowcolor>
				<align>center</align>
				<aligny>center</aligny>
				<label>$INFO[ListItem.Property(TotalSeasons),$LOCALIZE[33054] : ] $INFO[ListItem.Property(TotalEpisodes), - $LOCALIZE[20360] : ] [COLOR=lightblue] $INFO[ListItem.Property(WatchedEpisodes),(, $LOCALIZE[16102] - ]$INFO[ListItem.Property(UnWatchedEpisodes), , $LOCALIZE[16101])][/COLOR]</label>
				<visible>Skin.HasSetting(TVShowsPosters) + [String.Contains(Container.FolderPath,videodb://tvshows/) | String.Contains(Container.FolderPath,special://)]</visible>
			</control>
			<control type="label">
				<left>386</left>
				<top>848</top>
				<width>900</width>
				<height>45</height>
				<font>font-20</font>
				<textcolor>white</textcolor>
				<shadowcolor>black</shadowcolor>
				<align>left</align>
				<aligny>center</aligny>
				<label>$INFO[ListItem.Property(TotalSeasons),$LOCALIZE[33054] : ]$INFO[ListItem.Property(TotalEpisodes), - $LOCALIZE[20360] : ] [COLOR=lightblue] $INFO[ListItem.Property(WatchedEpisodes),(, $LOCALIZE[16102] - ]$INFO[ListItem.Property(UnWatchedEpisodes), , $LOCALIZE[16101])][/COLOR]</label>
				<visible>!Skin.HasSetting(TVShowsPosters) | ![String.Contains(Container.FolderPath,videodb://tvshows/) | String.Contains(Container.FolderPath,special://)]</visible>
			</control>
			<control type="textbox">
				<description>Plot Value for TVShow</description>
				<left>60</left>
				<top>903</top>
				<width>1178</width>
				<height>124</height>
				<font>font-19</font>
				<align>justify</align>
				<textcolor>white</textcolor>
				<shadowcolor>black</shadowcolor>
				<label>$INFO[ListItem.Plot]</label>
				<autoscroll time="2000" delay="8000" repeat="5000">Skin.HasSetting(AutoScroll)</autoscroll>
				<visible>Skin.HasSetting(TVShowsPosters) + [String.Contains(Container.FolderPath,videodb://tvshows/) | String.Contains(Container.FolderPath,special://)]</visible>
			</control>
			<control type="textbox">
				<description>Plot Value for TVShow</description>
				<left>386</left>
				<top>903</top>
				<width>900</width>
				<height>124</height>
				<font>font-19</font>
				<align>justify</align>
				<textcolor>white</textcolor>
				<shadowcolor>black</shadowcolor>
				<label>$INFO[ListItem.Plot]</label>
				<autoscroll time="2000" delay="8000" repeat="5000">Skin.HasSetting(AutoScroll)</autoscroll>
				<visible>!Skin.HasSetting(TVShowsPosters) | ![String.Contains(Container.FolderPath,videodb://tvshows/) | String.Contains(Container.FolderPath,special://)]</visible>
			</control>
		</control>
		<control type="group">
			<visible>Control.IsVisible(50) + Container.Content(TVShows)</visible>
			<include>Window_OpenClose_Visible_FanartIcon_Animation</include>
			<control type="image">
				<left>57</left>
				<top>627</top>
				<width>297</width>
				<height>432</height>
				<texture background="true">$INFO[ListItem.Icon]</texture>
				<visible>ListItem.IsParentFolder</visible>
			</control>
			<control type="image">
				<left>27</left>
				<top>720</top>
				<width>327</width>
				<height>327</height>
				<aspectratio align="left" aligny="center">keep</aspectratio>
				<align>left</align>
				<texture diffuse="banner-diffuse.png" background="true">$VAR[IconBanner]</texture>
				<fadetime>IconCrossfadeTime</fadetime>
				<animation effect="slide" start="-180,0" end="0,0" time="400" tween="quadratic" easing="out">WindowOpen</animation>
				<animation effect="slide" start="0,0" end="-180,0" time="400" tween="quadratic" easing="out">WindowClose</animation>
				<animation effect="slide" start="-180,0" end="0,0" time="400" tween="quadratic" easing="out">Visible</animation>
				<visible>![String.Contains(Container.FolderPath,videodb://tvshows/) | String.Contains(Container.FolderPath,special://)] + Skin.HasSetting(TVShowsPosters) + !ListItem.IsParentFolder</visible>
			</control>
			<control type="image">
				<left>27</left>
				<top>594</top>
				<width>327</width>
				<height>465</height>
				<texture background="true">$VAR[IconPoster]</texture>
				<fadetime>IconCrossfadeTime</fadetime>
				<visible>!Skin.HasSetting(TVShowsPosters) + !ListItem.IsParentFolder</visible>
			</control>
			<control type="image">
				<left>27</left>
				<top>552</top>
				<width>351</width>
				<height>540</height>
				<texture>case-tv.png</texture>
				<visible>!Skin.HasSetting(TVShowsPosters) + !ListItem.IsParentFolder + !Skin.HasSetting(HideTVShowCase)</visible>
			</control>
		</control>
		<control type="group">
			<visible>Control.IsVisible(50) + Container.Content(Seasons)</visible>
			<include>Window_OpenClose_Visible_FanartInfo_Animation</include>
			<control type="image">
				<left>0</left>
				<top>783</top>
				<width>1312</width>
				<height>279</height>
				<texture border="10">underlay.png</texture>
			</control>
			<control type="image">
				<left>410</left>
				<top>832</top>
				<width>850</width>
				<height>189</height>
				<texture border="14">banner-shadow.png</texture>
				<visible>!ListItem.IsParentFolder + Skin.HasSetting(TVShowsPosters)</visible>
			</control>
			<control type="image">
				<left>429</left>
				<top>852</top>
				<width>812</width>
				<height>150</height>
				<aspectratio scalediffuse="false" align="center">stretch</aspectratio>
				<texture fallback="DefaultBanner.png" diffuse="banner-diffuse.png" background="true">$INFO[ListItem.Art(tvshow.banner)]</texture>
				<visible>!ListItem.IsParentFolder + Skin.HasSetting(TVShowsPosters)</visible>
			</control>
			<control type="label">
				<left>360</left>
				<top>802</top>
				<width>950</width>
				<height>45</height>
				<font>font-30</font>
				<textcolor>blue</textcolor>
				<shadowcolor>black</shadowcolor>
				<align>center</align>
				<aligny>center</aligny>
				<label>$INFO[ListItem.Label]</label>
				<visible>!ListItem.IsParentFolder</visible>
			</control>
			<control type="label">
				<left>360</left>
				<top>870</top>
				<width>950</width>
				<height>45</height>
				<font>font-23</font>
				<textcolor>white</textcolor>
				<shadowcolor>black</shadowcolor>
				<align>center</align>
				<aligny>center</aligny>
				<label>$INFO[ListItem.Genre,[UPPERCASE][B][COLOR=lightblue]$LOCALIZE[515]: [/UPPERCASE][/B][/COLOR]]</label>
				<visible>!ListItem.IsParentFolder + !Skin.HasSetting(TVShowsPosters)</visible>
			</control>
			<control type="label">
				<left>360</left>
				<top>1000</top>
				<width>950</width>
				<height>45</height>
				<font>font-23</font>
				<textcolor>white</textcolor>
				<shadowcolor>black</shadowcolor>
				<align>center</align>
				<aligny>center</aligny>
				<label>$INFO[ListItem.Property(TotalEpisodes),[UPPERCASE][B][COLOR=lightblue]$LOCALIZE[20360]: [/UPPERCASE][/B][/COLOR]]</label>
				<animation effect="slide" start="0,0" end="0,-70" time="0" condition="!Skin.HasSetting(TVShowsPosters)">Conditional</animation>
				<visible>!ListItem.IsParentFolder</visible>
			</control>
			<control type="label">
				<left>360</left>
				<top>990</top>
				<width>950</width>
				<height>45</height>
				<font>font-23</font>
				<textcolor>white</textcolor>
				<shadowcolor>black</shadowcolor>
				<align>center</align>
				<aligny>center</aligny>
				<label>[COLOR=blue] $INFO[ListItem.Property(WatchedEpisodes),(, $LOCALIZE[16102] - ]$INFO[ListItem.Property(UnWatchedEpisodes), , $LOCALIZE[16101])][/COLOR]</label>
				<visible>!ListItem.IsParentFolder + !Skin.HasSetting(TVShowsPosters)</visible>
			</control>
		</control>
		<control type="group">
			<visible>Control.IsVisible(50) + Container.Content(Seasons)</visible>
			<include>Window_OpenClose_Visible_FanartIcon_Animation</include>
			<control type="image">
				<left>27</left>
				<top>594</top>
				<width>327</width>
				<height>465</height>
				<texture background="true">$INFO[ListItem.Icon]</texture>
				<visible>ListItem.IsParentFolder</visible>
			</control>
			<control type="image">
				<left>27</left>
				<top>594</top>
				<width>327</width>
				<height>465</height>
				<texture fallback="DefaultVideo.png" background="true">$INFO[ListItem.Art(poster)]</texture>
				<fadetime>IconCrossfadeTime</fadetime>
				<visible>!ListItem.IsParentFolder</visible>
			</control>
			<control type="image">
				<left>27</left>
				<top>552</top>
				<width>351</width>
				<height>540</height>
				<texture>case-tv.png</texture>
				<visible>!ListItem.IsParentFolder + !Skin.HasSetting(HideTVShowCase)</visible>
			</control>
		</control>
		<control type="group">
			<visible>Control.IsVisible(50) + [Container.Content(Episodes) | Container.Content(MusicVideos)]</visible>
			<include>Window_OpenClose_Visible_FanartInfo_Animation</include>
			<animation effect="slide" end="0,52" time="0" condition="Skin.HasSetting(Enable_TVShows_Media_Flags)">Conditional</animation>
			<control type="image">
				<left>0</left>
				<top>783</top>
				<width>1312</width>
				<height>279</height>
				<texture border="10">underlay.png</texture>
				<visible>[Container.Content(Episodes) + !Skin.HasSetting(Enable_TVShows_Media_Flags)] | [Container.Content(MusicVideos) + !Skin.HasSetting(Enable_MusicVideos_Media_Flags)]</visible>
			</control>
			<control type="image">
				<left>0</left>
				<top>783</top>
				<width>1312</width>
				<height>226</height>
				<texture border="10">underlay.png</texture>
				<visible>[Container.Content(Episodes) + Skin.HasSetting(Enable_TVShows_Media_Flags)] | [Container.Content(MusicVideos) + Skin.HasSetting(Enable_MusicVideos_Media_Flags)]</visible>
			</control>
			<control type="label">
				<left>476</left>
				<top>802</top>
				<width>810</width>
				<height>45</height>
				<font>font-30</font>
				<textcolor>blue</textcolor>
				<shadowcolor>black</shadowcolor>
				<align>center</align>
				<aligny>center</aligny>
				<label>$VAR[ViewFanartLabel4]</label>
			</control>
			<control type="label">
				<left>476</left>
				<top>802</top>
				<width>810</width>
				<height>45</height>
				<font>font-30</font>
				<textcolor>blue</textcolor>
				<shadowcolor>black</shadowcolor>
				<align>left</align>
				<aligny>center</aligny>
				<label>$VAR[ViewFanartLabel5]</label>
			</control>
			<control type="label">
				<left>476</left>
				<top>844</top>
				<width>810</width>
				<height>45</height>
				<font>font-30</font>
				<textcolor>white</textcolor>
				<shadowcolor>black</shadowcolor>
				<align>left</align>
				<aligny>center</aligny>
				<label>$INFO[ListItem.Artist]</label>
				<visible>Container.Content(MusicVideos)</visible>
			</control>
			<control type="textbox">
				<description>Common Plot Value for all Content types</description>
				<left>476</left>
				<top>855</top>
				<width>810</width>
				<height>124</height>
				<font>font-19</font>
				<align>justify</align>
				<textcolor>white</textcolor>
				<shadowcolor>black</shadowcolor>
				<label>$INFO[ListItem.Plot]</label>
				<autoscroll time="2000" delay="8000" repeat="5000">Skin.HasSetting(AutoScroll)</autoscroll>
				<visible>Container.Content(Episodes)</visible>
			</control>
			<control type="label">
				<left>476</left>
				<top>892</top>
				<width>810</width>
				<height>30</height>
				<font>font-20</font>
				<textcolor>white</textcolor>
				<shadowcolor>black</shadowcolor>
				<align>left</align>
				<aligny>center</aligny>
				<label>$INFO[ListItem.album,[UPPERCASE][B][COLOR=lightblue]$LOCALIZE[558]: [/UPPERCASE][/B][/COLOR]]</label>
				<visible>Container.Content(MusicVideos)</visible>
			</control>
			<control type="label">
				<left>476</left>
				<top>922</top>
				<width>810</width>
				<height>30</height>
				<font>font-20</font>
				<textcolor>white</textcolor>
				<shadowcolor>black</shadowcolor>
				<align>left</align>
				<aligny>center</aligny>
				<label>$INFO[ListItem.studio,[UPPERCASE][B][COLOR=lightblue]$LOCALIZE[572]: [/UPPERCASE][/B][/COLOR]]</label>
				<visible>Container.Content(MusicVideos)</visible>
			</control>
			<control type="label">
				<left>476</left>
				<top>952</top>
				<width>810</width>
				<height>30</height>
				<font>font-20</font>
				<textcolor>white</textcolor>
				<shadowcolor>black</shadowcolor>
				<align>left</align>
				<aligny>center</aligny>
				<label>$INFO[ListItem.year,[UPPERCASE][B][COLOR=lightblue]$LOCALIZE[562]: [/UPPERCASE][/B][/COLOR]]</label>
				<visible>Container.Content(MusicVideos)</visible>
			</control>
			<control type="group">
				<left>466</left>
				<top>982</top>
				<width>810</width>
				<height>72</height>
				<include condition="!Skin.HasSetting(Enable_TVShows_Media_Flags)">VideoMediaFlags</include>
				<visible>!Skin.HasSetting(Enable_TVShows_Media_Flags) + Container.Content(Episodes)</visible>
			</control>
			<control type="group">
				<left>466</left>
				<top>982</top>
				<width>810</width>
				<height>72</height>
				<include condition="!Skin.HasSetting(Enable_TVShows_Media_Flags)">VideoMediaFlags</include>
				<visible>!Skin.HasSetting(Enable_MusicVideos_Media_Flags) + Container.Content(MusicVideos)</visible>
			</control>
		</control>
		<control type="group">
			<visible>Control.IsVisible(50) + [Container.Content(Episodes) | Container.Content(MusicVideos)]</visible>
			<include>Window_OpenClose_Visible_FanartIcon_Animation</include>
			<control type="image">
				<left>57</left>
				<top>627</top>
				<width>297</width>
				<height>432</height>
				<texture background="true">$INFO[ListItem.Icon]</texture>
				<visible>ListItem.IsParentFolder</visible>
			</control>
			<control type="image">
				<left>15</left>
				<top>796</top>
				<width>447</width>
				<height>252</height>
				<aspectratio scalediffuse="true" aligny="center">keep</aspectratio>
				<texture diffuse="video-diffuse.png" background="true">$INFO[Listitem.Icon]</texture>
				<bordertexture border="9">video-shadow.png</bordertexture>
				<bordersize>8</bordersize>
				<fadetime>IconCrossfadeTime</fadetime>
				<visible>!ListItem.IsParentFolder</visible>
			</control>
		</control>
		<control type="group">
			<visible>Control.IsVisible(50) + Container.Content(AddOns)</visible>
			<include>Window_OpenClose_Visible_FanartInfo_Animation</include>
			<control type="image">
				<left>0</left>
				<top>825</top>
				<width>1312</width>
				<height>237</height>
				<texture border="10">underlay.png</texture>
			</control>
			<control type="label">
				<left>338</left>
				<top>858</top>
				<width>954</width>
				<height>45</height>
				<font>font-30</font>
				<textcolor>blue</textcolor>
				<shadowcolor>black</shadowcolor>
				<align>center</align>
				<aligny>center</aligny>
				<label>$INFO[ListItem.Label]</label>
				<visible>!ListItem.IsParentFolder</visible>
			</control>
			<control type="textbox">
				<description>textarea</description>
				<left>370</left>
				<top>903</top>
				<width>900</width>
				<height>124</height>
				<label>$INFO[ListItem.AddonDescription]</label>
				<font>font-19</font>
				<align>justify</align>
				<textcolor>white</textcolor>
				<shadowcolor>black</shadowcolor>
				<autoscroll time="3000" delay="16000" repeat="5000">Skin.HasSetting(AutoScroll)</autoscroll>
			</control>
		</control>
		<control type="group">
			<visible>Control.IsVisible(50) + Container.Content(AddOns)</visible>
			<include>Window_OpenClose_Visible_FanartIcon_Animation</include>
			<control type="image">
				<left>12</left>
				<top>758</top>
				<width>315</width>
				<height>315</height>
				<texture background="true">$INFO[ListItem.Icon]</texture>
				<visible>ListItem.IsParentFolder</visible>
			</control>
			<control type="image">
				<left>12</left>
				<top>758</top>
				<width>315</width>
				<height>315</height>
				<texture>thumb-shadow.png</texture>
				<visible>!ListItem.IsParentFolder</visible>
			</control>
			<control type="image">
				<left>12</left>
				<top>758</top>
				<width>315</width>
				<height>315</height>
				<aspectratio scalediffuse="false">scale</aspectratio>
				<texture diffuse="thumb-diffuse.png" background="true" fallback="DefaultAddon.png">$INFO[Listitem.Icon]</texture>
				<bordersize>6</bordersize>
				<fadetime>IconCrossfadeTime</fadetime>
				<visible>!ListItem.IsParentFolder</visible>
			</control>
		</control>
		<control type="group">
			<visible>Control.IsVisible(50) + Container.Content(LiveTV)</visible>
			<include>Window_OpenClose_Visible_FanartInfo_Animation</include>
			<control type="image">
				<left>0</left>
				<top>825</top>
				<width>1312</width>
				<height>237</height>
				<texture border="10">underlay.png</texture>
			</control>
			<control type="label">
				<left>338</left>
				<top>858</top>
				<width>954</width>
				<height>45</height>
				<font>font-30</font>
				<textcolor>blue</textcolor>
				<shadowcolor>black</shadowcolor>
				<align>center</align>
				<aligny>center</aligny>
				<label>$INFO[ListItem.Label2]</label>
				<visible>!ListItem.IsParentFolder</visible>
			</control>
			<control type="textbox">
				<description>textarea</description>
				<left>370</left>
				<top>903</top>
				<width>900</width>
				<height>124</height>
				<label>$INFO[ListItem.Plot]</label>
				<font>font-19</font>
				<align>justify</align>
				<textcolor>white</textcolor>
				<shadowcolor>black</shadowcolor>
				<autoscroll time="3000" delay="16000" repeat="5000">Skin.HasSetting(AutoScroll)</autoscroll>
			</control>
		</control>
		<control type="group">
			<visible>Control.IsVisible(50) + Container.Content(LiveTV)</visible>
			<include>Window_OpenClose_Visible_FanartIcon_Animation</include>
			<control type="image">
				<left>12</left>
				<top>758</top>
				<width>315</width>
				<height>315</height>
				<texture>thumb-shadow.png</texture>
				<visible>!ListItem.IsParentFolder</visible>
			</control>
			<control type="image">
				<left>12</left>
				<top>758</top>
				<width>315</width>
				<height>315</height>
				<aspectratio scalediffuse="false">scale</aspectratio>
				<texture diffuse="thumb-diffuse.png" background="true">$INFO[Listitem.Icon]</texture>
				<bordersize>6</bordersize>
				<fadetime>IconCrossfadeTime</fadetime>
				<visible>!ListItem.IsParentFolder</visible>
			</control>
		</control>
	</include>
	<include name="Fanart-Music">
		<control type="list" id="50">
			<left>300</left>
			<top>213</top>
			<width>532</width>
			<include condition="!Skin.HasSetting(FanartShort) + !Skin.HasSetting(FanartLong)">FanartNormal</include>
			<include condition="Skin.HasSetting(FanartShort)">FanartShort</include>
			<include condition="Skin.HasSetting(FanartLong)">FanartLong</include>
			<onleft>9000</onleft>
			<onright>60</onright>
			<onup>50</onup>
			<ondown>50</ondown>
			<viewtype label="31030">list</viewtype>
			<pagecontrol>60</pagecontrol>
			<scrolltime>200</scrolltime>
			<preloaditems>2</preloaditems>
			<itemlayout width="532" height="44">
				<control type="image">
					<left>0</left>
					<top>0</top>
					<width>532</width>
					<height>45</height>
					<texture border="7">list-nofocus.png</texture>
					<include>VisibleFadeEffect</include>
				</control>
				<control type="label">
					<left>15</left>
					<top>0</top>
					<width>502</width>
					<height>45</height>
					<font>font-20</font>
					<textcolor>white</textcolor>
					<selectedcolor>blue</selectedcolor>
					<align>left</align>
					<aligny>center</aligny>
					<label>$INFO[ListItem.Label]</label>
				</control>
			</itemlayout>
			<focusedlayout width="532" height="44">
				<control type="image">
					<left>0</left>
					<top>0</top>
					<width>532</width>
					<height>45</height>
					<texture border="7">list-nofocus.png</texture>
					<include>VisibleFadeEffect</include>
				</control>
				<control type="image">
					<left>0</left>
					<top>0</top>
					<width>532</width>
					<height>45</height>
					<texture border="7">list-focus2.png</texture>
					<visible>Control.HasFocus(50)</visible>
					<include>VisibleFadeEffect</include>
					<include>ListFocusScroll</include>
				</control>
				<control type="label">
					<left>15</left>
					<top>0</top>
					<width>502</width>
					<height>45</height>
					<font>font-20</font>
					<textcolor>white</textcolor>
					<selectedcolor>blue</selectedcolor>
					<align>left</align>
					<aligny>center</aligny>
					<label>$INFO[ListItem.Label]</label>
				</control>
			</focusedlayout>
		</control>
	</include>
	<include name="Fanart-Music_Root_Extras">
		<control type="group">
			<visible>Control.IsVisible(50) + ![Container.Content(Artists) | Container.Content(Albums) | Container.Content(Songs) | Container.Content(MusicVideos) | Container.Content(AddOns)]</visible>
			<include>Window_OpenClose_Visible_FanartInfo_Animation</include>
			<control type="image">
				<left>0</left>
				<top>840</top>
				<width>1312</width>
				<height>222</height>
				<texture border="10">underlay.png</texture>
			</control>
			<control type="label">
				<left>386</left>
				<top>921</top>
				<width>825</width>
				<height>45</height>
				<font>font-30</font>
				<textcolor>blue</textcolor>
				<shadowcolor>black</shadowcolor>
				<align>left</align>
				<aligny>center</aligny>
				<label>$INFO[ListItem.label]</label>
				<visible>!ListItem.IsParentFolder</visible>
			</control>
		</control>
		<control type="group">
			<visible>Control.IsVisible(50) + ![Container.Content(Artists) | Container.Content(Albums) | Container.Content(Songs) | Container.Content(MusicVideos) | Container.Content(AddOns)]</visible>
			<include>Window_OpenClose_Visible_FanartIcon_Animation</include>
			<control type="image">
				<left>15</left>
				<top>720</top>
				<width>321</width>
				<height>321</height>
				<aspectratio aligny="bottom">keep</aspectratio>
				<fadetime>IconCrossfadeTime</fadetime>
				<texture diffuse="thumb-diffuse.png" background="true">$INFO[Listitem.Icon]</texture>
				<visible>ListItem.IsParentFolder | ![!Skin.HasSetting(Enable_Foldericons_Music_Genre) + Container.Content(Genres) + String.IsEqual(Container.FolderPath,musicdb://genres/)]</visible>
			</control>
			<control type="image">
				<left>15</left>
				<top>678</top>
				<width>321</width>
				<height>398</height>
				<texture>thumb-shadow.png</texture>
				<visible>!ListItem.IsParentFolder + !Skin.HasSetting(Enable_Foldericons_Music_Genre) + Container.Content(Genres) + String.IsEqual(Container.FolderPath,musicdb://genres/)</visible>
			</control>
			<control type="image">
				<left>15</left>
				<top>678</top>
				<width>321</width>
				<height>398</height>
				<aspectratio scalediffuse="false">scale</aspectratio>
				<fadetime>IconCrossfadeTime</fadetime>
				<texture diffuse="thumb-diffuse.png" fallback="genre-music-icon.jpg">$VAR[MusicGenreIcon]</texture>
				<bordersize>6</bordersize>
				<visible>!ListItem.IsParentFolder + !Skin.HasSetting(Enable_Foldericons_Music_Genre) + Container.Content(Genres) + String.IsEqual(Container.FolderPath,musicdb://genres/)</visible>
			</control>
		</control>
	</include>
	<include name="Fanart-Artists_Extras">
		<control type="group">
			<visible>Control.IsVisible(50) + Container.Content(Artists)</visible>
			<include>Window_OpenClose_Visible_FanartInfo_Animation</include>
			<control type="image">
				<left>0</left>
				<top>840</top>
				<width>1312</width>
				<height>222</height>
				<texture border="10">underlay.png</texture>
			</control>
			<control type="label">
				<left>338</left>
				<top>858</top>
				<width>954</width>
				<height>45</height>
				<font>font-30</font>
				<textcolor>blue</textcolor>
				<shadowcolor>black</shadowcolor>
				<align>center</align>
				<aligny>center</aligny>
				<label>$INFO[ListItem.Label]</label>
				<visible>!ListItem.IsParentFolder</visible>
			</control>
			<control type="textbox">
				<description>Description Value for Artist</description>
				<left>338</left>
				<top>910</top>
				<width>954</width>
				<height>124</height>
				<font>font-19</font>
				<align>justify</align>
				<textcolor>white</textcolor>
				<label>$INFO[ListItem.Property(Artist_Description)]</label>
				<autoscroll time="2000" delay="10000" repeat="5000">Skin.HasSetting(AutoScroll)</autoscroll>
				<animation effect="fade" time="200">Visible</animation>
				<animation effect="fade" time="200">Hidden</animation>
				<visible>Control.IsVisible(50) + Container.Content(Artists)</visible>
			</control>
		</control>
		<control type="group">
			<visible>Control.IsVisible(50) + Container.Content(Artists)</visible>
			<include>Window_OpenClose_Visible_FanartIcon_Animation</include>
			<control type="image">
				<left>12</left>
				<top>758</top>
				<width>315</width>
				<height>315</height>
				<aspectratio>scale</aspectratio>
				<texture background="true">$INFO[Listitem.Icon]</texture>
				<bordersize>6</bordersize>
				<visible>ListItem.IsParentFolder</visible>
			</control>
			<control type="image">
				<left>12</left>
				<top>758</top>
				<width>315</width>
				<height>315</height>
				<texture>thumb-shadow.png</texture>
				<visible>!ListItem.IsParentFolder</visible>
			</control>
			<control type="image">
				<left>12</left>
				<top>758</top>
				<width>315</width>
				<height>315</height>
				<aspectratio scalediffuse="false">scale</aspectratio>
				<texture diffuse="thumb-diffuse.png" background="true">$INFO[Listitem.Icon]</texture>
				<bordersize>6</bordersize>
				<fadetime>IconCrossfadeTime</fadetime>
				<visible>!ListItem.IsParentFolder</visible>
			</control>
		</control>
	</include>
	<include name="Fanart-AlbumsSongs_Extras">
		<control type="group">
			<visible>Control.IsVisible(50) + [Container.Content(Albums) | Container.Content(Songs) | Window.IsVisible(MusicPlaylist)]</visible>
			<include>Window_OpenClose_Visible_FanartInfo_Animation</include>
			<control type="image">
				<left>0</left>
				<top>840</top>
				<width>1312</width>
				<height>222</height>
				<texture border="10">underlay.png</texture>
			</control>
			<include condition="!Skin.HasSetting(Enable_Music_Media_Flags)">MusicMediaFlags</include>
			<control type="label">
				<left>393</left>
				<top>866</top>
				<width>920</width>
				<height>45</height>
				<font>font-30</font>
				<textcolor>blue</textcolor>
				<shadowcolor>black</shadowcolor>
				<align>left</align>
				<aligny>center</aligny>
				<label>$INFO[Listitem.Artist]</label>
				<visible>Container.Content(Albums)</visible>
			</control>
			<control type="label">
				<left>393</left>
				<top>866</top>
				<width>765</width>
				<height>45</height>
				<font>font-30</font>
				<textcolor>blue</textcolor>
				<shadowcolor>black</shadowcolor>
				<align>left</align>
				<aligny>center</aligny>
				<label>$VAR[ViewFanartLabel6]</label>
			</control>
			<control type="label">
				<left>998</left>
				<top>866</top>
				<width>300</width>
				<height>45</height>
				<font>font-30</font>
				<textcolor>blue</textcolor>
				<shadowcolor>black</shadowcolor>
				<align>right</align>
				<aligny>center</aligny>
				<label>$INFO[ListItem.Duration]</label>
				<visible>Container.Content(Songs) + !ListItem.IsPlaying + ![Window.IsVisible(MusicPlaylist) + Player.HasAudio]</visible>
			</control>
			<control type="label">
				<description>time label</description>
				<left>1072</left>
				<top>866</top>
				<width>225</width>
				<height>45</height>
				<font>font-30</font>
				<textcolor>blue</textcolor>
				<shadowcolor>black</shadowcolor>
				<align>right</align>
				<aligny>center</aligny>
				<label>$INFO[MusicPlayer.Time]</label>
				<visible>ListItem.IsPlaying | Window.IsVisible(MusicPlaylist)</visible>
			</control>
			<control type="label">
				<left>393</left>
				<top>909</top>
				<width>920</width>
				<height>45</height>
				<font>font-25</font>
				<textcolor>lightblue</textcolor>
				<shadowcolor>black</shadowcolor>
				<align>left</align>
				<aligny>center</aligny>
				<label>$VAR[ViewFanartLabel10]</label>
			</control>
			<control type="label">
				<left>393</left>
				<top>948</top>
				<width>920</width>
				<height>45</height>
				<font>font-30</font>
				<textcolor>white</textcolor>
				<shadowcolor>black</shadowcolor>
				<align>left</align>
				<aligny>center</aligny>
				<label>$VAR[ViewFanartLabel7]</label>
			</control>
			<control type="label">
				<left>393</left>
				<top>1000</top>
				<width>195</width>
				<height>45</height>
				<font>font-20</font>
				<textcolor>white</textcolor>
				<shadowcolor>black</shadowcolor>
				<align>left</align>
				<aligny>center</aligny>
				<label>$VAR[ViewFanartLabel9]</label>
			</control>
			<control type="label">
				<left>585</left>
				<top>1000</top>
				<width>720</width>
				<height>45</height>
				<font>font-20</font>
				<textcolor>white</textcolor>
				<shadowcolor>black</shadowcolor>
				<align>left</align>
				<aligny>center</aligny>
				<label>$VAR[ViewFanartLabel8]</label>
				<visible>!ListItem.IsPlaying + ![Window.IsVisible(MusicPlaylist) + Player.HasAudio]</visible>
			</control>
			<control type="progress">
				<description>Progressbar</description>
				<left>585</left>
				<top>1011</top>
				<width>570</width>
				<height>30</height>
				<info>Player.Progress</info>
				<visible>ListItem.IsPlaying | [Window.IsVisible(MusicPlaylist) + Player.HasAudio]</visible>
			</control>
			<control type="slider" id="888">
				<description>Slider</description>
				<left>585</left>
				<top>1011</top>
				<width>570</width>
				<height>30</height>
				<action>seek</action>
				<visible>ListItem.IsPlaying | [Window.IsVisible(MusicPlaylist) + Player.HasAudio]</visible>
			</control>
		</control>
		<control type="group">
			<visible>Control.IsVisible(50) + Container.Content(MusicVideos)</visible>
			<include>Window_OpenClose_Visible_FanartInfo_Animation</include>
			<control type="image">
				<left>0</left>
				<top>783</top>
				<width>1312</width>
				<height>279</height>
				<texture border="10">underlay.png</texture>
				<visible>Container.Content(MusicVideos)</visible>
			</control>
			<control type="label">
				<left>476</left>
				<top>802</top>
				<width>810</width>
				<height>45</height>
				<font>font-30</font>
				<textcolor>blue</textcolor>
				<shadowcolor>black</shadowcolor>
				<align>left</align>
				<aligny>center</aligny>
				<label>$INFO[ListItem.Title]</label>
				<visible>Container.Content(MusicVideos)</visible>
			</control>
			<control type="label">
				<left>476</left>
				<top>844</top>
				<width>810</width>
				<height>45</height>
				<font>font-30</font>
				<textcolor>white</textcolor>
				<shadowcolor>black</shadowcolor>
				<align>left</align>
				<aligny>center</aligny>
				<label>$INFO[ListItem.Artist]</label>
				<visible>Container.Content(MusicVideos)</visible>
			</control>
			<control type="label">
				<left>476</left>
				<top>892</top>
				<width>810</width>
				<height>30</height>
				<font>font-20</font>
				<textcolor>white</textcolor>
				<shadowcolor>black</shadowcolor>
				<align>left</align>
				<aligny>center</aligny>
				<label>$INFO[ListItem.album,[UPPERCASE][B][COLOR=lightblue]$LOCALIZE[558]: [/UPPERCASE][/B][/COLOR]]</label>
				<visible>Container.Content(MusicVideos)</visible>
			</control>
			<control type="label">
				<left>476</left>
				<top>922</top>
				<width>810</width>
				<height>30</height>
				<font>font-20</font>
				<textcolor>white</textcolor>
				<shadowcolor>black</shadowcolor>
				<align>left</align>
				<aligny>center</aligny>
				<label>$INFO[ListItem.studio,[UPPERCASE][B][COLOR=lightblue]$LOCALIZE[572]: [/UPPERCASE][/B][/COLOR]]</label>
				<visible>Container.Content(MusicVideos)</visible>
			</control>
			<control type="label">
				<left>476</left>
				<top>952</top>
				<width>810</width>
				<height>30</height>
				<font>font-20</font>
				<textcolor>white</textcolor>
				<shadowcolor>black</shadowcolor>
				<align>left</align>
				<aligny>center</aligny>
				<label>$INFO[ListItem.year,[UPPERCASE][B][COLOR=lightblue]$LOCALIZE[562]: [/UPPERCASE][/B][/COLOR]]</label>
				<visible>Container.Content(MusicVideos)</visible>
			</control>
		</control>
		<control type="group">
			<visible>Control.IsVisible(50) + [Container.Content(Albums) | Container.Content(Songs) | Container.Content(MusicVideos) | Window.IsVisible(MusicPlaylist)]</visible>
			<include>Window_OpenClose_Visible_FanartIcon_Animation</include>
			<control type="image">
				<left>51</left>
				<top>748</top>
				<width>312</width>
				<height>312</height>
				<aspectratio>scale</aspectratio>
				<texture background="true">$INFO[Listitem.Icon]</texture>
				<visible>ListItem.IsParentFolder</visible>
			</control>
			<control type="image">
				<left>51</left>
				<top>748</top>
				<width>312</width>
				<height>312</height>
				<texture background="true">$INFO[ListItem.Icon]</texture>
				<fadetime>IconCrossfadeTime</fadetime>
				<visible>!ListItem.IsParentFolder + !Container.Content(MusicVideos)</visible>
			</control>
			<control type="image">
				<left>12</left>
				<top>738</top>
				<width>368</width>
				<height>338</height>
				<texture>cdcase-shadow.png</texture>
				<description>music fanart view</description>
				<visible>!ListItem.IsParentFolder + !Container.Content(MusicVideos) + !Skin.HasSetting(HideMusicCase)</visible>
			</control>
			<control type="image">
				<left>18</left>
				<top>744</top>
				<width>354</width>
				<height>321</height>
				<texture>cdcase.png</texture>
				<description>music fanart view</description>
				<visible>!ListItem.IsParentFolder + !Container.Content(MusicVideos) + !Skin.HasSetting(HideMusicCase)</visible>
			</control>
			<control type="image">
				<left>15</left>
				<top>796</top>
				<width>447</width>
				<height>252</height>
				<aspectratio scalediffuse="true" aligny="center">keep</aspectratio>
				<texture diffuse="video-diffuse.png" background="true">$INFO[Listitem.Icon]</texture>
				<bordertexture border="9">video-shadow.png</bordertexture>
				<bordersize>8</bordersize>
				<fadetime>IconCrossfadeTime</fadetime>
				<visible>!ListItem.IsParentFolder + Container.Content(MusicVideos)</visible>
			</control>
		</control>
		<control type="group">
			<visible>Control.IsVisible(50) + Container.Content(AddOns)</visible>
			<include>Window_OpenClose_Visible_FanartInfo_Animation</include>
			<control type="image">
				<left>0</left>
				<top>840</top>
				<width>1312</width>
				<height>222</height>
				<texture border="10">underlay.png</texture>
			</control>
			<control type="label">
				<left>338</left>
				<top>858</top>
				<width>954</width>
				<height>45</height>
				<font>font-30</font>
				<textcolor>blue</textcolor>
				<shadowcolor>black</shadowcolor>
				<align>center</align>
				<aligny>center</aligny>
				<label>$INFO[ListItem.Label]</label>
				<visible>!ListItem.IsParentFolder</visible>
			</control>
			<control type="textbox">
				<description>textarea</description>
				<left>338</left>
				<top>910</top>
				<width>954</width>
				<height>124</height>
				<label>$INFO[ListItem.AddonDescription]</label>
				<font>font-19</font>
				<align>justify</align>
				<textcolor>white</textcolor>
				<shadowcolor>black</shadowcolor>
				<autoscroll time="3000" delay="16000" repeat="5000">Skin.HasSetting(AutoScroll)</autoscroll>
			</control>
		</control>
		<control type="group">
			<visible>Control.IsVisible(50) + Container.Content(AddOns)</visible>
			<include>Window_OpenClose_Visible_FanartIcon_Animation</include>
			<control type="image">
				<left>12</left>
				<top>758</top>
				<width>315</width>
				<height>315</height>
				<texture background="true">$INFO[ListItem.Icon]</texture>
				<visible>ListItem.IsParentFolder</visible>
			</control>
			<control type="image">
				<left>12</left>
				<top>758</top>
				<width>315</width>
				<height>315</height>
				<texture>thumb-shadow.png</texture>
				<visible>!ListItem.IsParentFolder</visible>
			</control>
			<control type="image">
				<left>12</left>
				<top>758</top>
				<width>315</width>
				<height>315</height>
				<aspectratio scalediffuse="false">scale</aspectratio>
				<texture diffuse="thumb-diffuse.png" background="true" fallback="DefaultAddon.png">$INFO[Listitem.Icon]</texture>
				<bordersize>6</bordersize>
				<fadetime>IconCrossfadeTime</fadetime>
				<visible>!ListItem.IsParentFolder</visible>
			</control>
		</control>
	</include>
	<include name="Fanart-ProgramsPicturesAddons">
		<control type="list" id="50">
			<visible>Window.IsVisible(Programs) | Window.IsVisible(Pictures) | Window.IsVisible(AddonBrowser) | Window.IsVisible(Games)</visible>
			<left>300</left>
			<top>213</top>
			<width>532</width>
			<include condition="!Skin.HasSetting(FanartShort) + !Skin.HasSetting(FanartLong)">FanartNormal</include>
			<include condition="Skin.HasSetting(FanartShort)">FanartShort</include>
			<include condition="Skin.HasSetting(FanartLong)">FanartLong</include>
			<onleft condition="Window.IsVisible(Pictures)">7009</onleft>
			<onleft condition="Window.IsVisible(Programs) | Window.IsVisible(AddonBrowser)">9000</onleft>
			<onright>60</onright>
			<onup>50</onup>
			<ondown>50</ondown>
			<viewtype label="31030">list</viewtype>
			<pagecontrol>60</pagecontrol>
			<scrolltime>200</scrolltime>
			<preloaditems>2</preloaditems>
			<itemlayout width="532" height="44">
				<control type="image">
					<left>0</left>
					<top>0</top>
					<width>532</width>
					<height>45</height>
					<texture border="7">list-nofocus.png</texture>
					<include>VisibleFadeEffect</include>
				</control>
				<control type="label">
					<left>15</left>
					<top>0</top>
					<width>458</width>
					<height>45</height>
					<font>font-20</font>
					<textcolor>white</textcolor>
					<selectedcolor>blue</selectedcolor>
					<align>left</align>
					<aligny>center</aligny>
					<label>$INFO[ListItem.Label]</label>
				</control>
				<control type="image">
					<left>488</left>
					<top>0</top>
					<width>45</width>
					<height>45</height>
					<aspectratio>keep</aspectratio>
					<texture>$INFO[ListItem.Overlay]</texture>
				</control>
			</itemlayout>
			<focusedlayout width="532" height="44">
				<control type="image">
					<left>0</left>
					<top>0</top>
					<width>532</width>
					<height>45</height>
					<texture border="7">list-nofocus.png</texture>
					<include>VisibleFadeEffect</include>
				</control>
				<control type="image">
					<left>0</left>
					<top>0</top>
					<width>532</width>
					<height>45</height>
					<texture border="7">list-focus2.png</texture>
					<visible>Control.HasFocus(50)</visible>
					<include>VisibleFadeEffect</include>
					<include>ListFocusScroll</include>
				</control>
				<control type="label">
					<left>15</left>
					<top>0</top>
					<width>458</width>
					<height>45</height>
					<font>font-20</font>
					<textcolor>white</textcolor>
					<selectedcolor>blue</selectedcolor>
					<align>left</align>
					<aligny>center</aligny>
					<label>$INFO[ListItem.Label]</label>
				</control>
				<control type="image">
					<left>488</left>
					<top>0</top>
					<width>45</width>
					<height>45</height>
					<aspectratio>keep</aspectratio>
					<texture>$INFO[ListItem.Overlay]</texture>
				</control>
			</focusedlayout>
		</control>
	</include>
	<include name="Fanart-Programs-Extras">
		<control type="group">
			<visible>Control.IsVisible(50)</visible>
			<include>Window_OpenClose_Visible_FanartInfo_Animation</include>
			<control type="image">
				<left>0</left>
				<top>840</top>
				<width>1312</width>
				<height>210</height>
				<texture border="10">underlay.png</texture>
			</control>
			<control type="label">
				<left>338</left>
				<top>858</top>
				<width>954</width>
				<height>45</height>
				<font>font-30</font>
				<textcolor>blue</textcolor>
				<shadowcolor>black</shadowcolor>
				<align>center</align>
				<aligny>center</aligny>
				<label>$INFO[ListItem.Label]</label>
				<visible>!ListItem.IsParentFolder</visible>
			</control>
			<control type="textbox">
				<description>textarea</description>
				<left>368</left>
				<top>909</top>
				<width>900</width>
				<height>124</height>
				<label>$INFO[ListItem.AddonDescription]</label>
				<font>font-19</font>
				<align>justify</align>
				<textcolor>white</textcolor>
				<shadowcolor>black</shadowcolor>
				<autoscroll time="3000" delay="16000" repeat="5000">Skin.HasSetting(AutoScroll)</autoscroll>
			</control>
			<control type="textbox">
				<description>plot description used by addons</description>
				<left>368</left>
				<top>909</top>
				<width>900</width>
				<height>124</height>
				<label>$INFO[ListItem.Plot]</label>
				<font>font-19</font>
				<align>justify</align>
				<textcolor>white</textcolor>
				<shadowcolor>black</shadowcolor>
				<autoscroll time="3000" delay="16000" repeat="5000">Skin.HasSetting(AutoScroll)</autoscroll>
				<visible>String.IsEmpty(ListItem.AddonDescription) + !String.IsEmpty(ListItem.Plot)</visible>
			</control>
		</control>
		<control type="group">
			<visible>Control.IsVisible(50)</visible>
			<include>Window_OpenClose_Visible_FanartIcon_Animation</include>
			<control type="image">
				<left>12</left>
				<top>747</top>
				<width>330</width>
				<height>330</height>
				<texture background="true">$INFO[ListItem.Icon]</texture>
				<fadetime>IconCrossfadeTime</fadetime>
				<visible>ListItem.IsParentFolder</visible>
			</control>
			<control type="image">
				<left>12</left>
				<top>747</top>
				<width>330</width>
				<height>330</height>
				<aspectratio scalediffuse="true">keep</aspectratio>
				<texture diffuse="thumb-diffuse.png" background="true">$INFO[Listitem.Icon]</texture>
				<align>center</align>
				<aligny>center</aligny>
				<bordertexture border="7">thumb-shadow.png</bordertexture>
				<bordersize>9</bordersize>
				<fadetime>IconCrossfadeTime</fadetime>
				<visible>!ListItem.IsParentFolder + !Container.Content(Addons)</visible>
			</control>
			<control type="image">
				<left>12</left>
				<top>747</top>
				<width>330</width>
				<height>330</height>
				<aspectratio scalediffuse="true">keep</aspectratio>
				<texture diffuse="thumb-diffuse.png" background="true" fallback="DefaultAddon.png">$INFO[Listitem.Icon]</texture>
				<align>center</align>
				<aligny>center</aligny>
				<bordertexture border="7">thumb-shadow.png</bordertexture>
				<bordersize>9</bordersize>
				<fadetime>IconCrossfadeTime</fadetime>
				<visible>!ListItem.IsParentFolder + Container.Content(Addons)</visible>
			</control>
		</control>
	</include>
	<include name="Fanart-Pictures-Extras">
		<control type="group">
			<visible>Control.IsVisible(50) + !Container.Content(AddOns)</visible>
			<include>Window_OpenClose_Visible_FanartInfo_Animation</include>
			<control type="image">
				<left>0</left>
				<top>878</top>
				<width>1312</width>
				<height>172</height>
				<texture border="10">underlay.png</texture>
			</control>
			<control type="label">
				<left>370</left>
				<top>896</top>
				<width>825</width>
				<height>45</height>
				<font>font-30</font>
				<textcolor>blue</textcolor>
				<shadowcolor>black</shadowcolor>
				<align>left</align>
				<aligny>center</aligny>
				<label>[B]$INFO[ListItem.label][/B]</label>
				<visible>!ListItem.IsParentFolder</visible>
			</control>
			<control type="label">
				<left>370</left>
				<top>933</top>
				<width>825</width>
				<height>45</height>
				<font>font-20</font>
				<textcolor>white</textcolor>
				<shadowcolor>black</shadowcolor>
				<align>left</align>
				<aligny>center</aligny>
				<label>$INFO[ListItem.PictureResolution,[UPPERCASE][COLOR=lightblue]$LOCALIZE[21805]: [/COLOR][/UPPERCASE]]</label>
			</control>
			<control type="label">
				<left>370</left>
				<top>963</top>
				<width>825</width>
				<height>45</height>
				<font>font-20</font>
				<textcolor>white</textcolor>
				<shadowcolor>black</shadowcolor>
				<align>left</align>
				<aligny>center</aligny>
				<label>$INFO[ListItem.PictureDateTime,[UPPERCASE][COLOR=lightblue]$LOCALIZE[21820]: [/COLOR][/UPPERCASE]]</label>
			</control>
			<control type="label">
				<left>370</left>
				<top>993</top>
				<width>825</width>
				<height>45</height>
				<font>font-20</font>
				<textcolor>white</textcolor>
				<shadowcolor>black</shadowcolor>
				<align>left</align>
				<aligny>center</aligny>
				<label>$INFO[ListItem.Label2,[UPPERCASE][COLOR=lightblue]$LOCALIZE[21802]: [/COLOR][/UPPERCASE]]</label>
			</control>
			<control type="button" id="7009">
				<left>1245</left>
				<top>891</top>
				<width>60</width>
				<height>60</height>
				<texturefocus>fullscreen-focus.png</texturefocus>
				<texturenofocus>fullscreen-nofocus.png</texturenofocus>
				<onclick>Skin.ToggleSetting(Picture_Fullscreen)</onclick>
				<onup>7009</onup>
				<ondown>7009</ondown>
				<onleft>9000</onleft>
				<onright>50</onright>
				<visible>!String.IsEmpty(ListItem.FileName) + !String.IsEmpty(Container.FolderPath)</visible>
			</control>
		</control>
		<control type="group">
			<visible>Control.IsVisible(50) + !Container.Content(AddOns)</visible>
			<include>Window_OpenClose_Visible_FanartIcon_Animation</include>
			<control type="image" id="7010">
				<left>75</left>
				<top>765</top>
				<width>234</width>
				<height>315</height>
				<texture>$VAR[DialogPictureInfoImage]</texture>
				<visible>!String.IsEmpty(Container.FolderName)</visible>
			</control>
			<control type="image">
				<left>24</left>
				<top>736</top>
				<width>327</width>
				<height>327</height>
				<texture background="true">$INFO[ListItem.Icon]</texture>
				<fadetime>IconCrossfadeTime</fadetime>
				<visible>ListItem.IsParentFolder | !Control.IsVisible(7010)</visible>
			</control>
		</control>
		<control type="group">
			<visible>Control.IsVisible(50) + Container.Content(AddOns)</visible>
			<include>Window_OpenClose_Visible_FanartInfo_Animation</include>
			<control type="image">
				<left>0</left>
				<top>878</top>
				<width>1312</width>
				<height>172</height>
				<texture border="10">underlay.png</texture>
			</control>
			<control type="label">
				<left>370</left>
				<top>896</top>
				<width>825</width>
				<height>45</height>
				<font>font-30</font>
				<textcolor>blue</textcolor>
				<shadowcolor>black</shadowcolor>
				<align>left</align>
				<aligny>center</aligny>
				<label>[B]$INFO[ListItem.label][/B]</label>
				<visible>!ListItem.IsParentFolder</visible>
			</control>
			<control type="label">
				<left>370</left>
				<top>954</top>
				<width>825</width>
				<height>60</height>
				<font>font-20</font>
				<textcolor>white</textcolor>
				<shadowcolor>black</shadowcolor>
				<align>left</align>
				<aligny>center</aligny>
				<label>$INFO[ListItem.AddonSummary]</label>
				<wrapmultiline>true</wrapmultiline>
				<visible>!ListItem.IsParentFolder</visible>
			</control>
		</control>
		<control type="group">
			<visible>Control.IsVisible(50) + Container.Content(AddOns)</visible>
			<include>Window_OpenClose_Visible_FanartIcon_Animation</include>
			<control type="image">
				<left>12</left>
				<top>758</top>
				<width>315</width>
				<height>315</height>
				<texture background="true">$INFO[ListItem.Icon]</texture>
				<visible>ListItem.IsParentFolder</visible>
			</control>
			<control type="image">
				<left>12</left>
				<top>758</top>
				<width>315</width>
				<height>315</height>
				<texture>thumb-shadow.png</texture>
				<visible>!ListItem.IsParentFolder</visible>
			</control>
			<control type="image">
				<left>12</left>
				<top>758</top>
				<width>315</width>
				<height>315</height>
				<aspectratio scalediffuse="false">scale</aspectratio>
				<texture diffuse="thumb-diffuse.png" background="true" fallback="DefaultAddon.png">$INFO[Listitem.Icon]</texture>
				<bordersize>6</bordersize>
				<fadetime>IconCrossfadeTime</fadetime>
				<visible>!ListItem.IsParentFolder</visible>
			</control>
		</control>
	</include>
	<include name="Fanart-Addons-Extras">
		<control type="group">
			<visible>Control.IsVisible(50)</visible>
			<include>Window_OpenClose_Visible_FanartInfo_Animation</include>
			<control type="image">
				<left>0</left>
				<top>840</top>
				<width>1312</width>
				<height>210</height>
				<texture border="10">underlay.png</texture>
			</control>
			<control type="label">
				<left>338</left>
				<top>858</top>
				<width>954</width>
				<height>45</height>
				<font>font-30</font>
				<textcolor>blue</textcolor>
				<shadowcolor>black</shadowcolor>
				<align>center</align>
				<aligny>center</aligny>
				<label>$INFO[ListItem.Label]</label>
				<visible>!ListItem.IsParentFolder</visible>
			</control>
			<control type="textbox">
				<description>textarea</description>
				<left>368</left>
				<top>909</top>
				<width>900</width>
				<height>124</height>
				<label>$INFO[ListItem.AddonDescription]</label>
				<font>font-19</font>
				<align>justify</align>
				<textcolor>white</textcolor>
				<shadowcolor>black</shadowcolor>
				<autoscroll time="3000" delay="16000" repeat="5000">Skin.HasSetting(AutoScroll)</autoscroll>
			</control>
			<control type="label">
				<description>textarea</description>
				<left>370</left>
				<top>903</top>
				<width>900</width>
				<height>124</height>
				<label>[B]$LOCALIZE[31061] $INFO[Window.Property(Updated)][/B]</label>
				<font>font-19</font>
				<align>center</align>
				<aligny>center</aligny>
				<textcolor>white</textcolor>
				<shadowcolor>black</shadowcolor>
				<visible>String.IsEqual(ListItem.Path,addons://)</visible>
			</control>
		</control>
		<control type="group">
			<visible>Control.IsVisible(50)</visible>
			<include>Window_OpenClose_Visible_FanartIcon_Animation</include>
			<control type="image">
				<left>12</left>
				<top>758</top>
				<width>315</width>
				<height>315</height>
				<texture background="true">$INFO[ListItem.Icon]</texture>
				<fadetime>IconCrossfadeTime</fadetime>
				<visible>ListItem.IsParentFolder</visible>
			</control>
			<control type="image">
				<left>12</left>
				<top>758</top>
				<width>315</width>
				<height>315</height>
				<texture>thumb-shadow.png</texture>
				<visible>!ListItem.IsParentFolder + !ListItem.IsFolder</visible>
			</control>
			<control type="image">
				<left>12</left>
				<top>758</top>
				<width>315</width>
				<height>315</height>
				<aspectratio scalediffuse="false">scale</aspectratio>
				<texture diffuse="thumb-diffuse.png" background="true" fallback="DefaultAddon.png">$INFO[Listitem.Icon]</texture>
				<bordersize>6</bordersize>
				<fadetime>IconCrossfadeTime</fadetime>
				<visible>!ListItem.IsParentFolder</visible>
			</control>
		</control>
	</include>
</includes>
