<?xml version="1.0" encoding="UTF-8" standalone="yes"?>
<addon id="plugin.video.aguillas.douradas.portal" name="[COLOR red]Aguillas Douradas [COLORorange]Portal TV[/COLOR]" version="2.6" provider-name="[COLOR orange]@by_black_eagle[/COLOR]">
    <requires>
        <import addon="xbmc.python" version="3.0.0"/>
        <import addon="script.module.requests"/>
    </requires>
    <extension point="xbmc.python.pluginsource" library="main.py">
        <provides>video</provides>
    </extension>
 <extension point="xbmc.addon.metadata">
<summary>Canais de Televisão, desportos e mais...</summary>
		<description lang="en">[COLOR red]Aguillas Douradas [COLORorange]Portal TV[/COLOR]é um addon da familia BlackEagle Team.TODOS OS LINKS ESTÃO DISPONIVEIS NA INTERNET![/COLOR]</description>
		<platform>all</platform>
		<assets>
       <icon>icon.png</icon>
       <fanart>fanart.jpg</fanart>
    </assets>
</extension>
</addon>